{
  "scores_sequence": [
    "S-No_class",
    "S-menu.cnt",
    "S-menu.discountprice",
    "S-menu.etc",
    "S-menu.itemsubtotal",
    "S-menu.nm",
    "S-menu.num",
    "S-menu.price",
    "S-menu.sub_cnt",
    "S-menu.sub_etc",
    "S-menu.sub_nm",
    "S-menu.sub_price",
    "S-menu.sub_unitprice",
    "S-menu.unitprice",
    "S-menu.vatyn",
    "S-sub_total.discount_price",
    "S-sub_total.etc",
    "S-sub_total.othersvc_price",
    "S-sub_total.service_price",
    "S-sub_total.subtotal_price",
    "S-sub_total.tax_price",
    "S-total.cashprice",
    "S-total.changeprice",
    "S-total.creditcardprice",
    "S-total.emoneyprice",
    "S-total.menuqty_cnt",
    "S-total.menutype_cnt",
    "S-total.total_etc",
    "S-total.total_price",
    "S-void_menu.nm",
    "S-void_menu.price"
  ],
  "predictions": [
    {
      "bounding_box": [
        113,
        469,
        188,
        31,
        "Popcorn Salt (S)"
      ],
      "classification_label": "S-menu.nm",
      "box_id": 0,
      "class_probability": 0.997484564781189,
      "scores": [
        9.755352948559448e-05,
        6.425936589948833e-05,
        4.275626997696236e-05,
        0.0001381217734888196,
        7.822322368156165e-05,
        0.997484564781189,
        0.00018097783322446048,
        8.764771337155253e-05,
        4.9662372475722805e-05,
        9.890586079563946e-05,
        0.00016980376676656306,
        4.4924185203853995e-05,
        4.2876195948338136e-05,
        7.165232818806544e-05,
        0.00010000218753702939,
        8.566252654418349e-05,
        7.176715007517487e-05,
        8.542374416720122e-05,
        5.3392159315990284e-05,
        6.190834392327815e-05,
        6.333193596219644e-05,
        0.0001330413797404617,
        5.025194332120009e-05,
        6.303132249740884e-05,
        6.757084338460118e-05,
        4.4488795538200065e-05,
        6.185670645209029e-05,
        6.184231460792944e-05,
        0.0001423418871127069,
        0.00013376501738093793,
        6.817645044066012e-05
      ],
      "PSL_classification_label": "S-menu.nm",
      "PSL_lineitem_number": 1
    },
    {
      "bounding_box": [
        69,
        473,
        12,
        22,
        "1"
      ],
      "classification_label": "S-menu.cnt",
      "box_id": 1,
      "class_probability": 0.998110294342041,
      "scores": [
        7.056639879010618e-05,
        0.998110294342041,
        6.206757825566456e-05,
        7.24630372133106e-05,
        4.16633665736299e-05,
        6.59357028780505e-05,
        5.303532088873908e-05,
        2.877922815969214e-05,
        0.0002617856953293085,
        4.777771755470894e-05,
        5.1712086133193225e-05,
        6.179984484333545e-05,
        6.431789370253682e-05,
        4.2728413973236457e-05,
        4.875025842920877e-05,
        4.168729356024414e-05,
        4.505971446633339e-05,
        3.748432209249586e-05,
        6.657844642177224e-05,
        5.549759589484893e-05,
        6.312019831966609e-05,
        8.406749839195982e-05,
        6.74445036565885e-05,
        5.92495925957337e-05,
        7.175945211201906e-05,
        8.133870869642124e-05,
        7.745437324047089e-05,
        3.506206485326402e-05,
        5.406350828707218e-05,
        3.28310088661965e-05,
        4.342136890045367e-05
      ],
      "PSL_classification_label": "S-menu.cnt",
      "PSL_lineitem_number": 1
    },
    {
      "bounding_box": [
        461,
        479,
        75,
        31,
        "20.000"
      ],
      "classification_label": "S-menu.price",
      "box_id": 2,
      "class_probability": 0.9981502294540405,
      "scores": [
        3.1588991987518966e-05,
        4.2522842704784125e-05,
        4.2711504647741094e-05,
        5.518530815606937e-05,
        4.321200685808435e-05,
        5.5316195357590914e-05,
        4.94106461701449e-05,
        0.9981502294540405,
        4.7295903641497716e-05,
        3.591565473470837e-05,
        5.389861325966194e-05,
        0.00012908414646517485,
        3.0001414415892214e-05,
        0.00024161167675629258,
        8.378759230254218e-05,
        3.6920671846019104e-05,
        3.8762409531045705e-05,
        4.0819628338795155e-05,
        4.11898763559293e-05,
        0.00011107073805760592,
        7.419850589940324e-05,
        8.847447315929458e-05,
        5.981734284432605e-05,
        3.066084173042327e-05,
        4.911321957479231e-05,
        3.0030583729967475e-05,
        3.087751611019485e-05,
        4.679092307924293e-05,
        0.00011001274833688512,
        5.6657259847270325e-05,
        6.28783818683587e-05
      ],
      "PSL_classification_label": "S-menu.price",
      "PSL_lineitem_number": 1
    },
    {
      "bounding_box": [
        461,
        541,
        80,
        44,
        "20.000"
      ],
      "classification_label": "S-total.total_price",
      "box_id": 3,
      "class_probability": 0.9957354068756104,
      "scores": [
        0.00011496683146106079,
        0.00014740256301593035,
        0.0001236813550349325,
        0.0001121224559028633,
        0.00016683222202118486,
        0.0001545679260743782,
        7.002699567237869e-05,
        0.00016180408420041203,
        5.954744483460672e-05,
        0.000131925567984581,
        8.997108670882881e-05,
        9.646166290622205e-05,
        7.525033288402483e-05,
        0.00019711950153578073,
        7.696537795709446e-05,
        0.00012097676517441869,
        0.0002440628013573587,
        9.006938489619642e-05,
        0.00011857352365041152,
        0.00036805422860197723,
        0.00013621151447296143,
        0.0003142573405057192,
        0.00014433954493142664,
        0.000177590103703551,
        0.000129107924294658,
        0.00021588581148535013,
        7.380351598840207e-05,
        0.00016807817155495286,
        0.9957354068756104,
        7.30060346540995e-05,
        0.00011203395115444437
      ],
      "PSL_classification_label": "S-total.total_price",
      "PSL_lineitem_number": ""
    },
    {
      "bounding_box": [
        465,
        615,
        78,
        28,
        "50.000"
      ],
      "classification_label": "S-total.cashprice",
      "box_id": 4,
      "class_probability": 0.9924196600914001,
      "scores": [
        0.00017093069618567824,
        0.00015221112698782235,
        0.00013677585229743272,
        0.00010963303793687373,
        0.0001420857006451115,
        0.00025963986990973353,
        0.0001293304085265845,
        0.0002181082672905177,
        0.00024473018129356205,
        0.00010033147555077448,
        0.0002027710434049368,
        0.00014132903015706688,
        0.00019830255769193172,
        0.0003020274452865124,
        0.0001425368245691061,
        7.871353591326624e-05,
        0.000120129159768112,
        0.0002776842738967389,
        0.00017193600069731474,
        0.00013297796249389648,
        0.00010615899373078719,
        0.9924196600914001,
        0.0006097811856307089,
        0.00020991916244383901,
        0.0002625023480504751,
        0.0001180491381091997,
        0.000266350747551769,
        0.0022021676413714886,
        7.632822962477803e-05,
        0.00016212557966355234,
        0.00013484308146871626
      ],
      "PSL_classification_label": "S-total.cashprice",
      "PSL_lineitem_number": ""
    },
    {
      "bounding_box": [
        465,
        645,
        78,
        28,
        "30.000"
      ],
      "classification_label": "S-total.changeprice",
      "box_id": 5,
      "class_probability": 0.9955944418907166,