{
  "scores_sequence": [
    "S-No_class",
    "S-menu.cnt",
    "S-menu.discountprice",
    "S-menu.etc",
    "S-menu.itemsubtotal",
    "S-menu.nm",
    "S-menu.num",
    "S-menu.price",
    "S-menu.sub_cnt",
    "S-menu.sub_etc",
    "S-menu.sub_nm",
    "S-menu.sub_price",
    "S-menu.sub_unitprice",
    "S-menu.unitprice",
    "S-menu.vatyn",
    "S-sub_total.discount_price",
    "S-sub_total.etc",
    "S-sub_total.othersvc_price",
    "S-sub_total.service_price",
    "S-sub_total.subtotal_price",
    "S-sub_total.tax_price",
    "S-total.cashprice",
    "S-total.changeprice",
    "S-total.creditcardprice",
    "S-total.emoneyprice",
    "S-total.menuqty_cnt",
    "S-total.menutype_cnt",
    "S-total.total_etc",
    "S-total.total_price",
    "S-void_menu.nm",
    "S-void_menu.price"
  ],
  "predictions": [
    {
      "bounding_box": [
        148,
        817,
        413,
        56,
        "Bubur Polos + Telur"
      ],
      "classification_label": "S-menu.nm",
      "box_id": 0,
      "class_probability": 0.997378945350647,
      "scores": [
        9.401523129781708e-05,
        6.035451588104479e-05,
        4.5587748900288716e-05,
        0.0001774699630914256,
        7.606205326737836e-05,
        0.997378945350647,
        0.00018417526734992862,
        7.13077315595001e-05,
        5.0807171646738425e-05,
        9.876560943666846e-05,
        0.0002715035225264728,
        4.655458906199783e-05,
        3.7227055145194754e-05,
        5.292600326356478e-05,
        0.00011412616004236042,
        8.483805868308991e-05,
        6.999016477493569e-05,
        9.073281398741528e-05,
        5.417903958004899e-05,
        5.516549208550714e-05,
        7.17743969289586e-05,
        0.00012107606744393706,
        5.794226672151126e-05,
        5.682638584403321e-05,
        6.512288382509723e-05,
        4.807303776033223e-05,
        6.507824582513422e-05,
        6.950002716621384e-05,
        0.000120578843052499,
        0.00011935570364585146,
        8.995703683467582e-05
      ],
      "PSL_classification_label": "S-menu.nm",
      "PSL_lineitem_number": 1
    },
    {
      "bounding_box": [
        152,
        871,
        24,
        48,
        "1"
      ],
      "classification_label": "S-menu.cnt",
      "box_id": 1,
      "class_probability": 0.9981400966644287,
      "scores": [
        6.446326005971059e-05,
        0.9981400966644287,
        4.8915648221736774e-05,
        6.464961916208267e-05,
        4.457712930161506e-05,
        4.498591442825273e-05,
        5.502394196810201e-05,
        2.6739735403680243e-05,
        0.0003730340686161071,
        5.2656952902907506e-05,
        3.690171433845535e-05,
        5.044044155511074e-05,
        6.268010474741459e-05,
        4.1433722799411044e-05,
        4.842688940698281e-05,
        3.383792864042334e-05,
        4.298960993764922e-05,
        3.822491999017075e-05,
        6.566557567566633e-05,
        5.2860526920994744e-05,
        6.53583774692379e-05,
        6.220750947250053e-05,
        6.307984585873783e-05,
        6.314580969046801e-05,
        5.735198283218779e-05,
        5.419314402388409e-05,
        8.819186768960208e-05,
        3.215151809854433e-05,
        4.459813499124721e-05,
        3.2825446396600455e-05,
        4.819059176952578e-05
      ],
      "PSL_classification_label": "S-menu.cnt",
      "PSL_lineitem_number": 1
    },
    {
      "bounding_box": [
        408,
        871,
        129,
        53,
        "13.000"
      ],
      "classification_label": "S-menu.unitprice",
      "box_id": 2,
      "class_probability": 0.9958533048629761,
      "scores": [
        6.644950190093368e-05,
        0.00012823888391721994,
        9.102383046410978e-05,
        8.282007183879614e-05,
        0.00014550771447829902,
        6.569457036675885e-05,
        9.003435843624175e-05,
        0.0003419883141759783,
        6.439732533181086e-05,
        9.833532385528088e-05,
        0.00012500306183937937,
        0.00010791312524816021,
        0.0008827681303955615,
        0.9958533048629761,
        5.608110222965479e-05,
        5.0773109251167625e-05,
        0.00016014017455745488,
        9.589647379470989e-05,
        0.00011853543401230127,
        8.327094838023186e-05,
        0.0001397560117766261,
        0.00015998476010281593,
        0.0001372015685774386,
        0.00010389628732809797,
        8.517691458109766e-05,
        0.00010672966891434044,
        9.834517550189048e-05,
        0.00012598156172316521,
        0.00012089950178051367,
        9.635465539759025e-05,
        0.00011750838166335598
      ],
      "PSL_classification_label": "S-menu.unitprice",
      "PSL_lineitem_number": 1
    },
    {
      "bounding_box": [
        702,
        880,
        135,
        46,
        "13.000"
      ],
      "classification_label": "S-menu.price",
      "box_id": 3,
      "class_probability": 0.9981322884559631,
      "scores": [
        3.0120076189632528e-05,
        3.712706165970303e-05,
        4.642630665330216e-05,
        4.31628359365277e-05,
        4.7144647396635264e-05,
        5.3304531320463866e-05,
        5.454499114421196e-05,
        0.9981322884559631,
        4.318774881539866e-05,
        3.991567064076662e-05,
        5.37417690793518e-05,
        0.00016411578690167516,
        2.6327728846808895e-05,
        7.25180798326619e-05,
        8.566723408875987e-05,
        4.603520210366696e-05,
        3.616405592765659e-05,
        4.6448720240732655e-05,
        5.3499636123888195e-05,
        0.00020335346926003695,
        8.594530663685873e-05,
        8.716438605915755e-05,
        6.825950549682602e-05,
        3.3578726288396865e-05,
        5.159509601071477e-05,
        3.386281241546385e-05,
        3.267907231929712e-05,
        5.306507591740228e-05,
        0.00011583759624045342,
        6.295350613072515e-05,
        6.002965528750792e-05
      ],
      "PSL_classification_label": "S-menu.price",
      "PSL_lineitem_number": 1
    },
    {
      "bounding_box": [
        704,
        984,
        133,
        51,
        "13.000"
      ],
      "classification_label": "S-total.total_price",
      "box_id": 4,
      "class_probability": 0.9440404772758484,
      "scores": [
        0.00025491302949376404,
        0.0003969609388150275,
        0.00030962569871917367,
        0.0002530272176954895,
        0.00043091384577564895,
        0.00042892247438430786,
        0.0001840341865317896,
        0.0006358204991556704,
        0.00011591791553655639,
        0.00032134843058884144,
        0.00033572924439795315,
        0.00022458418970927596,
        0.0001742055028444156,
        0.00038445997051894665,
        0.0003044314798898995,
        0.0005184966139495373,
        0.0004961517406627536,
        0.0002190382219851017,
        0.00024706736439839005,
        0.04614923894405365,
        0.00038095327909104526,
        0.0008345954120159149,
        0.0003126707742922008,
        0.00032340784673579037,
        0.0004266852920409292,
        0.00041963031981140375,
        0.00017628923524171114,
        0.0003172637661918998,
        0.9440404772758484,
        0.00016905006486922503,
        0.00021402971469797194
      ],
      "PSL_classification_label": "S-total.total_price",
      "PSL_lineitem_number": ""
    },
    {
      "bounding_box": [
        811,
        1059,
        22,
        12,
        "-"
      ],
      "classification_label": "S-sub_total.tax_price",
      "box_id": 5,
      "class_probability": 0.38550928235054016,