{
  "scores_sequence": [
    "S-No_class",
    "S-menu.cnt",
    "S-menu.discountprice",
    "S-menu.etc",
    "S-menu.itemsubtotal",
    "S-menu.nm",
    "S-menu.num",
    "S-menu.price",
    "S-menu.sub_cnt",
    "S-menu.sub_etc",
    "S-menu.sub_nm",
    "S-menu.sub_price",
    "S-menu.sub_unitprice",
    "S-menu.unitprice",
    "S-menu.vatyn",
    "S-sub_total.discount_price",
    "S-sub_total.etc",
    "S-sub_total.othersvc_price",
    "S-sub_total.service_price",
    "S-sub_total.subtotal_price",
    "S-sub_total.tax_price",
    "S-total.cashprice",
    "S-total.changeprice",
    "S-total.creditcardprice",
    "S-total.emoneyprice",
    "S-total.menuqty_cnt",
    "S-total.menutype_cnt",
    "S-total.total_etc",
    "S-total.total_price",
    "S-void_menu.nm",
    "S-void_menu.price"
  ],
  "predictions": [
    {
      "bounding_box": [
        249,
        1048,
        312,
        40,
        "AIR MINERAL"
      ],
      "classification_label": "S-menu.nm",
      "box_id": 0,
      "class_probability": 0.9970651268959045,
      "scores": [
        0.00012547858932521194,
        9.680986840976402e-05,
        4.448124673217535e-05,
        0.00013686626334674656,
        8.04011506261304e-05,
        0.9970651268959045,
        0.00014297191228251904,
        8.690544927958399e-05,
        5.1353101298445836e-05,
        0.00011264133354416117,
        0.0003077917208429426,
        6.194750312715769e-05,
        4.657506360672414e-05,
        7.284124149009585e-05,
        0.00011737400200217962,
        0.00010918498446699232,
        9.483858593739569e-05,
        8.835553308017552e-05,
        6.756780931027606e-05,
        9.224616223946214e-05,
        8.510474435752258e-05,
        0.00015085212362464517,
        6.251283775782213e-05,
        5.552112270379439e-05,
        6.525505887111649e-05,
        5.3326661145547405e-05,
        7.489603740395978e-05,
        8.144282037392259e-05,
        0.00016700243577361107,
        0.00012139425234636292,
        8.090758637990803e-05
      ],
      "PSL_classification_label": "S-menu.nm",
      "PSL_lineitem_number": 1
    },
    {
      "bounding_box": [
        786,
        1043,
        141,
        37,
        "8,181"
      ],
      "classification_label": "S-menu.price",
      "box_id": 1,
      "class_probability": 0.9977846741676331,
      "scores": [
        4.0377435652771965e-05,
        6.169336847960949e-05,
        5.902196789975278e-05,
        6.995109288254753e-05,
        5.5155102018034086e-05,
        6.665734690614045e-05,
        7.95893938629888e-05,
        0.9977846741676331,
        7.570798334199935e-05,
        4.4446915126172826e-05,
        6.852658407296985e-05,
        0.00021281563385855407,
        3.910507803084329e-05,
        0.00026397177134640515,
        9.980053437175229e-05,
        4.7939742216840386e-05,
        4.1597177187213674e-05,
        4.972793612978421e-05,
        6.01486062805634e-05,
        6.89748558215797e-05,
        0.00010612248297547922,
        7.270010974025354e-05,
        6.713428592775017e-05,
        3.316868605907075e-05,
        4.939947757520713e-05,
        3.7118414184078574e-05,
        3.7515324947889894e-05,
        5.5053678806871176e-05,
        8.661216998007149e-05,
        7.946395635372028e-05,
        8.581178553868085e-05
      ],
      "PSL_classification_label": "S-menu.price",
      "PSL_lineitem_number": 1
    },
    {
      "bounding_box": [
        766,
        1090,
        160,
        38,
        "8,181"
      ],
      "classification_label": "S-sub_total.subtotal_price",
      "box_id": 2,
      "class_probability": 0.9762327671051025,
      "scores": [
        0.0001938950299518183,
        0.00039818687946535647,
        0.00029402883956208825,
        0.00019792394596152008,
        0.00019923312356695533,
        0.00019924833031836897,
        0.000192849402083084,
        0.015180032700300217,
        0.00015476875705644488,
        0.00023374691954813898,
        0.0003163437359035015,
        0.00025985122192651033,
        0.00014950688637327403,
        0.000734290515538305,
        0.0002463003620505333,
        0.0004304414615035057,
        0.00040961275226436555,
        0.0001058653142536059,
        0.0001580070093041286,
        0.9762327671051025,
        0.0005818115896545351,
        0.00028004913474433124,
        0.0001638711109990254,
        0.0002485730219632387,
        0.0001383384078508243,
        0.00021860204287804663,
        0.00018064938194584101,
        0.00012907464406453073,
        0.0014732459094375372,
        0.00016554980538785458,
        0.00013330009824130684
      ],
      "PSL_classification_label": "S-sub_total.subtotal_price",
      "PSL_lineitem_number": ""
    },
    {
      "bounding_box": [
        823,
        1135,
        104,
        38,
        "818"
      ],
      "classification_label": "S-sub_total.tax_price",
      "box_id": 3,
      "class_probability": 0.9734212160110474,
      "scores": [
        0.00031715561635792255,
        0.0008232265245169401,
        0.0010706662433221936,
        0.00016932735161390156,
        0.0005403693066909909,
        0.00027303342358209193,
        0.0004145685234107077,
        0.0005589977954514325,
        0.00022527718101628125,
        0.0004820781177841127,
        0.00037334515945985913,
        0.00043202631059102714,
        0.00020310487889219075,
        0.0006976855220273137,
        0.0003896108246408403,
        0.005801664665341377,
        0.0020297204609960318,
        0.00036503415321931243,
        0.001996834296733141,
        0.004772885236889124,
        0.9734212160110474,
        0.0003562586207408458,
        0.0003580177726689726,
        0.0007371396641246974,
        0.0003376303648110479,
        0.0003201620711479336,
        0.0002128106716554612,
        0.0002434605557937175,
        0.001567933475598693,
        0.00024781766114756465,
        0.00026106034056283534
      ],
      "PSL_classification_label": "S-sub_total.tax_price",
      "PSL_lineitem_number": ""
    },
    {
      "bounding_box": [
        611,
        1181,
        310,
        40,
        "8,999"
      ],
      "classification_label": "S-total.total_price",
      "box_id": 4,
      "class_probability": 0.9966455101966858,
      "scores": [
        0.00010461291822139174,
        0.0001210263799293898,
        6.482376193162054e-05,
        7.52911000745371e-05,
        0.00011470191384432837,
        0.00011778986663557589,
        6.127606320660561e-05,
        0.00013775615661870688,
        4.0217033529188484e-05,
        9.512877295492217e-05,
        8.637223072582856e-05,
        8.487444574711844e-05,
        5.75839621888008e-05,
        0.00018166651716455817,
        6.048638897482306e-05,
        6.811682396801189e-05,
        0.00013125204714015126,
        6.480936281150207e-05,
        0.00010920014756266028,
        0.00017483500414527953,
        0.0001709893113002181,
        0.00022508511028718203,
        0.00012626106035895646,
        0.0002535318781156093,
        9.745818533701822e-05,
        0.00017056406068149954,
        5.9232814237475395e-05,
        0.00014837544586043805,
        0.9966455101966858,
        6.570840923814103e-05,
        8.543796138837934e-05
      ],
      "PSL_classification_label": "S-total.total_price",
      "PSL_lineitem_number": ""
    },
    {
      "bounding_box": [
        764,
        1226,
        164,
        45,
        "10,000"
      ],
      "classification_label": "S-total.cashprice",
      "box_id": 5,
      "class_probability": 0.9925979375839233,