{
  "scores_sequence": [
    "S-No_class",
    "S-menu.cnt",
    "S-menu.discountprice",
    "S-menu.etc",
    "S-menu.itemsubtotal",
    "S-menu.nm",
    "S-menu.num",
    "S-menu.price",
    "S-menu.sub_cnt",
    "S-menu.sub_etc",
    "S-menu.sub_nm",
    "S-menu.sub_price",
    "S-menu.sub_unitprice",
    "S-menu.unitprice",
    "S-menu.vatyn",
    "S-sub_total.discount_price",
    "S-sub_total.etc",
    "S-sub_total.othersvc_price",
    "S-sub_total.service_price",
    "S-sub_total.subtotal_price",
    "S-sub_total.tax_price",
    "S-total.cashprice",
    "S-total.changeprice",
    "S-total.creditcardprice",
    "S-total.emoneyprice",
    "S-total.menuqty_cnt",
    "S-total.menutype_cnt",
    "S-total.total_etc",
    "S-total.total_price",
    "S-void_menu.nm",
    "S-void_menu.price"
  ],
  "predictions": [
    {
      "bounding_box": [
        161,
        571,
        18,
        32,
        "1"
      ],
      "classification_label": "S-menu.cnt",
      "box_id": 0,
      "class_probability": 0.9984052777290344,
      "scores": [
        6.852592923678458e-05,
        0.9984052777290344,
        5.668059748131782e-05,
        5.6547618441982195e-05,
        3.786942397709936e-05,
        4.9204492825083435e-05,
        4.942793748341501e-05,
        2.0654877516790293e-05,
        0.00017905719869304448,
        4.532225648290478e-05,
        3.737647784873843e-05,
        4.9134105211123824e-05,
        5.7538170949555933e-05,
        4.04430647904519e-05,
        4.3163116060895845e-05,
        3.657463821582496e-05,
        3.516503420541994e-05,
        2.8994321837672032e-05,
        5.828334906254895e-05,
        5.2366020099725574e-05,
        7.138642104109749e-05,
        5.956134555162862e-05,
        4.896739119431004e-05,
        5.6219931138912216e-05,
        6.105823558755219e-05,
        5.77899809286464e-05,
        7.570393790956587e-05,
        3.214957541786134e-05,
        5.726577001041733e-05,
        3.058701258851215e-05,
        4.152915789745748e-05
      ],
      "PSL_classification_label": "S-menu.cnt",
      "PSL_lineitem_number": 1
    },
    {
      "bounding_box": [
        197,
        567,
        132,
        36,
        "EGG TART"
      ],
      "classification_label": "S-menu.nm",
      "box_id": 1,
      "class_probability": 0.9959800243377686,
      "scores": [
        0.00012764983694069088,
        7.659987750230357e-05,
        5.671319013345055e-05,
        0.00020805570238735527,
        0.00010822256444953382,
        0.9959800243377686,
        0.0002509510959498584,
        0.00011248526425333694,
        6.867488264106214e-05,
        0.00012152365525253117,
        0.0008523622527718544,
        6.074429984437302e-05,
        6.138781463960186e-05,
        0.00011602372978813946,
        0.00017075214418582618,
        0.00012349826283752918,
        9.528963710181415e-05,
        0.00011392447049729526,
        7.751633529551327e-05,
        0.00011522901331773028,
        0.00010598875087453052,
        0.0001288407074753195,
        7.389772508759052e-05,
        8.700290345586836e-05,
        8.15297244116664e-05,
        6.410066998796538e-05,
        6.96572387823835e-05,
        8.485579746775329e-05,
        0.0001863388461060822,
        0.00013716198736801744,
        8.305224764626473e-05
      ],
      "PSL_classification_label": "S-menu.nm",
      "PSL_lineitem_number": 1
    },
    {
      "bounding_box": [
        649,
        568,
        103,
        42,
        "13,000"
      ],
      "classification_label": "S-menu.price",
      "box_id": 2,
      "class_probability": 0.9982724189758301,
      "scores": [
        2.8553940865094773e-05,
        3.431348523008637e-05,
        4.584847192745656e-05,
        4.6348723117262125e-05,
        4.222792631480843e-05,
        4.443257057573646e-05,
        4.943512612953782e-05,
        0.9982724189758301,
        5.763061926700175e-05,
        3.3660424378467724e-05,
        4.679107223637402e-05,
        0.00023618120758328587,
        2.9935034035588615e-05,
        9.716383647173643e-05,
        8.645714115118608e-05,
        4.081742372363806e-05,
        3.458363062236458e-05,
        4.915868703392334e-05,
        4.672618888434954e-05,
        5.890104512218386e-05,
        7.187865412561223e-05,
        8.381136285606772e-05,
        5.795552715426311e-05,
        2.831403980962932e-05,
        5.303675789036788e-05,
        3.141577690257691e-05,
        3.390903293620795e-05,
        5.0611353799467906e-05,
        7.153290789574385e-05,
        6.372482312144712e-05,
        7.224977889563888e-05
      ],
      "PSL_classification_label": "S-menu.price",
      "PSL_lineitem_number": 1
    },
    {
      "bounding_box": [
        161,
        611,
        22,
        34,
        "2"
      ],
      "classification_label": "S-menu.cnt",
      "box_id": 3,
      "class_probability": 0.9983614087104797,
      "scores": [
        6.537336594192311e-05,
        0.9983614087104797,
        5.9325342590454966e-05,
        5.4765710956417024e-05,
        3.794946678681299e-05,
        4.569614975480363e-05,
        4.812548650079407e-05,
        2.375591611780692e-05,
        0.00019812112441286445,
        4.6472898247884586e-05,
        3.6937854019925e-05,
        4.718597119790502e-05,
        6.020214277668856e-05,
        3.992871643276885e-05,
        4.243706644047052e-05,
        3.341161573189311e-05,
        3.603621371439658e-05,
        2.797975503199268e-05,
        5.4310668929247186e-05,
        5.198729922994971e-05,
        6.415266398107633e-05,
        6.437206320697442e-05,
        5.242663246463053e-05,
        6.048095383448526e-05,
        6.14597593084909e-05,
        7.823338819434866e-05,
        8.686305227456614e-05,
        3.280270902905613e-05,
        5.4686592193320394e-05,
        3.138892861898057e-05,
        4.182347402093001e-05
      ],
      "PSL_classification_label": "S-menu.cnt",
      "PSL_lineitem_number": 2
    },
    {
      "bounding_box": [
        199,
        607,
        320,
        35,
        "CHOCO CUS ARD PASTRY"
      ],
      "classification_label": "S-menu.nm",
      "box_id": 4,
      "class_probability": 0.997111439704895,
      "scores": [
        9.117186709772795e-05,
        6.029949872754514e-05,
        4.436439121491276e-05,
        0.00015693092427682132,
        8.720246842131019e-05,
        0.997111439704895,
        0.00018699243082664907,
        7.207894668681547e-05,
        5.4568819905398414e-05,
        0.00010439855395816267,
        0.0005107910255901515,
        4.234345760778524e-05,
        4.423895006766543e-05,
        7.490744610549882e-05,
        0.00012065347254974768,
        9.022680023917928e-05,
        7.503971573896706e-05,
        8.476847870042548e-05,
        6.260893860599026e-05,
        8.122785948216915e-05,
        7.430154801113531e-05,
        0.00010058665793621913,
        5.3628617024514824e-05,
        5.779859202448279e-05,
        6.175925955176353e-05,
        5.3629028116120026e-05,
        5.350514766178094e-05,
        6.420978752430528e-05,
        0.0001374731946270913,
        0.00011797346087405458,
        6.885873881401494e-05
      ],
      "PSL_classification_label": "S-menu.nm",
      "PSL_lineitem_number": 2
    },
    {
      "bounding_box": [
        645,
        611,
        111,
        37,
        "24,000"
      ],
      "classification_label": "S-menu.price",
      "box_id": 5,
      "class_probability": 0.9982959628105164,