{
  "scores_sequence": [
    "S-No_class",
    "S-menu.cnt",
    "S-menu.discountprice",
    "S-menu.etc",
    "S-menu.itemsubtotal",
    "S-menu.nm",
    "S-menu.num",
    "S-menu.price",
    "S-menu.sub_cnt",
    "S-menu.sub_etc",
    "S-menu.sub_nm",
    "S-menu.sub_price",
    "S-menu.sub_unitprice",
    "S-menu.unitprice",
    "S-menu.vatyn",
    "S-sub_total.discount_price",
    "S-sub_total.etc",
    "S-sub_total.othersvc_price",
    "S-sub_total.service_price",
    "S-sub_total.subtotal_price",
    "S-sub_total.tax_price",
    "S-total.cashprice",
    "S-total.changeprice",
    "S-total.creditcardprice",
    "S-total.emoneyprice",
    "S-total.menuqty_cnt",
    "S-total.menutype_cnt",
    "S-total.total_etc",
    "S-total.total_price",
    "S-void_menu.nm",
    "S-void_menu.price"
  ],
  "predictions": [
    {
      "bounding_box": [
        125,
        625,
        162,
        35,
        "BASO TAHU"
      ],
      "classification_label": "S-menu.nm",
      "box_id": 0,
      "class_probability": 0.996755063533783,
      "scores": [
        0.00012432718358468264,
        7.61739065637812e-05,
        5.28529126313515e-05,
        0.00018170190742239356,
        8.462318510282785e-05,
        0.996755063533783,
        0.00020110420882701874,
        0.00010288348130416125,
        6.155310984468088e-05,
        0.00011568240006454289,
        0.000410867651225999,
        6.416278483811766e-05,
        4.926433030050248e-05,
        8.156484545907006e-05,
        0.0001525416737422347,
        0.00010659825056791306,
        7.944459503050894e-05,
        8.865549898473546e-05,
        7.062620716169477e-05,
        8.272077684523538e-05,
        8.127862383844331e-05,
        0.00016107142437249422,
        6.660475628450513e-05,
        8.324411464855075e-05,
        8.234328561229631e-05,
        4.889745468972251e-05,
        6.9094639911782e-05,
        8.518560935044661e-05,
        0.00016421271720901132,
        0.00013041298370808363,
        8.504551078658551e-05
      ],
      "PSL_classification_label": "S-menu.nm",
      "PSL_lineitem_number": 1
    },
    {
      "bounding_box": [
        456,
        611,
        22,
        31,
        "1"
      ],
      "classification_label": "S-menu.cnt",
      "box_id": 1,
      "class_probability": 0.998390793800354,
      "scores": [
        5.46422743354924e-05,
        0.998390793800354,
        5.002774196327664e-05,
        5.6677235988900065e-05,
        3.688747528940439e-05,
        4.361608444014564e-05,
        4.5556553232017905e-05,
        2.1629261027555913e-05,
        0.00023135263472795486,
        4.952087692799978e-05,
        4.057359183207154e-05,
        5.146317562321201e-05,
        6.0061061958549544e-05,
        4.827625525649637e-05,
        3.944501804653555e-05,
        3.4514123399276286e-05,
        3.5106051655020565e-05,
        3.1658168154535815e-05,
        7.077489863149822e-05,
        4.811300095752813e-05,
        6.129322719061747e-05,
        4.974789408151992e-05,
        5.072376370662823e-05,
        5.781406071037054e-05,
        6.136469164630398e-05,
        5.4962965805316344e-05,
        7.441674824804068e-05,
        3.1612158636562526e-05,
        4.707894186140038e-05,
        3.184378510923125e-05,
        3.853546513710171e-05
      ],
      "PSL_classification_label": "S-menu.cnt",
      "PSL_lineitem_number": 1
    },
    {
      "bounding_box": [
        487,
        610,
        105,
        32,
        "43,181"
      ],
      "classification_label": "S-menu.unitprice",
      "box_id": 2,
      "class_probability": 0.9963388442993164,
      "scores": [
        6.98402727721259e-05,
        0.00011697137233568355,
        8.188455103663728e-05,
        8.796466136118397e-05,
        0.00014398829080164433,
        9.53434209804982e-05,
        0.00010142239625565708,
        0.00032458879286423326,
        6.295634375419468e-05,
        8.335978782270104e-05,
        0.00015279676881618798,
        8.302664355142042e-05,
        0.0004973215400241315,
        0.9963388442993164,
        5.513903670362197e-05,
        4.908532719127834e-05,
        0.00015625086962245405,
        9.093717380892485e-05,
        0.0001204522923217155,
        0.00013671439955942333,
        0.00014223589096218348,
        0.00011329494009260088,
        9.836244862526655e-05,
        9.944439079845324e-05,
        7.263271254487336e-05,
        0.00011179533612448722,
        8.172907109837979e-05,
        0.00011366853141225874,
        0.00013040006160736084,
        9.415475506102666e-05,
        9.34737254283391e-05
      ],
      "PSL_classification_label": "S-menu.unitprice",
      "PSL_lineitem_number": 1
    },
    {
      "bounding_box": [
        666,
        603,
        101,
        34,
        "43,181"
      ],
      "classification_label": "S-menu.price",
      "box_id": 3,
      "class_probability": 0.99810791015625,
      "scores": [
        3.307145379949361e-05,
        4.308113784645684e-05,
        4.9148991820402443e-05,
        5.4032607295084745e-05,
        4.366114808362909e-05,
        5.314871305017732e-05,
        6.642049993388355e-05,
        0.99810791015625,
        4.526124757830985e-05,
        4.519478534348309e-05,
        4.895065649179742e-05,
        0.00015810162585694343,
        2.6593308575684205e-05,
        8.402112871408463e-05,
        9.170706471195444e-05,
        5.238813173491508e-05,
        4.191634070593864e-05,
        4.3873391405213624e-05,
        5.989169221720658e-05,
        0.0001679061824688688,
        0.00010645685688359663,
        7.213473872980103e-05,
        6.491801468655467e-05,
        4.1156206862069666e-05,
        4.624065331881866e-05,
        3.0706596589880064e-05,
        3.971838305005804e-05,
        4.611228723661043e-05,
        0.00010920988279394805,
        6.557446613442153e-05,
        6.15278331679292e-05
      ],
      "PSL_classification_label": "S-menu.price",
      "PSL_lineitem_number": 1
    },
    {
      "bounding_box": [
        125,
        666,
        144,
        42,
        "ES JERUK"
      ],
      "classification_label": "S-menu.nm",
      "box_id": 4,
      "class_probability": 0.9963489770889282,
      "scores": [
        0.00014042893599253148,
        6.851541547803208e-05,
        5.868516018381342e-05,
        0.00020156668324489146,
        9.319998207502067e-05,
        0.9963489770889282,
        0.0002171598607674241,
        0.00010294892126694322,
        6.677181227132678e-05,
        0.00011323560465825722,
        0.000657088472507894,
        7.013091817498207e-05,
        5.024981510359794e-05,
        8.433296898147091e-05,
        0.0001577375369379297,
        0.00010574073530733585,
        8.983424777397886e-05,
        0.00010168492008233443,
        7.479151099687442e-05,
        8.652285032439977e-05,
        8.423418330494314e-05,
        0.00016509862325619906,
        7.312734669540077e-05,
        8.830798469716683e-05,
        9.058425348484889e-05,
        5.611473898170516e-05,
        7.775135600240901e-05,
        8.303658978547901e-05,
        0.00017105128790717572,
        0.00012589349353220314,
        9.515726560493931e-05
      ],
      "PSL_classification_label": "S-menu.nm",
      "PSL_lineitem_number": 2
    },
    {
      "bounding_box": [
        460,
        651,
        23,
        31,
        "1"
      ],
      "classification_label": "S-menu.cnt",
      "box_id": 5,
      "class_probability": 0.9982478618621826,