{
  "scores_sequence": [
    "S-No_class",
    "S-menu.cnt",
    "S-menu.discountprice",
    "S-menu.etc",
    "S-menu.itemsubtotal",
    "S-menu.nm",
    "S-menu.num",
    "S-menu.price",
    "S-menu.sub_cnt",
    "S-menu.sub_etc",
    "S-menu.sub_nm",
    "S-menu.sub_price",
    "S-menu.sub_unitprice",
    "S-menu.unitprice",
    "S-menu.vatyn",
    "S-sub_total.discount_price",
    "S-sub_total.etc",
    "S-sub_total.othersvc_price",
    "S-sub_total.service_price",
    "S-sub_total.subtotal_price",
    "S-sub_total.tax_price",
    "S-total.cashprice",
    "S-total.changeprice",
    "S-total.creditcardprice",
    "S-total.emoneyprice",
    "S-total.menuqty_cnt",
    "S-total.menutype_cnt",
    "S-total.total_etc",
    "S-total.total_price",
    "S-void_menu.nm",
    "S-void_menu.price"
  ],
  "predictions": [
    {
      "bounding_box": [
        51,
        594,
        20,
        35,
        "1"
      ],
      "classification_label": "S-menu.cnt",
      "box_id": 0,
      "class_probability": 0.9977705478668213,
      "scores": [
        8.733912545721978e-05,
        0.9977705478668213,
        6.189049599925056e-05,
        6.876193947391585e-05,
        4.847654781769961e-05,
        9.01421663002111e-05,
        8.144426828948781e-05,
        3.088099401793443e-05,
        0.0005191953387111425,
        5.8287470892537385e-05,
        4.292274024919607e-05,
        5.213989061303437e-05,
        6.839001434855163e-05,
        3.9662383642280474e-05,
        4.9478927394375205e-05,
        4.910272764391266e-05,
        4.114166586077772e-05,
        3.570623812265694e-05,
        8.863349648891017e-05,
        6.182466313475743e-05,
        7.947844278533012e-05,
        6.967194349272177e-05,
        5.5849079217296094e-05,
        6.114414281910285e-05,
        6.255456537473947e-05,
        4.645575972972438e-05,
        9.371889609610662e-05,
        3.1555693567497656e-05,
        6.154346920084208e-05,
        3.66311905963812e-05,
        5.541239806916565e-05
      ],
      "PSL_classification_label": "S-menu.cnt",
      "PSL_lineitem_number": 1
    },
    {
      "bounding_box": [
        83,
        594,
        396,
        41,
        "[REG] BLACK SAKURA"
      ],
      "classification_label": "S-menu.nm",
      "box_id": 1,
      "class_probability": 0.9967474937438965,
      "scores": [
        0.0001206846718559973,
        7.213479693746194e-05,
        4.2920954001601785e-05,
        0.00020214040705468506,
        9.226726251654327e-05,
        0.9967474937438965,
        0.0002082019200315699,
        8.777694893069565e-05,
        7.152969919843599e-05,
        0.00014791615831200033,
        0.0005419782246463001,
        5.643730401061475e-05,
        5.37499254278373e-05,
        0.00010853622370632365,
        0.00011898235970875248,
        8.54191675898619e-05,
        7.16693393769674e-05,
        0.00010899156768573448,
        6.45466789137572e-05,
        0.00010235726222163066,
        6.33913223282434e-05,
        0.00012112813419662416,
        5.0745908083627e-05,
        5.509146285476163e-05,
        6.446929182857275e-05,
        4.8370853619417176e-05,
        7.084145909175277e-05,
        7.104009273461998e-05,
        0.00010882134665735066,
        0.00014761333295609802,
        9.2956172011327e-05
      ],
      "PSL_classification_label": "S-menu.nm",
      "PSL_lineitem_number": 1
    },
    {
      "bounding_box": [
        715,
        593,
        127,
        32,
        "45,455"
      ],
      "classification_label": "S-menu.price",
      "box_id": 2,
      "class_probability": 0.9982376098632812,
      "scores": [
        2.6742347472463734e-05,
        4.024008012493141e-05,
        4.085451291757636e-05,
        4.642390558728948e-05,
        4.899171835859306e-05,
        4.976465061190538e-05,
        5.3731087973574176e-05,
        0.9982376098632812,
        4.686701140599325e-05,
        3.5451175790512934e-05,
        4.775256456923671e-05,
        0.00017492000188212842,
        2.7282330847810954e-05,
        8.793031156528741e-05,
        9.521751780994236e-05,
        3.980974361184053e-05,
        3.386134631000459e-05,
        4.546572017716244e-05,
        4.5638662413693964e-05,
        0.0001800256286514923,
        9.542241605231538e-05,
        7.393776468234137e-05,
        5.8310586609877646e-05,
        3.423714224481955e-05,
        4.0467599319526926e-05,
        2.7588766897679307e-05,
        3.667900455184281e-05,
        4.2403895349707454e-05,
        7.700073911109939e-05,
        5.6739005231065676e-05,
        5.250608592177741e-05
      ],
      "PSL_classification_label": "S-menu.price",
      "PSL_lineitem_number": 1
    },
    {
      "bounding_box": [
        51,
        638,
        20,
        35,
        "1"
      ],
      "classification_label": "S-menu.sub_cnt",
      "box_id": 3,
      "class_probability": 0.9874014258384705,
      "scores": [
        0.00033947668271139264,
        0.00383732165209949,
        0.0002913706412073225,
        0.0003144572547171265,
        0.0003094061103183776,
        0.00029717240249738097,
        0.00024796079378575087,
        0.00024470180505886674,
        0.9874014258384705,
        0.0003425783652346581,
        0.00023325863003265113,
        0.00024925105390138924,
        0.0006798238027840853,
        0.00011763157090172172,
        0.0002614989934954792,
        0.00018432963406667113,
        0.00023757222515996546,
        0.0002648907247930765,
        0.0002913992793764919,
        0.00021361149265430868,
        0.00023665865592192858,
        0.00037721465923823416,
        0.00019945160602219403,
        0.00018638207984622568,
        0.0001622052805032581,
        0.0005252863047644496,
        0.0006571983685716987,
        0.000198969995835796,
        8.823911048239097e-05,
        0.00039577946881763637,
        0.0006136097363196313
      ],
      "PSL_classification_label": "S-menu.sub_cnt",
      "PSL_lineitem_number": 1
    },
    {
      "bounding_box": [
        83,
        638,
        404,
        37,
        "COOKIE DOH SAUCES"
      ],
      "classification_label": "S-menu.nm",
      "box_id": 4,
      "class_probability": 0.8145564198493958,
      "scores": [
        0.0010070656426250935,
        0.0002526658645365387,
        0.0003830635396298021,
        0.002329278038814664,
        0.0006823019939474761,
        0.8145564198493958,
        0.0016193216433748603,
        0.00033186530345119536,
        0.000447817612439394,
        0.0008315941668115556,
        0.16697871685028076,
        0.00031846429919824004,
        0.0003385043819434941,
        0.00046228058636188507,
        0.0013419962488114834,
        0.0004531884042080492,
        0.0004620449908543378,
        0.0005865719867870212,
        0.00044168325257487595,
        0.0007481075590476394,
        0.0005050540203228593,
        0.00043940404430031776,
        0.00042637228034436703,
        0.00042316035251133144,
        0.0004659476107917726,
        0.0004760887532029301,
        0.0004554209590423852,
        0.0005229547969065607,
        0.0008035944774746895,
        0.00042010541073977947,
        0.0004889130359515548
      ],
      "PSL_classification_label": "S-menu.nm",
      "PSL_lineitem_number": ""
    },
    {
      "bounding_box": [
        817,
        635,
        24,
        29,
        "0"
      ],
      "classification_label": "S-menu.sub_price",
      "box_id": 5,
      "class_probability": 0.984738826751709,