{
  "scores_sequence": [
    "S-No_class",
    "S-menu.cnt",
    "S-menu.discountprice",
    "S-menu.etc",
    "S-menu.itemsubtotal",
    "S-menu.nm",
    "S-menu.num",
    "S-menu.price",
    "S-menu.sub_cnt",
    "S-menu.sub_etc",
    "S-menu.sub_nm",
    "S-menu.sub_price",
    "S-menu.sub_unitprice",
    "S-menu.unitprice",
    "S-menu.vatyn",
    "S-sub_total.discount_price",
    "S-sub_total.etc",
    "S-sub_total.othersvc_price",
    "S-sub_total.service_price",
    "S-sub_total.subtotal_price",
    "S-sub_total.tax_price",
    "S-total.cashprice",
    "S-total.changeprice",
    "S-total.creditcardprice",
    "S-total.emoneyprice",
    "S-total.menuqty_cnt",
    "S-total.menutype_cnt",
    "S-total.total_etc",
    "S-total.total_price",
    "S-void_menu.nm",
    "S-void_menu.price"
  ],
  "predictions": [
    {
      "bounding_box": [
        131,
        659,
        240,
        34,
        "1001-Choco Bun"
      ],
      "classification_label": "S-menu.nm",
      "box_id": 0,
      "class_probability": 0.9974748492240906,
      "scores": [
        0.00010739066055975854,
        9.241203224519268e-05,
        4.836070002056658e-05,
        0.00016039938782341778,
        6.483329343609512e-05,
        0.9974748492240906,
        0.00018815464864019305,
        7.618538074893877e-05,
        6.140136974863708e-05,
        0.0001127407158492133,
        0.0001959680812433362,
        4.959037687513046e-05,
        4.291378354537301e-05,
        7.609214662807062e-05,
        9.361913544125855e-05,
        7.643397839274257e-05,
        6.756489892723039e-05,
        8.378362690564245e-05,
        4.941749284625985e-05,
        5.229128146311268e-05,
        5.779452112619765e-05,
        0.00012464035535231233,
        4.5554275857284665e-05,
        4.7946159611456096e-05,
        6.783859862480313e-05,
        4.57752903457731e-05,
        6.498904986074194e-05,
        6.784959259675816e-05,
        0.00010027404641732574,
        0.00013757329725194722,
        6.530584505526349e-05
      ],
      "PSL_classification_label": "S-menu.nm",
      "PSL_lineitem_number": 1
    },
    {
      "bounding_box": [
        299,
        701,
        106,
        33,
        "22.000"
      ],
      "classification_label": "S-menu.unitprice",
      "box_id": 1,
      "class_probability": 0.9956682920455933,
      "scores": [
        7.112687308108434e-05,
        0.0001276657567359507,
        8.54746758705005e-05,
        9.896096162265167e-05,
        0.00014010138693265617,
        6.680859223706648e-05,
        0.00012632974539883435,
        0.00015700116637162864,
        6.698977813357487e-05,
        9.243690146831796e-05,
        0.0001324776967521757,
        0.00010933544399449602,
        0.0010555004701018333,
        0.9956682920455933,
        5.552541188080795e-05,
        5.09655183122959e-05,
        0.00020859643700532615,
        0.00010788422514451668,
        0.00012439147394616157,
        0.00010762927558971569,
        0.00012733101902995259,
        0.00019623742264229804,
        0.00013812795805279166,
        0.00011826298577943817,
        7.602883852086961e-05,
        0.00010347555507905781,
        0.00010665825539035723,
        0.00014175123942550272,
        0.00013407536607701331,
        0.00010443880455568433,
        0.00010012251004809514
      ],
      "PSL_classification_label": "S-menu.unitprice",
      "PSL_lineitem_number": 1
    },
    {
      "bounding_box": [
        463,
        703,
        36,
        30,
        "x1"
      ],
      "classification_label": "S-menu.cnt",
      "box_id": 2,
      "class_probability": 0.9980925917625427,
      "scores": [
        6.419609417207539e-05,
        0.9980925917625427,
        7.429313700413331e-05,
        6.121463957242668e-05,
        4.567421638057567e-05,
        4.949499270878732e-05,
        5.269061148283072e-05,
        1.845563565439079e-05,
        0.00030054908711463213,
        6.08241134614218e-05,
        5.826187407365069e-05,
        5.049656829214655e-05,
        7.591885514557362e-05,
        5.0880775233963504e-05,
        5.052594860899262e-05,
        4.858333704760298e-05,
        3.8895253965165466e-05,
        3.683364775497466e-05,
        7.611821638420224e-05,
        5.0336071581114084e-05,
        7.823769556125626e-05,
        6.071463576517999e-05,
        4.8699304898036644e-05,
        6.428841879824176e-05,
        6.072968972148374e-05,
        5.5049400543794036e-05,
        8.961762068793178e-05,
        3.2768431992735714e-05,
        6.115547148510814e-05,
        3.849266795441508e-05,
        5.3501997172134e-05
      ],
      "PSL_classification_label": "S-menu.cnt",
      "PSL_lineitem_number": 1
    },
    {
      "bounding_box": [
        661,
        705,
        107,
        38,
        "22.000"
      ],
      "classification_label": "S-menu.price",
      "box_id": 3,
      "class_probability": 0.998484194278717,
      "scores": [
        2.656297328940127e-05,
        2.815064726746641e-05,
        4.200751209282316e-05,
        4.626130612450652e-05,
        3.570936314645223e-05,
        5.064691140432842e-05,
        4.974101830157451e-05,
        0.998484194278717,
        4.1691855585668236e-05,
        3.519928577588871e-05,
        4.2805244447663426e-05,
        0.00014521859702654183,
        2.5732535505085252e-05,
        9.649853018345311e-05,
        7.754821854177862e-05,
        4.0383703890256584e-05,
        3.313678098493256e-05,
        3.889549043378793e-05,
        4.203848948236555e-05,
        8.313173748319969e-05,
        5.5713466281304136e-05,
        6.838093395344913e-05,
        5.490371768246405e-05,
        2.7847529054270126e-05,
        4.190248000668362e-05,
        2.8461541660362855e-05,
        2.684138235053979e-05,
        4.08436062571127e-05,
        8.015725325094536e-05,
        5.715675069950521e-05,
        5.2295894420240074e-05
      ],
      "PSL_classification_label": "S-menu.price",
      "PSL_lineitem_number": 1
    },
    {
      "bounding_box": [
        128,
        745,
        373,
        41,
        "6001-Plastic Bag Small"
      ],
      "classification_label": "S-menu.nm",
      "box_id": 4,
      "class_probability": 0.9977350234985352,
      "scores": [
        0.00011619492579484358,
        7.12930632289499e-05,
        4.038285624119453e-05,
        0.0001409747637808323,
        6.492657121270895e-05,
        0.9977350234985352,
        0.00012850288476329297,
        6.176794704515487e-05,
        5.35138497070875e-05,
        0.00010288126213708892,
        0.0001935720647452399,
        4.19438183598686e-05,
        3.8191774365259334e-05,
        5.879264062969014e-05,
        9.12446339498274e-05,
        7.955318869790062e-05,
        6.43267048872076e-05,
        7.593689952045679e-05,
        4.5326138206291944e-05,
        5.483260247274302e-05,
        5.197460632189177e-05,
        9.912184032145888e-05,
        4.2352283344371244e-05,
        4.75938904855866e-05,
        5.923437493038364e-05,
        4.253751103533432e-05,
        5.3919990023132414e-05,
        5.663028423441574e-05,
        0.00010277182445861399,
        0.00011966768215643242,
        6.506888894364238e-05
      ],
      "PSL_classification_label": "S-menu.nm",
      "PSL_lineitem_number": 2
    },
    {
      "bounding_box": [
        383,
        791,
        22,
        31,
        "0"
      ],
      "classification_label": "S-menu.unitprice",
      "box_id": 5,
      "class_probability": 0.9888086915016174,