{
  "scores_sequence": [
    "S-No_class",
    "S-menu.cnt",
    "S-menu.discountprice",
    "S-menu.etc",
    "S-menu.itemsubtotal",
    "S-menu.nm",
    "S-menu.num",
    "S-menu.price",
    "S-menu.sub_cnt",
    "S-menu.sub_etc",
    "S-menu.sub_nm",
    "S-menu.sub_price",
    "S-menu.sub_unitprice",
    "S-menu.unitprice",
    "S-menu.vatyn",
    "S-sub_total.discount_price",
    "S-sub_total.etc",
    "S-sub_total.othersvc_price",
    "S-sub_total.service_price",
    "S-sub_total.subtotal_price",
    "S-sub_total.tax_price",
    "S-total.cashprice",
    "S-total.changeprice",
    "S-total.creditcardprice",
    "S-total.emoneyprice",
    "S-total.menuqty_cnt",
    "S-total.menutype_cnt",
    "S-total.total_etc",
    "S-total.total_price",
    "S-void_menu.nm",
    "S-void_menu.price"
  ],
  "predictions": [
    {
      "bounding_box": [
        688,
        1855,
        646,
        70,
        "TRAD KY TOAST CARTE"
      ],
      "classification_label": "S-menu.nm",
      "box_id": 0,
      "class_probability": 0.9975495934486389,
      "scores": [
        9.182296344079077e-05,
        7.745537732262164e-05,
        3.976103107561357e-05,
        0.00012257588969077915,
        7.852933049434796e-05,
        0.9975495934486389,
        0.00013526274415198714,
        7.686024036956951e-05,
        4.600867396220565e-05,
        9.436127584194764e-05,
        0.00015817407984286547,
        5.3232681239023805e-05,
        4.2863539420068264e-05,
        7.01259559718892e-05,
        0.00010231143824057654,
        8.809658902464435e-05,
        8.469912427244708e-05,
        8.54319951031357e-05,
        5.208575748838484e-05,
        7.176853978307918e-05,
        7.336847193073481e-05,
        0.00012882229930255562,
        5.754140147473663e-05,
        4.843720671487972e-05,
        6.301800749497488e-05,
        4.458994953893125e-05,
        6.306717841653153e-05,
        7.181749970186502e-05,
        0.00014391614240594208,
        0.00011556634126463905,
        6.883435708004981e-05
      ],
      "PSL_classification_label": "S-menu.nm",
      "PSL_lineitem_number": 1
    },
    {
      "bounding_box": [
        1624,
        1863,
        216,
        66,
        "28.182"
      ],
      "classification_label": "S-menu.price",
      "box_id": 1,
      "class_probability": 0.9973258972167969,
      "scores": [
        4.5751916331937537e-05,
        7.150728197302669e-05,
        7.501635991502553e-05,
        8.07954857009463e-05,
        6.345328438328579e-05,
        7.443491631420329e-05,
        7.771093078190461e-05,
        0.9973258972167969,
        7.768654904793948e-05,
        5.020841126679443e-05,
        7.69621183280833e-05,
        0.00021079345606267452,
        5.396299093263224e-05,
        0.0004741367301903665,
        0.00011261234612902626,
        5.85840389248915e-05,
        5.051656626164913e-05,
        5.943989890511148e-05,
        7.11734319338575e-05,
        8.550698112230748e-05,
        0.00011619668657658622,
        8.725283259991556e-05,
        7.543323590653017e-05,
        3.8539397792192176e-05,
        5.607882121694274e-05,
        4.430040280567482e-05,
        4.531679587671533e-05,
        5.926494122832082e-05,
        9.737499203765765e-05,
        9.005972242448479e-05,
        9.399696864420548e-05
      ],
      "PSL_classification_label": "S-menu.price",
      "PSL_lineitem_number": 1
    },
    {
      "bounding_box": [
        1624,
        2015,
        216,
        69,
        "28.182"
      ],
      "classification_label": "S-sub_total.subtotal_price",
      "box_id": 2,
      "class_probability": 0.9964356422424316,
      "scores": [
        0.00012400237028487027,
        0.0001372091646771878,
        0.00013048226537648588,
        8.605242328485474e-05,
        8.921527478378266e-05,
        8.132142829708755e-05,
        7.840252510504797e-05,
        0.0003803317667916417,
        7.134478801162913e-05,
        0.0001221531565533951,
        0.0001136644059442915,
        0.00012038487329846248,
        9.860870341071859e-05,
        8.107803296297789e-05,
        0.00010014674626290798,
        0.0003751803596969694,
        0.0001377756125293672,
        7.074875611579046e-05,
        0.0001073082530638203,
        0.9964356422424316,
        0.0001092032907763496,
        0.00011683044431265444,
        7.737966370768845e-05,
        9.314544877270237e-05,
        6.920957821421325e-05,
        0.0001379120658384636,
        0.00010582276445347816,
        6.965454667806625e-05,
        0.00014215627743396908,
        7.379690941888839e-05,
        6.381129060173407e-05
      ],
      "PSL_classification_label": "S-sub_total.subtotal_price",
      "PSL_lineitem_number": ""
    },
    {
      "bounding_box": [
        1654,
        2093,
        182,
        69,
        "2.818"
      ],
      "classification_label": "S-sub_total.tax_price",
      "box_id": 3,
      "class_probability": 0.9949668049812317,
      "scores": [
        0.0001315226108999923,
        0.00025196472415700555,
        0.000170929852174595,
        7.597346120746806e-05,
        0.00014751932758372277,
        0.00011743669892894104,
        0.0001408285170327872,
        0.00013764548930339515,
        8.702586637809873e-05,
        0.00011819432984339073,
        0.00010566486162133515,
        0.00012421816063579172,
        8.764136146055534e-05,
        0.00020081692491658032,
        0.0001200751939904876,
        0.0004994154442101717,
        0.0002697202144190669,
        0.00019676420197356492,
        0.0008468830492347479,
        8.47447372507304e-05,
        0.9949668049812317,
        0.00012796402734238654,
        0.00013435888104140759,
        0.00010007889068219811,
        7.315666880458593e-05,
        0.0001345406926702708,
        9.453012171434239e-05,
        0.00011885387357324362,
        0.00016781827434897423,
        6.636919715674594e-05,
        0.00010037777974503115
      ],
      "PSL_classification_label": "S-sub_total.tax_price",
      "PSL_lineitem_number": ""
    },
    {
      "bounding_box": [
        1423,
        2166,
        410,
        70,
        "31.000"
      ],
      "classification_label": "S-total.total_price",
      "box_id": 4,
      "class_probability": 0.9973909854888916,
      "scores": [
        7.159308006521314e-05,
        6.308355659712106e-05,
        4.893775258096866e-05,
        7.044610538287088e-05,
        0.00012536956637632102,
        8.911950862966478e-05,
        5.3923453378956765e-05,
        0.00016937429609242827,
        3.429914795560762e-05,
        9.331266483059153e-05,
        7.482432556571439e-05,
        7.208072929643095e-05,
        4.5948221668368205e-05,
        0.00011723356146831065,
        5.031762702856213e-05,
        5.207534195506014e-05,
        0.00012003531446680427,
        4.7869441914372146e-05,
        7.202877895906568e-05,
        0.0001450828422093764,
        9.292423783335835e-05,
        0.00014023490075487643,
        8.18035114207305e-05,
        0.0001914912718348205,
        8.783495286479592e-05,
        8.743413491174579e-05,
        4.1452683944953606e-05,
        0.00013430234685074538,
        0.9973909854888916,
        5.775996032753028e-05,
        7.685909076826647e-05
      ],
      "PSL_classification_label": "S-total.total_price",
      "PSL_lineitem_number": ""
    },
    {
      "bounding_box": [
        1423,
        2240,
        410,
        74,
        "31.000"
      ],
      "classification_label": "S-total.cashprice",
      "box_id": 5,
      "class_probability": 0.9842931628227234,