{
  "scores_sequence": [
    "S-No_class",
    "S-menu.cnt",
    "S-menu.discountprice",
    "S-menu.etc",
    "S-menu.itemsubtotal",
    "S-menu.nm",
    "S-menu.num",
    "S-menu.price",
    "S-menu.sub_cnt",
    "S-menu.sub_etc",
    "S-menu.sub_nm",
    "S-menu.sub_price",
    "S-menu.sub_unitprice",
    "S-menu.unitprice",
    "S-menu.vatyn",
    "S-sub_total.discount_price",
    "S-sub_total.etc",
    "S-sub_total.othersvc_price",
    "S-sub_total.service_price",
    "S-sub_total.subtotal_price",
    "S-sub_total.tax_price",
    "S-total.cashprice",
    "S-total.changeprice",
    "S-total.creditcardprice",
    "S-total.emoneyprice",
    "S-total.menuqty_cnt",
    "S-total.menutype_cnt",
    "S-total.total_etc",
    "S-total.total_price",
    "S-void_menu.nm",
    "S-void_menu.price"
  ],
  "predictions": [
    {
      "bounding_box": [
        75,
        319,
        60,
        24,
        "901016"
      ],
      "classification_label": "S-menu.num",
      "box_id": 0,
      "class_probability": 0.985138475894928,
      "scores": [
        0.0004792539693880826,
        0.0007243810105137527,
        0.00048451771726831794,
        0.00082675606245175,
        0.0005705381045117974,
        0.00036601893953047693,
        0.985138475894928,
        0.0005616677808575332,
        0.0004353568656370044,
        0.0006717838696204126,
        0.0002870169992092997,
        0.000457120273495093,
        0.0006027850904501975,
        0.0007872708374634385,
        0.0003768024907913059,
        0.000344506319379434,
        0.0003403175505809486,
        0.0005485553410835564,
        0.0005249240784905851,
        0.0007976973429322243,
        0.0006053977413102984,
        0.00031147527624852955,
        0.000718890514690429,
        0.00045710065751336515,
        0.00020955181389581412,
        0.00028530103736557066,
        0.0005495158839039505,
        0.000358166842488572,
        0.00020259773009456694,
        0.0005852168542332947,
        0.0003911133389919996
      ],
      "PSL_classification_label": "S-menu.num",
      "PSL_lineitem_number": 1
    },
    {
      "bounding_box": [
        205,
        315,
        100,
        26,
        "- TICKET CP"
      ],
      "classification_label": "S-menu.nm",
      "box_id": 1,
      "class_probability": 0.8636468648910522,
      "scores": [
        0.00321052223443985,
        0.0004193354398012161,
        0.00137298833578825,
        0.0020601300057023764,
        0.0006260091904550791,
        0.8636468648910522,
        0.0012125595239922404,
        0.0006040653679519892,
        0.0006758823874406517,
        0.0011060821125283837,
        0.11273680627346039,
        0.0005582537269219756,
        0.0006001946749165654,
        0.0005948439938947558,
        0.0011326592648401856,
        0.0005105527234263718,
        0.0004791311512235552,
        0.0007128610741347075,
        0.0006195724126882851,
        0.0006799596012569964,
        0.0004833571147173643,
        0.0007607187144458294,
        0.0005602644523605704,
        0.000338790996465832,
        0.0005626680795103312,
        0.00046337099047377706,
        0.0005609124200418591,
        0.0006626522517763078,
        0.000521178066264838,
        0.0007678968831896782,
        0.0007589324959553778
      ],
      "PSL_classification_label": "S-menu.nm",
      "PSL_lineitem_number": 1
    },
    {
      "bounding_box": [
        133,
        353,
        12,
        18,
        "4"
      ],
      "classification_label": "S-menu.cnt",
      "box_id": 2,
      "class_probability": 0.9980040192604065,
      "scores": [
        6.407614273484796e-05,
        0.9980040192604065,
        5.094262814964168e-05,
        6.228058919077739e-05,
        4.577080107992515e-05,
        5.410143785411492e-05,
        6.707287684548646e-05,
        2.9781043849652633e-05,
        0.000443875091150403,
        5.456831058836542e-05,
        4.55182816949673e-05,
        5.2166964451316744e-05,
        5.663907359121367e-05,
        3.5264554753666744e-05,
        5.002309990231879e-05,
        3.375751111889258e-05,
        4.403212733450346e-05,
        3.487469439278357e-05,
        8.472469198750332e-05,
        5.5134725698735565e-05,
        6.180274795042351e-05,
        5.952531864750199e-05,
        5.715558654628694e-05,
        6.00467283220496e-05,
        6.159104668768123e-05,
        7.146791904233396e-05,
        0.000108132982859388,
        3.4334858355578035e-05,
        4.693086157203652e-05,
        3.104464849457145e-05,
        3.926627687178552e-05
      ],
      "PSL_classification_label": "S-menu.cnt",
      "PSL_lineitem_number": 1
    },
    {
      "bounding_box": [
        243,
        347,
        64,
        24,
        "60.000"
      ],
      "classification_label": "S-menu.unitprice",
      "box_id": 3,
      "class_probability": 0.995703399181366,
      "scores": [
        7.581444515381008e-05,
        0.00014601093425881118,
        0.0001111079691327177,
        8.645236084703356e-05,
        0.00013800391752738506,
        0.00010791869863169268,
        0.00011517416714923456,
        0.0003198782214894891,
        6.320184184005484e-05,
        9.822670836001635e-05,
        0.0001621139672352001,
        9.394442895427346e-05,
        0.0007661567651666701,
        0.995703399181366,
        6.234917236724868e-05,
        6.156697781989351e-05,
        0.00015390869521070272,
        9.756227518664673e-05,
        0.00016316089022438973,
        8.969969348981977e-05,
        0.00015783451090101153,
        0.0001539195654913783,
        0.00016591502935625613,
        0.00010393604316050187,
        7.868800457799807e-05,
        0.00012032577797072008,
        0.00010357615974498913,
        0.00014898604422342032,
        0.00014047653530724347,
        0.00010888373799389228,
        0.00010188044689130038
      ],
      "PSL_classification_label": "S-menu.unitprice",
      "PSL_lineitem_number": 1
    },
    {
      "bounding_box": [
        405,
        343,
        74,
        26,
        "240,000"
      ],
      "classification_label": "S-menu.price",
      "box_id": 4,
      "class_probability": 0.9983008503913879,
      "scores": [
        2.739257070061285e-05,
        3.2380052289227024e-05,
        4.4366381189320236e-05,
        4.918926060781814e-05,
        4.469452687771991e-05,
        5.2296069043222815e-05,
        6.294756894931197e-05,
        0.9983008503913879,
        4.178282688371837e-05,
        3.6593035474652424e-05,
        4.3070074752904475e-05,
        0.00013295876851771027,
        2.7850939659401774e-05,
        7.81643611844629e-05,
        8.221372991101816e-05,
        4.175239155301824e-05,
        3.482015017652884e-05,
        4.159683521720581e-05,
        4.775531851919368e-05,
        0.00018443784210830927,
        7.102903327904642e-05,
        7.484688831027597e-05,
        6.0248745285207406e-05,
        3.145780283375643e-05,
        4.478049595491029e-05,
        2.7488717023516074e-05,
        3.1367333576781675e-05,
        4.035250094602816e-05,
        0.00010789758380269632,
        5.1468108722474426e-05,
        5.2050818339921534e-05
      ],
      "PSL_classification_label": "S-menu.price",
      "PSL_lineitem_number": 1
    },
    {
      "bounding_box": [
        191,
        475,
        188,
        24,
        "(Qty=4.00)"
      ],
      "classification_label": "S-sub_total.etc",
      "box_id": 5,
      "class_probability": 0.18031424283981323,