{
  "scores_sequence": [
    "S-No_class",
    "S-menu.cnt",
    "S-menu.discountprice",
    "S-menu.etc",
    "S-menu.itemsubtotal",
    "S-menu.nm",
    "S-menu.num",
    "S-menu.price",
    "S-menu.sub_cnt",
    "S-menu.sub_etc",
    "S-menu.sub_nm",
    "S-menu.sub_price",
    "S-menu.sub_unitprice",
    "S-menu.unitprice",
    "S-menu.vatyn",
    "S-sub_total.discount_price",
    "S-sub_total.etc",
    "S-sub_total.othersvc_price",
    "S-sub_total.service_price",
    "S-sub_total.subtotal_price",
    "S-sub_total.tax_price",
    "S-total.cashprice",
    "S-total.changeprice",
    "S-total.creditcardprice",
    "S-total.emoneyprice",
    "S-total.menuqty_cnt",
    "S-total.menutype_cnt",
    "S-total.total_etc",
    "S-total.total_price",
    "S-void_menu.nm",
    "S-void_menu.price"
  ],
  "predictions": [
    {
      "bounding_box": [
        611,
        686,
        89,
        31,
        "46.636"
      ],
      "classification_label": "S-sub_total.subtotal_price",
      "box_id": 0,
      "class_probability": 0.9927910566329956,
      "scores": [
        0.00017578661208972335,
        0.0002540166024118662,
        0.0002854512131307274,
        0.00016722068539820611,
        0.0001523734099464491,
        0.00015941739547997713,
        0.00012318151129875332,
        0.0008560960413888097,
        0.00010864916112041101,
        0.00020152611250523478,
        0.00012595664884429425,
        0.00014795293100178242,
        0.00012596721353475004,
        0.00022305248421616852,
        0.00019993551541119814,
        0.0006932811229489744,
        0.0011777968611568213,
        0.00010311053483746946,
        7.23539269529283e-05,
        0.9927910566329956,
        0.0002670607063919306,
        9.331318869953975e-05,
        8.897232328308746e-05,
        0.00020939737441949546,
        0.0001408033276675269,
        0.00018956321582663804,
        0.00014190049842000008,
        7.65091463108547e-05,
        0.0004280343418940902,
        0.0001315930567216128,
        8.879973756847903e-05
      ],
      "PSL_classification_label": "S-sub_total.subtotal_price",
      "PSL_lineitem_number": ""
    },
    {
      "bounding_box": [
        131,
        557,
        142,
        32,
        "BASO KUAH"
      ],
      "classification_label": "S-menu.nm",
      "box_id": 1,
      "class_probability": 0.9958940744400024,
      "scores": [
        0.00013461624621413648,
        5.519952901522629e-05,
        6.235979526536539e-05,
        0.0003433899546507746,
        9.592702554073185e-05,
        0.9958940744400024,
        0.0003929159138351679,
        9.427037730347365e-05,
        7.931157597340643e-05,
        0.00016429006063845009,
        0.0007295700488612056,
        5.5540916946483776e-05,
        5.7542685681255534e-05,
        7.15436035534367e-05,
        0.00017991583445109427,
        0.00011959107359871268,
        9.054228576133028e-05,
        0.00011707816156558692,
        7.780588930472732e-05,
        8.631583477836102e-05,
        9.422058064956218e-05,
        0.0001424419169779867,
        7.101338997017592e-05,
        0.00011146954057039693,
        7.7308330219239e-05,
        5.2521329052979127e-05,
        8.517089736415073e-05,
        8.719100151211023e-05,
        0.00012708593567367643,
        0.00014921835099812597,
        0.00010053583537228405
      ],
      "PSL_classification_label": "S-menu.nm",
      "PSL_lineitem_number": 1
    },
    {
      "bounding_box": [
        425,
        561,
        18,
        29,
        "1"
      ],
      "classification_label": "S-menu.cnt",
      "box_id": 2,
      "class_probability": 0.998389482498169,
      "scores": [
        5.329533451003954e-05,
        0.998389482498169,
        4.7810914111323655e-05,
        5.7612924138084054e-05,
        3.69348781532608e-05,
        4.2281844798708335e-05,
        4.571382305584848e-05,
        2.0847777705057524e-05,
        0.0002824813418556005,
        4.7963036195142195e-05,
        3.781249688472599e-05,
        4.656510645872913e-05,
        5.960802445770241e-05,
        4.39173418271821e-05,
        4.3744410504586995e-05,
        3.058390211663209e-05,
        3.448285497142933e-05,
        3.063370240852237e-05,
        6.666658737231046e-05,
        4.217359673930332e-05,
        6.03428234171588e-05,
        5.426968346000649e-05,
        4.980902303941548e-05,
        5.619921284960583e-05,
        5.949052138021216e-05,
        4.5979482820257545e-05,
        6.93338515702635e-05,
        2.902880805777386e-05,
        4.242653085384518e-05,
        3.1059513275977224e-05,
        4.1541534301359206e-05
      ],
      "PSL_classification_label": "S-menu.cnt",
      "PSL_lineitem_number": 1
    },
    {
      "bounding_box": [
        453,
        561,
        92,
        32,
        "43.636"
      ],
      "classification_label": "S-menu.unitprice",
      "box_id": 3,
      "class_probability": 0.9964262843132019,
      "scores": [
        7.462644862243906e-05,
        0.00013538605708163232,
        9.795121877687052e-05,
        8.830575097817928e-05,
        0.00014178504352457821,
        9.470227814745158e-05,
        0.00010938028572127223,
        0.00029954611090943217,
        6.781615229556337e-05,
        9.076042624656111e-05,
        0.00013737428525928408,
        8.721454651094973e-05,
        0.0005254221032373607,
        0.9964262843132019,
        5.617403076030314e-05,
        4.588963929563761e-05,
        0.00013004886568523943,
        8.690867252880707e-05,
        0.0001095998813980259,
        0.00011560398706933483,
        0.00012722056999336928,
        9.871287329588085e-05,
        9.572033013682812e-05,
        9.163388313027099e-05,
        6.481278251158074e-05,
        0.00011595810065045953,
        8.691199036547914e-05,
        0.00010580048547126353,
        0.00010494339949218556,
        9.910555672831833e-05,
        8.838148642098531e-05
      ],
      "PSL_classification_label": "S-menu.unitprice",
      "PSL_lineitem_number": 1
    },
    {
      "bounding_box": [
        613,
        565,
        90,
        29,
        "43.636"
      ],
      "classification_label": "S-menu.price",
      "box_id": 4,
      "class_probability": 0.9982619881629944,
      "scores": [
        3.529204332153313e-05,
        4.0382190491072834e-05,
        5.322489232639782e-05,
        4.948767673340626e-05,
        4.2485968151595443e-05,
        5.62917412025854e-05,
        6.02534091740381e-05,
        0.9982619881629944,
        4.394801362650469e-05,
        4.106120832148008e-05,
        5.302320278133266e-05,
        0.00017907058645505458,
        2.673693234100938e-05,
        9.466336632613093e-05,
        8.895998325897381e-05,
        4.374892159830779e-05,
        3.905709309037775e-05,
        4.1986706492025405e-05,
        4.9866630433825776e-05,
        0.00012550465180538595,
        7.827724039088935e-05,
        6.676749762846157e-05,
        5.536139360629022e-05,
        2.85021942545427e-05,
        3.878350253216922e-05,
        3.270006345701404e-05,
        3.546012158039957e-05,
        4.11554538004566e-05,
        7.840133912395686e-05,
        6.008040872984566e-05,
        5.737655010307208e-05
      ],
      "PSL_classification_label": "S-menu.price",
      "PSL_lineitem_number": 1
    },
    {
      "bounding_box": [
        611,
        644,
        95,
        33,
        "46.636"
      ],
      "classification_label": "S-sub_total.subtotal_price",
      "box_id": 5,
      "class_probability": 0.9963489770889282,