{
  "scores_sequence": [
    "S-No_class",
    "S-menu.cnt",
    "S-menu.discountprice",
    "S-menu.etc",
    "S-menu.itemsubtotal",
    "S-menu.nm",
    "S-menu.num",
    "S-menu.price",
    "S-menu.sub_cnt",
    "S-menu.sub_etc",
    "S-menu.sub_nm",
    "S-menu.sub_price",
    "S-menu.sub_unitprice",
    "S-menu.unitprice",
    "S-menu.vatyn",
    "S-sub_total.discount_price",
    "S-sub_total.etc",
    "S-sub_total.othersvc_price",
    "S-sub_total.service_price",
    "S-sub_total.subtotal_price",
    "S-sub_total.tax_price",
    "S-total.cashprice",
    "S-total.changeprice",
    "S-total.creditcardprice",
    "S-total.emoneyprice",
    "S-total.menuqty_cnt",
    "S-total.menutype_cnt",
    "S-total.total_etc",
    "S-total.total_price",
    "S-void_menu.nm",
    "S-void_menu.price"
  ],
  "predictions": [
    {
      "bounding_box": [
        598,
        1259,
        16,
        35,
        "1"
      ],
      "classification_label": "S-menu.cnt",
      "box_id": 0,
      "class_probability": 0.9983629584312439,
      "scores": [
        6.837425462435931e-05,
        0.9983629584312439,
        5.732284262194298e-05,
        5.9882833738811314e-05,
        3.985626972280443e-05,
        4.828679084312171e-05,
        5.571902511292137e-05,
        2.028657036134973e-05,
        0.00020249371300451458,
        4.8289370170095935e-05,
        3.7537316529778764e-05,
        4.9378119001630694e-05,
        5.760600834037177e-05,
        4.290053402655758e-05,
        4.546869604382664e-05,
        3.90771783713717e-05,
        3.503771222312935e-05,
        3.217418634449132e-05,
        6.662153464276344e-05,
        5.229862290434539e-05,
        6.847187614766881e-05,
        6.335326179396361e-05,
        4.52494241471868e-05,
        5.763128137914464e-05,
        5.90200288570486e-05,
        4.91361461172346e-05,
        7.296109106391668e-05,
        2.9709248337894678e-05,
        5.708765456802212e-05,
        3.1244693673215806e-05,
        4.457861723494716e-05
      ],
      "PSL_classification_label": "S-menu.cnt",
      "PSL_lineitem_number": 1
    },
    {
      "bounding_box": [
        636,
        1222,
        541,
        66,
        "BLACK PAPPER MEATBALL PAS"
      ],
      "classification_label": "S-menu.nm",
      "box_id": 1,
      "class_probability": 0.9970525503158569,
      "scores": [
        9.294127085013315e-05,
        6.337487138807774e-05,
        3.924796328647062e-05,
        0.00018750673916656524,
        8.229759259847924e-05,
        0.9970525503158569,
        0.00019033643184229732,
        7.57337111281231e-05,
        5.992978549329564e-05,
        0.00011614688992267475,
        0.0005022905534133315,
        4.240015186951496e-05,
        4.480647112359293e-05,
        8.330978744197637e-05,
        0.00012504933692980558,
        8.607548079453409e-05,
        7.4551317084115e-05,
        8.363465894944966e-05,
        6.234392640180886e-05,
        6.854582170490175e-05,
        6.821994611527771e-05,
        0.00010590444435365498,
        5.043024066253565e-05,
        6.845397729193792e-05,
        6.230303552001715e-05,
        4.700548015534878e-05,
        6.0884980484843254e-05,
        6.937313446542248e-05,
        0.000146259946632199,
        0.00011816769983852282,
        6.9953384809196e-05
      ],
      "PSL_classification_label": "S-menu.nm",
      "PSL_lineitem_number": 1
    },
    {
      "bounding_box": [
        1230,
        1210,
        138,
        31,
        "79,000"
      ],
      "classification_label": "S-menu.price",
      "box_id": 2,
      "class_probability": 0.9971309900283813,
      "scores": [
        4.612892007571645e-05,
        5.152422090759501e-05,
        7.732186350040138e-05,
        7.461857603630051e-05,
        6.521426257677376e-05,
        8.252193219959736e-05,
        8.065691508818418e-05,
        0.9971309900283813,
        0.0001037000329233706,
        5.039583993493579e-05,
        6.718314398312941e-05,
        0.00025387294590473175,
        7.080777868395671e-05,
        0.0005303412326611578,
        0.00012718007201328874,
        5.999071436235681e-05,
        6.020512228133157e-05,
        6.970528193050995e-05,
        6.268227298278362e-05,
        6.013522943248972e-05,
        7.892453868407756e-05,
        0.0001337210414931178,
        8.219621668104082e-05,
        3.688831930048764e-05,
        8.393017196794972e-05,
        5.043820056016557e-05,
        4.1987521399278194e-05,
        7.23697230569087e-05,
        9.045369370141998e-05,
        9.949346713256091e-05,
        0.0001044335585902445
      ],
      "PSL_classification_label": "S-menu.nm",
      "PSL_lineitem_number": ""
    },
    {
      "bounding_box": [
        598,
        1302,
        16,
        39,
        "1"
      ],
      "classification_label": "S-menu.cnt",
      "box_id": 3,
      "class_probability": 0.9982526898384094,
      "scores": [
        6.28076886641793e-05,
        0.9982526898384094,
        6.070549716241658e-05,
        6.000289067742415e-05,
        4.081167571712285e-05,
        4.885822272626683e-05,
        5.6539462093496695e-05,
        2.2320167772704735e-05,
        0.0003256262862123549,
        4.80844646517653e-05,
        3.739208113984205e-05,
        4.761077434523031e-05,
        6.28728375886567e-05,
        4.234771404298954e-05,
        4.4532866013469175e-05,
        3.399818524485454e-05,
        3.349705002619885e-05,
        3.057784488191828e-05,
        6.225067045306787e-05,
        4.723661550087854e-05,
        6.545126962009817e-05,
        6.273890903685242e-05,
        4.66566052637063e-05,
        5.242701809038408e-05,
        5.631532985717058e-05,
        5.967714969301596e-05,
        7.703885057708248e-05,
        2.9594584702863358e-05,
        4.758249269798398e-05,
        3.122500856989063e-05,
        5.0537764764158055e-05
      ],
      "PSL_classification_label": "S-menu.cnt",
      "PSL_lineitem_number": 2
    },
    {
      "bounding_box": [
        636,
        1288,
        293,
        43,
        "TRUFFLE CREAM"
      ],
      "classification_label": "S-menu.nm",
      "box_id": 4,
      "class_probability": 0.9958090782165527,
      "scores": [
        0.0001178086968138814,
        6.136937736300752e-05,
        5.1282637286931276e-05,
        0.000242833120864816,
        0.00010735773685155436,
        0.9958090782165527,
        0.00023583421716466546,
        9.742032125359401e-05,
        7.574313349323347e-05,
        0.00013627226871903986,
        0.0011873421026393771,
        5.0881175411632285e-05,
        5.889578096685e-05,
        0.00010795084381243214,
        0.00015089416410773993,
        9.412174404133111e-05,
        9.312816109741107e-05,
        0.00011344277299940586,
        7.601435936521739e-05,
        9.428264456801116e-05,
        8.747262472752482e-05,
        0.00011843604443129152,
        6.498560105683282e-05,
        8.965986489783973e-05,
        7.58206078899093e-05,
        5.798750134999864e-05,
        8.022096153581515e-05,
        7.931886648293585e-05,
        0.00016788922948762774,
        0.00012894372048322111,
        8.732593414606526e-05
      ],
      "PSL_classification_label": "S-menu.nm",
      "PSL_lineitem_number": 2
    },
    {
      "bounding_box": [
        1239,
        1257,
        141,
        27,
        "77,000"
      ],
      "classification_label": "S-menu.price",
      "box_id": 5,
      "class_probability": 0.9982370138168335,