{
  "scores_sequence": [
    "S-No_class",
    "S-menu.cnt",
    "S-menu.discountprice",
    "S-menu.etc",
    "S-menu.itemsubtotal",
    "S-menu.nm",
    "S-menu.num",
    "S-menu.price",
    "S-menu.sub_cnt",
    "S-menu.sub_etc",
    "S-menu.sub_nm",
    "S-menu.sub_price",
    "S-menu.sub_unitprice",
    "S-menu.unitprice",
    "S-menu.vatyn",
    "S-sub_total.discount_price",
    "S-sub_total.etc",
    "S-sub_total.othersvc_price",
    "S-sub_total.service_price",
    "S-sub_total.subtotal_price",
    "S-sub_total.tax_price",
    "S-total.cashprice",
    "S-total.changeprice",
    "S-total.creditcardprice",
    "S-total.emoneyprice",
    "S-total.menuqty_cnt",
    "S-total.menutype_cnt",
    "S-total.total_etc",
    "S-total.total_price",
    "S-void_menu.nm",
    "S-void_menu.price"
  ],
  "predictions": [
    {
      "bounding_box": [
        117,
        528,
        506,
        83,
        "Topping Milo Sparkle (untuk 1 Po rsi)"
      ],
      "classification_label": "S-menu.nm",
      "box_id": 0,
      "class_probability": 0.9899426698684692,
      "scores": [
        0.0002456696529407054,
        0.00013609179586637765,
        0.0001350941602140665,
        0.0006239748327061534,
        0.0001982306275749579,
        0.9899426698684692,
        0.0006628158153034747,
        0.00013420965115074068,
        0.0001400619512423873,
        0.00021755268971901387,
        0.003939672838896513,
        7.610055763507262e-05,
        0.00010996136552421376,
        0.00013923371443524957,
        0.0003616222820710391,
        0.00017647616914473474,
        0.00016014701395761222,
        0.00020244055485818535,
        0.0001383174821967259,
        0.00024242875224445015,
        0.00018978974549099803,
        0.00020301650511100888,
        0.00013156686327420175,
        0.00013759099238086492,
        0.00011677217844408005,
        0.0001962637616088614,
        0.0001478397025493905,
        0.00015521330351475626,
        0.000378602824639529,
        0.00019147466809954494,
        0.00016902077186387032
      ],
      "PSL_classification_label": "S-menu.nm",
      "PSL_lineitem_number": 1
    },
    {
      "bounding_box": [
        117,
        610,
        37,
        38,
        "1x"
      ],
      "classification_label": "S-menu.cnt",
      "box_id": 1,
      "class_probability": 0.9981997013092041,
      "scores": [
        5.624465848086402e-05,
        0.9981997013092041,
        7.102407835191116e-05,
        6.510304228868335e-05,
        3.510143869789317e-05,
        4.314858961151913e-05,
        6.66170526528731e-05,
        1.9658677047118545e-05,
        0.00041013368172571063,
        4.5023454731563106e-05,
        4.71813436888624e-05,
        4.643139254767448e-05,
        5.551792128244415e-05,
        3.7018580769654363e-05,
        5.358326598070562e-05,
        3.8268492062343284e-05,
        3.508336885715835e-05,
        3.054430999327451e-05,
        5.832939496031031e-05,
        3.875649781548418e-05,
        6.821348506491631e-05,
        5.058522947365418e-05,
        4.373722185846418e-05,
        4.6366349124582484e-05,
        4.631733463611454e-05,
        7.113884203135967e-05,
        7.734267273917794e-05,
        2.8285987355047837e-05,
        3.869352804031223e-05,
        3.162751818308607e-05,
        4.517502384260297e-05
      ],
      "PSL_classification_label": "S-menu.cnt",
      "PSL_lineitem_number": 1
    },
    {
      "bounding_box": [
        329,
        610,
        78,
        31,
        "1.250"
      ],
      "classification_label": "S-menu.unitprice",
      "box_id": 2,
      "class_probability": 0.9928435683250427,
      "scores": [
        0.00010460466728545725,
        0.00025325018214061856,
        0.00033276600879617035,
        0.0001366169162793085,
        0.0002016744256252423,
        9.816976671572775e-05,
        0.00012645378592424095,
        0.00015329739835578948,
        0.00011620752047747374,
        0.000156921218149364,
        0.0001727610797388479,
        0.000174636414158158,
        0.002566123614087701,
        0.9928435683250427,
        8.396248449571431e-05,
        7.519173959735781e-05,
        0.00020611901709344238,
        0.0001566807768540457,
        0.000198685287614353,
        0.00010023830691352487,
        0.00014993733202572912,
        0.00013401091564446688,
        0.0001712460652925074,
        0.00015698843344580382,
        0.00010568349534878507,
        0.000179732553078793,
        0.0001610046165296808,
        0.00019962771330028772,
        0.000145776619319804,
        0.00017194089014083147,
        0.00016607348516117781
      ],
      "PSL_classification_label": "S-menu.unitprice",
      "PSL_lineitem_number": 1
    },
    {
      "bounding_box": [
        545,
        608,
        85,
        30,
        "1.250"
      ],
      "classification_label": "S-menu.price",
      "box_id": 3,
      "class_probability": 0.9314233064651489,
      "scores": [
        0.00030834603239782155,
        0.0003354271757416427,
        0.0010684010339900851,
        0.00018741590611170977,
        0.0003525952051859349,
        0.00039153749821707606,
        0.0003315495268907398,
        0.9314233064651489,
        0.0005360775394365191,
        0.0003109630197286606,
        0.00037900288589298725,
        0.05748720094561577,
        0.0004670374619308859,
        0.0003515307034831494,
        0.0005505179869942367,
        0.0004278083215467632,
        0.00014005192497279495,
        0.0003202362859155983,
        0.0005341683863662183,
        0.0002555098617449403,
        0.0006682284292764962,
        0.00025975541211664677,
        0.00032596991513855755,
        0.00014293573622126132,
        0.00034744947333820164,
        0.0003773967910092324,
        0.00024413425126112998,
        0.00021335987548809499,
        0.00019501928181853145,
        0.0006065613706596196,
        0.00046053004916757345
      ],
      "PSL_classification_label": "S-menu.price",
      "PSL_lineitem_number": 1
    },
    {
      "bounding_box": [
        115,
        643,
        516,
        86,
        "Bola Ubi Mini Original (14 Pcs )"
      ],
      "classification_label": "S-menu.nm",
      "box_id": 4,
      "class_probability": 0.654973030090332,
      "scores": [
        0.003283929778262973,
        0.001483902451582253,
        0.0018668989650905132,
        0.0053704348392784595,
        0.0028197411447763443,
        0.654973030090332,
        0.008650562725961208,
        0.0018561769975349307,
        0.0014018584042787552,
        0.002560397144407034,
        0.22844579815864563,
        0.0009908692445605993,
        0.0009610934648662806,
        0.0019362589810043573,
        0.008074973709881306,
        0.003552812384441495,
        0.003336560446768999,
        0.0022004672791808844,
        0.002102314494550228,
        0.02502712979912758,
        0.003206487512215972,
        0.002829136559739709,
        0.0019672701600939035,
        0.0028106505051255226,
        0.0013831122778356075,
        0.001558676827698946,
        0.0015238493215292692,
        0.0017725798534229398,
        0.01857258938252926,
        0.0016763414023444057,
        0.0018040604190900922
      ],
      "PSL_classification_label": "S-menu.nm",
      "PSL_lineitem_number": 2
    },
    {
      "bounding_box": [
        113,
        730,
        38,
        36,
        "2x"
      ],
      "classification_label": "S-menu.cnt",
      "box_id": 5,
      "class_probability": 0.9980342984199524,