{
  "scores_sequence": [
    "S-No_class",
    "S-menu.cnt",
    "S-menu.discountprice",
    "S-menu.etc",
    "S-menu.itemsubtotal",
    "S-menu.nm",
    "S-menu.num",
    "S-menu.price",
    "S-menu.sub_cnt",
    "S-menu.sub_etc",
    "S-menu.sub_nm",
    "S-menu.sub_price",
    "S-menu.sub_unitprice",
    "S-menu.unitprice",
    "S-menu.vatyn",
    "S-sub_total.discount_price",
    "S-sub_total.etc",
    "S-sub_total.othersvc_price",
    "S-sub_total.service_price",
    "S-sub_total.subtotal_price",
    "S-sub_total.tax_price",
    "S-total.cashprice",
    "S-total.changeprice",
    "S-total.creditcardprice",
    "S-total.emoneyprice",
    "S-total.menuqty_cnt",
    "S-total.menutype_cnt",
    "S-total.total_etc",
    "S-total.total_price",
    "S-void_menu.nm",
    "S-void_menu.price"
  ],
  "predictions": [
    {
      "bounding_box": [
        145,
        603,
        246,
        45,
        "PILLOW DURIA"
      ],
      "classification_label": "S-menu.nm",
      "box_id": 0,
      "class_probability": 0.9971434473991394,
      "scores": [
        0.00010460591147420928,
        8.294176222989336e-05,
        5.136585241416469e-05,
        0.00013509541167877614,
        7.650964835193008e-05,
        0.9971434473991394,
        0.00018872857617679983,
        7.028409163467586e-05,
        6.64097533444874e-05,
        0.00012320041423663497,
        0.0003690750163514167,
        4.6582805225625634e-05,
        4.8225323553197086e-05,
        7.500806532334536e-05,
        0.00012881467409897596,
        0.00010564142576185986,
        7.016836752882227e-05,
        9.515861165709794e-05,
        6.15195749560371e-05,
        7.204682333394885e-05,
        7.115124753909186e-05,
        0.00012842351861763746,
        5.3281539294403046e-05,
        5.223618427407928e-05,
        5.485766087076627e-05,
        5.065300138085149e-05,
        6.286913412623107e-05,
        7.671437197132036e-05,
        0.00011854861077154055,
        0.00014740281039848924,
        6.915406993357465e-05
      ],
      "PSL_classification_label": "S-menu.nm",
      "PSL_lineitem_number": 1
    },
    {
      "bounding_box": [
        549,
        601,
        121,
        49,
        "36,364"
      ],
      "classification_label": "S-menu.price",
      "box_id": 1,
      "class_probability": 0.9973956346511841,
      "scores": [
        4.479201743379235e-05,
        6.0512462368933484e-05,
        5.841005622642115e-05,
        8.362370863324031e-05,
        6.862606096547097e-05,
        6.924475746927783e-05,
        8.263566996902227e-05,
        0.9973956346511841,
        7.900400669313967e-05,
        5.043325654696673e-05,
        7.936020847409964e-05,
        0.00014549239131156355,
        4.876542152487673e-05,
        0.000547074421774596,
        0.00011313532013446093,
        4.8090903874253854e-05,
        5.4086347518023103e-05,
        5.745203452534042e-05,
        5.7484805438434705e-05,
        8.610912482254207e-05,
        0.00010222366836387664,
        9.170885459752753e-05,
        7.099407957866788e-05,
        3.939544330933131e-05,
        6.024648973834701e-05,
        3.4841599699575454e-05,
        4.1916595364455134e-05,
        6.062088141334243e-05,
        0.0001047963451128453,
        8.641852764412761e-05,
        7.690981874475256e-05
      ],
      "PSL_classification_label": "S-menu.price",
      "PSL_lineitem_number": 1
    },
    {
      "bounding_box": [
        155,
        655,
        204,
        44,
        "PLASTIK 25"
      ],
      "classification_label": "S-menu.nm",
      "box_id": 2,
      "class_probability": 0.8710205554962158,
      "scores": [
        0.0006580653716810048,
        0.0002449829480610788,
        0.00045064304140396416,
        0.0019539427012205124,
        0.0004334546101745218,
        0.8710205554962158,
        0.00191533996257931,
        0.0002618868020363152,
        0.0003577948664315045,
        0.0006822252762503922,
        0.11340559273958206,
        0.00024239053891506046,
        0.00038374619907699525,
        0.0004621694970410317,
        0.0009290255256928504,
        0.0004563881957437843,
        0.00036384444683790207,
        0.000494150968734175,
        0.00036753120366483927,
        0.00043567430111579597,
        0.0003730093303602189,
        0.0005432204343378544,
        0.0004208719474263489,
        0.0003034630208276212,
        0.00023855346080381423,
        0.00040258467197418213,
        0.00032812662539072335,
        0.0004608255985658616,
        0.0005364239332266152,
        0.0004557829233817756,
        0.00041761918691918254
      ],
      "PSL_classification_label": "S-menu.nm",
      "PSL_lineitem_number": 2
    },
    {
      "bounding_box": [
        653,
        659,
        26,
        40,
        "0"
      ],
      "classification_label": "S-menu.price",
      "box_id": 3,
      "class_probability": 0.9596907496452332,
      "scores": [
        0.00019419573072809726,
        0.0002524908341001719,
        0.0002142494049621746,
        0.00012383413559291512,
        0.00018978168372996151,
        0.0003104828647337854,
        0.0001900539209600538,
        0.9596907496452332,
        0.0002613857213873416,
        0.00016557662456762046,
        0.0002894410281442106,
        0.0335317999124527,
        0.00032023905077949166,
        0.0004742977034766227,
        0.0003233274328522384,
        0.00023511334438808262,
        0.00016693830548319966,
        0.00020217651035636663,
        0.00019843365589622408,
        0.00024041818687692285,
        0.000209123914828524,
        0.00020706950454041362,
        0.0003049096558243036,
        0.00012629533011931926,
        0.00017200768343172967,
        0.0002658774610608816,
        0.0001629522448638454,
        0.00018239537894260138,
        0.0002123798622051254,
        0.0003285113489255309,
        0.00025347687187604606
      ],
      "PSL_classification_label": "S-menu.price",
      "PSL_lineitem_number": 2
    },
    {
      "bounding_box": [
        545,
        705,
        125,
        49,
        "36,364"
      ],
      "classification_label": "S-sub_total.subtotal_price",
      "box_id": 4,
      "class_probability": 0.9959855675697327,
      "scores": [
        0.00017051144095603377,
        0.0001645229640416801,
        0.00010179722448810935,
        8.807262202026322e-05,
        0.00010103711247211322,
        9.45252540986985e-05,
        9.324091661255807e-05,
        0.0008102561114355922,
        7.64447104302235e-05,
        0.0001273293310077861,
        0.0001371474500047043,
        0.00010812897380674258,
        8.168591011781245e-05,
        0.00013475284504238516,
        0.0001365023199468851,
        0.00020248175133019686,
        0.00016491897986270487,
        7.84626099630259e-05,
        5.64788279007189e-05,
        0.9959855675697327,
        8.73394965310581e-05,
        0.00010403541818959638,
        7.619971438543871e-05,
        8.526031888322905e-05,
        8.913450437830761e-05,
        0.0001253384252777323,
        8.852456085151061e-05,
        5.7420184020884335e-05,
        0.0002480697585269809,
        6.468212814070284e-05,
        6.016177576384507e-05
      ],
      "PSL_classification_label": "S-sub_total.subtotal_price",
      "PSL_lineitem_number": ""
    },
    {
      "bounding_box": [
        565,
        812,
        105,
        49,
        "3,636"
      ],
      "classification_label": "S-sub_total.tax_price",
      "box_id": 5,
      "class_probability": 0.9950142502784729,