{
  "scores_sequence": [
    "S-No_class",
    "S-menu.cnt",
    "S-menu.discountprice",
    "S-menu.etc",
    "S-menu.itemsubtotal",
    "S-menu.nm",
    "S-menu.num",
    "S-menu.price",
    "S-menu.sub_cnt",
    "S-menu.sub_etc",
    "S-menu.sub_nm",
    "S-menu.sub_price",
    "S-menu.sub_unitprice",
    "S-menu.unitprice",
    "S-menu.vatyn",
    "S-sub_total.discount_price",
    "S-sub_total.etc",
    "S-sub_total.othersvc_price",
    "S-sub_total.service_price",
    "S-sub_total.subtotal_price",
    "S-sub_total.tax_price",
    "S-total.cashprice",
    "S-total.changeprice",
    "S-total.creditcardprice",
    "S-total.emoneyprice",
    "S-total.menuqty_cnt",
    "S-total.menutype_cnt",
    "S-total.total_etc",
    "S-total.total_price",
    "S-void_menu.nm",
    "S-void_menu.price"
  ],
  "predictions": [
    {
      "bounding_box": [
        481,
        2002,
        37,
        70,
        "1"
      ],
      "classification_label": "S-menu.cnt",
      "box_id": 0,
      "class_probability": 0.9982458353042603,
      "scores": [
        6.82634927215986e-05,
        0.9982458353042603,
        6.0416190535761416e-05,
        6.867683259770274e-05,
        4.059169441461563e-05,
        5.0545419071568176e-05,
        5.356275141821243e-05,
        2.0413704987731762e-05,
        0.0002638156001921743,
        5.074025102658197e-05,
        3.425362228881568e-05,
        5.2901730668963864e-05,
        6.201376527315006e-05,
        3.965978612541221e-05,
        4.506720506469719e-05,
        4.134381015319377e-05,
        3.799341357080266e-05,
        3.525013380567543e-05,
        7.221980922622606e-05,
        5.1254170102765784e-05,
        7.00605523888953e-05,
        6.0390673752408475e-05,
        5.073173451819457e-05,
        6.286659481702372e-05,
        6.154484435683116e-05,
        5.1035072829108685e-05,
        8.327652176376432e-05,
        3.105703217443079e-05,
        5.264826540951617e-05,
        3.545920844771899e-05,
        4.637339588953182e-05
      ],
      "PSL_classification_label": "S-menu.cnt",
      "PSL_lineitem_number": 1
    },
    {
      "bounding_box": [
        718,
        1994,
        415,
        78,
        "SALMON PESTO"
      ],
      "classification_label": "S-menu.nm",
      "box_id": 1,
      "class_probability": 0.9963244795799255,
      "scores": [
        0.00012922791938763112,
        8.508589962730184e-05,
        4.5222448534332216e-05,
        0.00019168095604982227,
        9.107845107791945e-05,
        0.9963244795799255,
        0.00018378449021838605,
        0.0001041212526615709,
        6.859493441879749e-05,
        0.0001251611247425899,
        0.0007657358655706048,
        5.772329677711241e-05,
        5.5343327403534204e-05,
        0.00012966900249011815,
        0.00014774753071833402,
        0.00011877001088578254,
        9.000465797726065e-05,
        0.00010731664224294946,
        7.224205182865262e-05,
        9.333279740530998e-05,
        8.703656203579158e-05,
        0.00014129503688309342,
        6.851739453850314e-05,
        6.851915532024577e-05,
        7.659305265406147e-05,
        5.8201385400025174e-05,
        7.184423884609714e-05,
        8.803817036096007e-05,
        0.00014667620416730642,
        0.00012839111150242388,
        7.837890007067472e-05
      ],
      "PSL_classification_label": "S-menu.nm",
      "PSL_lineitem_number": 1
    },
    {
      "bounding_box": [
        1548,
        1966,
        228,
        73,
        "85,500"
      ],
      "classification_label": "S-menu.price",
      "box_id": 2,
      "class_probability": 0.9982280135154724,
      "scores": [
        3.269115404691547e-05,
        3.1156181648839265e-05,
        5.12781880388502e-05,
        5.6453474826412275e-05,
        4.85267628391739e-05,
        5.142628288012929e-05,
        5.07719669258222e-05,
        0.9982280135154724,
        6.440300057874992e-05,
        3.607169128372334e-05,
        5.536832395591773e-05,
        0.00016639726527500898,
        3.554897921276279e-05,
        0.00015776111104059964,
        8.876128413248807e-05,
        4.23428718931973e-05,
        3.64116822311189e-05,
        5.1444090786390007e-05,
        4.5333530579227954e-05,
        4.986250860383734e-05,
        5.495169898495078e-05,
        8.366133988602087e-05,
        6.73648391966708e-05,
        3.2179781555896625e-05,
        5.1067072490695864e-05,
        3.2666655897628516e-05,
        3.407670737942681e-05,
        5.5252912716241553e-05,
        7.210971671156585e-05,
        6.855651008663699e-05,
        6.81637175148353e-05
      ],
      "PSL_classification_label": "S-menu.nm",
      "PSL_lineitem_number": ""
    },
    {
      "bounding_box": [
        483,
        2088,
        35,
        74,
        "1"
      ],
      "classification_label": "S-menu.cnt",
      "box_id": 3,
      "class_probability": 0.9979408383369446,
      "scores": [
        6.515621498692781e-05,
        0.9979408383369446,
        6.786355515941978e-05,
        7.249262853292748e-05,
        4.269704731996171e-05,
        5.2450093789957464e-05,
        5.757412873208523e-05,
        2.319700797670521e-05,
        0.0004966413252986968,
        5.325579331838526e-05,
        3.346701851114631e-05,
        4.965548214386217e-05,
        6.706524436594918e-05,
        3.500673483358696e-05,
        4.5414675696520135e-05,
        3.728630326804705e-05,
        3.935290078516118e-05,
        3.581724740797654e-05,
        7.532004383392632e-05,
        5.179302752367221e-05,
        6.804131407989189e-05,
        6.555479922099039e-05,
        5.780949868494645e-05,
        6.715689960401505e-05,
        6.403457518899813e-05,
        7.203810673672706e-05,
        9.364259312860668e-05,
        3.149853364448063e-05,
        4.792991967406124e-05,
        3.5809018299914896e-05,
        5.418656292022206e-05
      ],
      "PSL_classification_label": "S-menu.cnt",
      "PSL_lineitem_number": 2
    },
    {
      "bounding_box": [
        718,
        2076,
        415,
        74,
        "SALMON PESTO"
      ],
      "classification_label": "S-menu.nm",
      "box_id": 4,
      "class_probability": 0.9958004355430603,
      "scores": [
        0.00013759655121248215,
        8.547378820367157e-05,
        4.9383823352400213e-05,
        0.0002165056939702481,
        9.932716784533113e-05,
        0.9958004355430603,
        0.00020320332259871066,
        0.00010895085870288312,
        7.184906280599535e-05,
        0.0001345234049949795,
        0.0010797616560012102,
        6.144474900793284e-05,
        5.955303640803322e-05,
        0.0001337829016847536,
        0.00015265611000359058,
        0.00012056449486408383,
        0.00010103702516062185,
        0.00011597382399486378,
        7.783130422467366e-05,
        0.00010562317038420588,
        9.36022843234241e-05,
        0.00014574412489309907,
        7.575678318971768e-05,
        7.208543684100732e-05,
        8.186411287169904e-05,
        6.660749932052568e-05,
        7.644471770618111e-05,
        9.474566468270496e-05,
        0.00015872225048951805,
        0.00013260412379167974,
        8.633554534753785e-05
      ],
      "PSL_classification_label": "S-menu.nm",
      "PSL_lineitem_number": 2
    },
    {
      "bounding_box": [
        1552,
        2056,
        228,
        65,
        "85,500"
      ],
      "classification_label": "S-menu.price",
      "box_id": 5,
      "class_probability": 0.9869034290313721,