{
  "scores_sequence": [
    "S-No_class",
    "S-menu.cnt",
    "S-menu.discountprice",
    "S-menu.etc",
    "S-menu.itemsubtotal",
    "S-menu.nm",
    "S-menu.num",
    "S-menu.price",
    "S-menu.sub_cnt",
    "S-menu.sub_etc",
    "S-menu.sub_nm",
    "S-menu.sub_price",
    "S-menu.sub_unitprice",
    "S-menu.unitprice",
    "S-menu.vatyn",
    "S-sub_total.discount_price",
    "S-sub_total.etc",
    "S-sub_total.othersvc_price",
    "S-sub_total.service_price",
    "S-sub_total.subtotal_price",
    "S-sub_total.tax_price",
    "S-total.cashprice",
    "S-total.changeprice",
    "S-total.creditcardprice",
    "S-total.emoneyprice",
    "S-total.menuqty_cnt",
    "S-total.menutype_cnt",
    "S-total.total_etc",
    "S-total.total_price",
    "S-void_menu.nm",
    "S-void_menu.price"
  ],
  "predictions": [
    {
      "bounding_box": [
        105,
        545,
        219,
        43,
        "ICE BLACKCOFFE"
      ],
      "classification_label": "S-menu.nm",
      "box_id": 0,
      "class_probability": 0.997312605381012,
      "scores": [
        9.234431490767747e-05,
        6.269381265155971e-05,
        4.348625225247815e-05,
        0.00015328764857258648,
        6.975555879762396e-05,
        0.997312605381012,
        0.0001708774216240272,
        7.979290967341512e-05,
        5.527725807041861e-05,
        9.723561379360035e-05,
        0.0003324298595543951,
        5.4124724556459114e-05,
        4.5058281102683395e-05,
        6.9328052632045e-05,
        0.00012311489263083786,
        8.96384080988355e-05,
        7.179174281191081e-05,
        8.021636313060299e-05,
        5.093312211101875e-05,
        6.09477428952232e-05,
        7.669314800295979e-05,
        0.00013631957699544728,
        5.786392284790054e-05,
        6.896550621604547e-05,
        6.567774107679725e-05,
        4.6269291487988085e-05,
        5.692294507753104e-05,
        6.827751349192113e-05,
        0.0001258108823094517,
        0.00011423704563640058,
        6.791519990656525e-05
      ],
      "PSL_classification_label": "S-menu.nm",
      "PSL_lineitem_number": 1
    },
    {
      "bounding_box": [
        463,
        561,
        20,
        28,
        "2"
      ],
      "classification_label": "S-menu.cnt",
      "box_id": 1,
      "class_probability": 0.9984946250915527,
      "scores": [
        5.2832216169917956e-05,
        0.9984946250915527,
        4.723697929875925e-05,
        5.4142074077390134e-05,
        3.213151285308413e-05,
        4.138449367019348e-05,
        4.2481486161705106e-05,
        2.355740434722975e-05,
        0.00015637018077541143,
        4.785317651112564e-05,
        3.651785300462507e-05,
        5.240778045845218e-05,
        6.0125770687591285e-05,
        5.9369598602643237e-05,
        3.7932310078758746e-05,
        3.309843668830581e-05,
        3.403533264645375e-05,
        3.2611780625302345e-05,
        5.891735781915486e-05,
        4.9080805183621123e-05,
        6.0061636759201065e-05,
        5.357773261494003e-05,
        4.573198384605348e-05,
        5.705582952941768e-05,
        5.7528501201886684e-05,
        5.7935594668379053e-05,
        7.361790630966425e-05,
        3.014469075424131e-05,
        5.1696835726033896e-05,
        2.9666021873708814e-05,
        3.620047937147319e-05
      ],
      "PSL_classification_label": "S-menu.cnt",
      "PSL_lineitem_number": 1
    },
    {
      "bounding_box": [
        619,
        561,
        106,
        44,
        "82,000"
      ],
      "classification_label": "S-menu.price",
      "box_id": 2,
      "class_probability": 0.9981016516685486,
      "scores": [
        3.3872300264192745e-05,
        3.716435458045453e-05,
        5.16285581397824e-05,
        7.063015073072165e-05,
        4.407315282151103e-05,
        6.406127067748457e-05,
        6.459056021412835e-05,
        0.9981016516685486,
        6.183031655382365e-05,
        4.130130764679052e-05,
        5.3946183470543474e-05,
        0.0001083069437299855,
        3.496845965855755e-05,
        0.00023011495068203658,
        9.033164678839967e-05,
        4.746820195578039e-05,
        5.523158688447438e-05,
        5.009616870665923e-05,
        4.888853436568752e-05,
        6.14007149124518e-05,
        6.094561467762105e-05,
        8.34212260087952e-05,
        6.0513673815876245e-05,
        2.8282724088057876e-05,
        5.550245987251401e-05,
        3.248876964789815e-05,
        3.196455509169027e-05,
        6.089861199143343e-05,
        9.360535477753729e-05,
        7.278947305167094e-05,
        6.7981964093633e-05
      ],
      "PSL_classification_label": "S-menu.price",
      "PSL_lineitem_number": 1
    },
    {
      "bounding_box": [
        623,
        854,
        119,
        46,
        "174,600"
      ],
      "classification_label": "S-total.total_price",
      "box_id": 3,
      "class_probability": 0.9933488965034485,
      "scores": [
        9.104316268349066e-05,
        0.00020260235760360956,
        0.00017560849664732814,
        0.00013569429574999958,
        0.0001958292123163119,
        0.0003158177714794874,
        0.0001280909636989236,
        0.00020341627532616258,
        7.457924948539585e-05,
        0.00019535337924025953,
        0.00015503929171245545,
        0.00011808711860794574,
        6.990174733800814e-05,
        0.00020415517792571336,
        0.00012333420454524457,
        0.00024093563843052834,
        0.0005795456818304956,
        0.00012910962686873972,
        0.00021889247000217438,
        0.0013396915746852756,
        0.0002662088954821229,
        0.00024089358339551836,
        0.00015648388944100589,
        0.0002129677013726905,
        0.0001600468240212649,
        0.0002622827305458486,
        8.075559890130535e-05,
        0.0001301463198615238,
        0.9933488965034485,
        7.539937359979376e-05,
        0.00016927528486121446
      ],
      "PSL_classification_label": "S-total.total_price",
      "PSL_lineitem_number": ""
    },
    {
      "bounding_box": [
        619,
        900,
        122,
        44,
        "200,000"
      ],
      "classification_label": "S-total.cashprice",
      "box_id": 4,
      "class_probability": 0.9913371801376343,
      "scores": [
        0.00014420581283047795,
        0.00012777402298524976,
        0.00012338353553786874,
        9.921807213686407e-05,
        0.00011108304897788912,
        0.00020646504708565772,
        0.00014650466619059443,
        0.00027100290753878653,
        0.0002491488994564861,
        0.00010387359361629933,
        0.00020941281400155276,
        0.00014204542094375938,
        0.00021218523033894598,
        0.0002803020179271698,
        0.00015077499847393483,
        0.00015991291729733348,
        0.0003358165849931538,
        0.0002779083151835948,
        0.00020224701438564807,
        0.0003159721090923995,
        0.00011410099978093058,
        0.9913371801376343,
        0.0006974651478230953,
        0.00021623550856020302,
        0.0002817997883539647,
        9.351508197141811e-05,
        0.0002769592683762312,
        0.0027517597191035748,
        6.528149970108643e-05,
        0.00017243827460333705,
        0.00012408316251821816
      ],
      "PSL_classification_label": "S-total.cashprice",
      "PSL_lineitem_number": ""
    },
    {
      "bounding_box": [
        619,
        947,
        108,
        44,
        "25,400"
      ],
      "classification_label": "S-total.changeprice",
      "box_id": 5,
      "class_probability": 0.9942903518676758,