{
  "scores_sequence": [
    "S-No_class",
    "S-menu.cnt",
    "S-menu.discountprice",
    "S-menu.etc",
    "S-menu.itemsubtotal",
    "S-menu.nm",
    "S-menu.num",
    "S-menu.price",
    "S-menu.sub_cnt",
    "S-menu.sub_etc",
    "S-menu.sub_nm",
    "S-menu.sub_price",
    "S-menu.sub_unitprice",
    "S-menu.unitprice",
    "S-menu.vatyn",
    "S-sub_total.discount_price",
    "S-sub_total.etc",
    "S-sub_total.othersvc_price",
    "S-sub_total.service_price",
    "S-sub_total.subtotal_price",
    "S-sub_total.tax_price",
    "S-total.cashprice",
    "S-total.changeprice",
    "S-total.creditcardprice",
    "S-total.emoneyprice",
    "S-total.menuqty_cnt",
    "S-total.menutype_cnt",
    "S-total.total_etc",
    "S-total.total_price",
    "S-void_menu.nm",
    "S-void_menu.price"
  ],
  "predictions": [
    {
      "bounding_box": [
        519,
        1012,
        328,
        76,
        "16.000"
      ],
      "classification_label": "S-total.total_price",
      "box_id": 0,
      "class_probability": 0.9961044788360596,
      "scores": [
        9.523131302557886e-05,
        9.604963997844607e-05,
        7.168247975641862e-05,
        8.358716877410188e-05,
        0.00014408449351321906,
        0.00013388271327130497,
        6.513439439004287e-05,
        0.00018235416791867465,
        3.952477345592342e-05,
        0.00010320761793991551,
        7.623796409461647e-05,
        9.855261305347085e-05,
        5.8064084441866726e-05,
        0.00016336476255673915,
        6.458826101152226e-05,
        8.108108886517584e-05,
        0.0001688722986727953,
        7.158779771998525e-05,
        8.448443259112537e-05,
        0.00019572462770156562,
        0.000142441043863073,
        0.0004401213664095849,
        0.00014000499504618347,
        0.00034011760726571083,
        0.0001293784152949229,
        0.00015503969916608185,
        6.152959394967183e-05,
        0.00023866195988375694,
        0.9961044788360596,
        6.370077608153224e-05,
        0.00010730829671956599
      ],
      "PSL_classification_label": "S-total.total_price",
      "PSL_lineitem_number": ""
    },
    {
      "bounding_box": [
        595,
        1090,
        192,
        81,
        "50.000"
      ],
      "classification_label": "S-total.cashprice",
      "box_id": 1,
      "class_probability": 0.9934200644493103,
      "scores": [
        0.00016146247799042612,
        0.00014427774294745177,
        0.00011463520058896393,
        9.41579564823769e-05,
        0.00012111032265238464,
        0.0002642355393618345,
        0.0001335345150437206,
        0.00023853984021116048,
        0.00022703724971506745,
        9.604161459719762e-05,
        0.00017924756684806198,
        0.00011457443906692788,
        0.00015684516984038055,
        0.0002864515408873558,
        0.00013908518303651363,
        6.973728886805475e-05,
        0.00012674459139816463,
        0.00022833420371171087,
        0.00013975505135022104,
        0.0001881628850242123,
        0.00010281528375344351,
        0.9934200644493103,
        0.00046276545617729425,
        0.00018587744852993637,
        0.00021190654661040753,
        0.0001017493341350928,
        0.00022021873155608773,
        0.0017025383422151208,
        7.211888441815972e-05,
        0.00015394006913993508,
        0.0001419932523276657
      ],
      "PSL_classification_label": "S-total.cashprice",
      "PSL_lineitem_number": ""
    },
    {
      "bounding_box": [
        601,
        1175,
        196,
        79,
        "34.000"
      ],
      "classification_label": "S-total.changeprice",
      "box_id": 2,
      "class_probability": 0.995995283126831,
      "scores": [
        7.083722448442131e-05,
        0.00017036861390806735,
        8.831394370645285e-05,
        0.00013645498256664723,
        0.00012821766722481698,
        9.693692845758051e-05,
        0.00016802891332190484,
        0.00014264740457292646,
        6.771297194063663e-05,
        6.348148599499837e-05,
        0.00016366167983505875,
        0.00010133677278645337,
        0.00012136360601289198,
        0.0001942515082191676,
        8.40794964460656e-05,
        9.358382521895692e-05,
        9.132707782555372e-05,
        0.00011698737216647714,
        0.00013519657659344375,
        0.00017176903202198446,
        0.0001613308268133551,
        0.00019588203576859087,
        0.995995283126831,
        0.00015417671238537878,
        0.0001881387725006789,
        0.00016207629232667387,
        0.00018046687182504684,
        0.00023783650249242783,
        0.00011259667371632531,
        0.00010220766125712544,
        0.00010348456999054179
      ],
      "PSL_classification_label": "S-total.changeprice",
      "PSL_lineitem_number": ""
    },
    {
      "bounding_box": [
        150,
        929,
        371,
        74,
        "SINGLE SCOOP"
      ],
      "classification_label": "S-menu.nm",
      "box_id": 3,
      "class_probability": 0.9971877932548523,
      "scores": [
        0.00011987063044216484,
        8.039930980885401e-05,
        4.726377665065229e-05,
        0.00012558272283058614,
        7.926062971819192e-05,
        0.9971877932548523,
        0.0001475481694797054,
        7.653699140064418e-05,
        5.460542888613418e-05,
        0.00010896279127337039,
        0.0003003344754688442,
        5.449997479445301e-05,
        4.363699918030761e-05,
        6.380515696946532e-05,
        0.00012296350905671716,
        0.00011607062333496287,
        7.930599531391636e-05,
        9.350449545308948e-05,
        6.786293670302257e-05,
        7.895786984590814e-05,
        8.598057320341468e-05,
        0.00015772212645970285,
        6.472754466813058e-05,
        5.732727004215121e-05,
        6.347190355882049e-05,
        4.840140536543913e-05,
        6.602338544325903e-05,
        6.983035564189777e-05,
        0.00014047908189240843,
        0.00012083025649189949,
        7.645243749720976e-05
      ],
      "PSL_classification_label": "S-menu.nm",
      "PSL_lineitem_number": 1
    },
    {
      "bounding_box": [
        595,
        929,
        188,
        76,
        "16.000"
      ],
      "classification_label": "S-menu.price",
      "box_id": 4,
      "class_probability": 0.9975088834762573,
      "scores": [
        3.433828896959312e-05,
        5.2466104534687474e-05,
        5.271838745102286e-05,
        7.090124563546851e-05,
        5.977970431558788e-05,
        7.537019700976089e-05,
        6.166720413602889e-05,
        0.9975088834762573,
        6.556868902407587e-05,
        4.0396160329692066e-05,
        7.135498890420422e-05,
        0.00015232968144118786,
        4.702300066128373e-05,
        0.0006062334286980331,
        9.090722596738487e-05,
        4.23243545810692e-05,
        5.309503831085749e-05,
        6.140598998172209e-05,
        4.671445640269667e-05,
        8.380015060538426e-05,
        6.655431934632361e-05,
        9.963611955754459e-05,
        7.333623943850398e-05,
        3.397680484340526e-05,
        5.975935346214101e-05,
        4.1694809624459594e-05,
        3.593834117054939e-05,
        5.8434350648894906e-05,
        0.00010569072765065357,
        7.107551209628582e-05,
        7.653914508409798e-05
      ],
      "PSL_classification_label": "S-menu.price",
      "PSL_lineitem_number": 1
    }
  ]
}