{
  "scores_sequence": [
    "S-No_class",
    "S-menu.cnt",
    "S-menu.discountprice",
    "S-menu.etc",
    "S-menu.itemsubtotal",
    "S-menu.nm",
    "S-menu.num",
    "S-menu.price",
    "S-menu.sub_cnt",
    "S-menu.sub_etc",
    "S-menu.sub_nm",
    "S-menu.sub_price",
    "S-menu.sub_unitprice",
    "S-menu.unitprice",
    "S-menu.vatyn",
    "S-sub_total.discount_price",
    "S-sub_total.etc",
    "S-sub_total.othersvc_price",
    "S-sub_total.service_price",
    "S-sub_total.subtotal_price",
    "S-sub_total.tax_price",
    "S-total.cashprice",
    "S-total.changeprice",
    "S-total.creditcardprice",
    "S-total.emoneyprice",
    "S-total.menuqty_cnt",
    "S-total.menutype_cnt",
    "S-total.total_etc",
    "S-total.total_price",
    "S-void_menu.nm",
    "S-void_menu.price"
  ],
  "predictions": [
    {
      "bounding_box": [
        620,
        987,
        142,
        100,
        "17,500"
      ],
      "classification_label": "S-total.total_price",
      "box_id": 0,
      "class_probability": 0.9968488812446594,
      "scores": [
        9.691828017821535e-05,
        9.134940046351403e-05,
        7.401030597975478e-05,
        8.510348561685532e-05,
        0.0001284203608520329,
        0.00010196098446613178,
        6.418075645342469e-05,
        0.0001578276715008542,
        3.955449938075617e-05,
        0.00010480383934918791,
        8.459548553219065e-05,
        9.961787145584822e-05,
        4.860486660618335e-05,
        0.00014222701429389417,
        6.133733404567465e-05,
        7.478494080714881e-05,
        0.00015633802104275674,
        6.618953921133652e-05,
        9.351363405585289e-05,
        0.00016311027866322547,
        0.00012794336362276226,
        0.00011736556189134717,
        0.00011791259021265432,
        0.00018228346016258,
        0.00010991333692800254,
        0.00018762332911137491,
        6.12305520917289e-05,
        0.00014155097596812993,
        0.9968488812446594,
        6.291155295912176e-05,
        0.0001079787834896706
      ],
      "PSL_classification_label": "S-total.total_price",
      "PSL_lineitem_number": ""
    },
    {
      "bounding_box": [
        658,
        1079,
        115,
        60,
        "20,000"
      ],
      "classification_label": "S-total.cashprice",
      "box_id": 1,
      "class_probability": 0.9929705262184143,
      "scores": [
        0.00018336418725084513,
        0.00013409965322352946,
        0.00013155711349099874,
        0.00010020389890996739,
        0.00011819849896710366,
        0.00022889657702762634,
        0.00012404061271809042,
        0.00028988270787522197,
        0.00022559471835847944,
        9.368935570819303e-05,
        0.00018712431483436376,
        0.00015168567188084126,
        0.00019533801241777837,
        0.00032736585126258433,
        0.00013034636504016817,
        8.090943447314203e-05,
        0.0001690106582827866,
        0.00026608159532770514,
        0.00015734141925349832,
        0.0001585465797688812,
        0.00010389580711489543,
        0.9929705262184143,
        0.00043784818262793124,
        0.0001952864258782938,
        0.00030038689146749675,
        9.71340123214759e-05,
        0.0002513568033464253,
        0.0018090527737513185,
        6.430331995943561e-05,
        0.0001756154524628073,
        0.00014130746421869844
      ],
      "PSL_classification_label": "S-total.cashprice",
      "PSL_lineitem_number": ""
    },
    {
      "bounding_box": [
        653,
        1126,
        97,
        57,
        "2,500"
      ],
      "classification_label": "S-total.changeprice",
      "box_id": 2,
      "class_probability": 0.9957410097122192,
      "scores": [
        7.22769764252007e-05,
        0.0001652990176808089,
        9.571673581376672e-05,
        0.00014257957809604704,
        0.0001284722820855677,
        0.00010089850547956303,
        0.00016052345745265484,
        0.0001607005251571536,
        7.868646935094148e-05,
        6.0466139984782785e-05,
        0.00018150753749068826,
        0.0001130507662310265,
        0.00014096444647293538,
        0.00023752692504785955,
        8.603328024037182e-05,
        7.49866958358325e-05,
        9.784688882064074e-05,
        0.00012054752733092755,
        0.00012060075823683292,
        0.0001537116477265954,
        0.00012701695959549397,
        0.00021199302864260972,
        0.9957410097122192,
        0.00017869540897663683,
        0.0002592122182250023,
        0.00018395014922134578,
        0.00021524028852581978,
        0.0002732995490077883,
        8.983912994153798e-05,
        0.00011631858069449663,
        0.00011105283920187503
      ],
      "PSL_classification_label": "S-total.changeprice",
      "PSL_lineitem_number": ""
    },
    {
      "bounding_box": [
        637,
        841,
        116,
        55,
        "15,909"
      ],
      "classification_label": "S-sub_total.subtotal_price",
      "box_id": 3,
      "class_probability": 0.9968448877334595,
      "scores": [
        0.0001325031480519101,
        0.00013683512224815786,
        9.297677752329037e-05,
        7.62705531087704e-05,
        8.784515375737101e-05,
        7.431222184095532e-05,
        7.720964640611783e-05,
        0.00030579292797483504,
        6.306808063527569e-05,
        9.631089051254094e-05,
        6.873175880173221e-05,
        9.38709345064126e-05,
        8.382778469240293e-05,
        6.384535663528368e-05,
        9.891881927615032e-05,
        0.00026191052165813744,
        0.00013198531814850867,
        7.947145059006289e-05,
        6.680625665467232e-05,
        0.9968448877334595,
        9.805116860661656e-05,
        0.00011512271157698706,
        9.010337817016989e-05,
        5.988748307572678e-05,
        7.458833715645596e-05,
        0.00014413207827601582,
        7.791025564074516e-05,
        5.360441355151124e-05,
        0.00023222182062454522,
        5.672547922586091e-05,
        6.0263144405325875e-05
      ],
      "PSL_classification_label": "S-sub_total.subtotal_price",
      "PSL_lineitem_number": ""
    },
    {
      "bounding_box": [
        657,
        895,
        93,
        51,
        "1,591"
      ],
      "classification_label": "S-sub_total.tax_price",
      "box_id": 4,
      "class_probability": 0.9859523773193359,
      "scores": [
        0.00014901653048582375,
        0.00033846584847196937,
        0.0002573810052126646,
        8.601555600762367e-05,
        0.0002369940630160272,
        0.00016770749061834067,
        0.0002839830704033375,
        0.00018126949726138264,
        0.00011559270205907524,
        0.0001658262190176174,
        0.00013064872473478317,
        0.00023824654635973275,
        0.0001526822306914255,
        0.00033941876608878374,
        0.00014906229625921696,
        0.0010061978828161955,
        0.00023069635790307075,
        0.00025557540357112885,
        0.007939351722598076,
        0.00010764924081740901,
        0.9859523773193359,
        0.00018043472664430737,
        0.00020777220197487622,
        0.00010864999785553664,
        9.946616773959249e-05,
        0.00019010237883776426,
        0.00011553649528650567,
        0.00014220464800018817,
        0.00018848884792532772,
        0.00012243512901477516,
        0.00016061073984019458
      ],
      "PSL_classification_label": "S-sub_total.tax_price",
      "PSL_lineitem_number": ""
    },
    {
      "bounding_box": [
        51,
        741,
        22,
        32,
        "1"
      ],
      "classification_label": "S-menu.cnt",
      "box_id": 5,
      "class_probability": 0.998290479183197,