{
  "scores_sequence": [
    "S-No_class",
    "S-menu.cnt",
    "S-menu.discountprice",
    "S-menu.etc",
    "S-menu.itemsubtotal",
    "S-menu.nm",
    "S-menu.num",
    "S-menu.price",
    "S-menu.sub_cnt",
    "S-menu.sub_etc",
    "S-menu.sub_nm",
    "S-menu.sub_price",
    "S-menu.sub_unitprice",
    "S-menu.unitprice",
    "S-menu.vatyn",
    "S-sub_total.discount_price",
    "S-sub_total.etc",
    "S-sub_total.othersvc_price",
    "S-sub_total.service_price",
    "S-sub_total.subtotal_price",
    "S-sub_total.tax_price",
    "S-total.cashprice",
    "S-total.changeprice",
    "S-total.creditcardprice",
    "S-total.emoneyprice",
    "S-total.menuqty_cnt",
    "S-total.menutype_cnt",
    "S-total.total_etc",
    "S-total.total_price",
    "S-void_menu.nm",
    "S-void_menu.price"
  ],
  "predictions": [
    {
      "bounding_box": [
        69,
        521,
        86,
        31,
        "Kupon 15"
      ],
      "classification_label": "S-menu.nm",
      "box_id": 0,
      "class_probability": 0.9940582513809204,
      "scores": [
        0.0001422694040229544,
        0.00012726352724712342,
        9.963977208826691e-05,
        0.0003554602444637567,
        0.00011026803986169398,
        0.9940582513809204,
        0.0005393776809796691,
        0.00012524616613518447,
        0.00010837012814590707,
        0.00016422792396042496,
        0.0016010882100090384,
        7.019210897851735e-05,
        8.319055632455274e-05,
        0.00014586508041247725,
        0.00020335178123787045,
        0.0001785997155820951,
        0.0001263345911866054,
        0.00014949130127206445,
        9.775161743164062e-05,
        9.654415771365166e-05,
        0.00012208666885271668,
        0.00019429647363722324,
        9.262203820981085e-05,
        9.70650216913782e-05,
        7.88150864536874e-05,
        8.994631934911013e-05,
        0.00011007250577677041,
        0.00011323705984978005,
        0.00021550411474891007,
        0.00019540863286238164,
        0.00010816712892847136
      ],
      "PSL_classification_label": "S-menu.nm",
      "PSL_lineitem_number": 2
    },
    {
      "bounding_box": [
        419,
        533,
        78,
        26,
        "100,000"
      ],
      "classification_label": "S-menu.price",
      "box_id": 1,
      "class_probability": 0.9984032511711121,
      "scores": [
        2.6818890546564944e-05,
        2.4409842808381654e-05,
        4.299298961996101e-05,
        5.001658428227529e-05,
        3.806541644735262e-05,
        5.0135113269789144e-05,
        5.417151623987593e-05,
        0.9984032511711121,
        4.3966894736513495e-05,
        3.292092151241377e-05,
        4.646996967494488e-05,
        0.0001335570268565789,
        2.991829205711838e-05,
        0.0001346050266874954,
        7.998430373845622e-05,
        4.5593980757985264e-05,
        4.2218722228426486e-05,
        4.551482561510056e-05,
        3.74411501979921e-05,
        6.784496508771554e-05,
        5.2215909818187356e-05,
        9.289222361985594e-05,
        5.9254041843814775e-05,
        3.148693576804362e-05,
        4.229073238093406e-05,
        2.967383261420764e-05,
        2.992251393152401e-05,
        5.2416729886317626e-05,
        6.719538214383647e-05,
        5.725478695239872e-05,
        5.542036160477437e-05
      ],
      "PSL_classification_label": "S-menu.price",
      "PSL_lineitem_number": 2
    },
    {
      "bounding_box": [
        69,
        550,
        156,
        31,
        "ADD CHICKEN BOX"
      ],
      "classification_label": "S-menu.nm",
      "box_id": 2,
      "class_probability": 0.9966508746147156,
      "scores": [
        0.00010493623267393559,
        7.858708704588935e-05,
        5.5504140618722886e-05,
        0.00022311328211799264,
        7.567411375930533e-05,
        0.9966508746147156,
        0.00022291357163339853,
        7.487241236958653e-05,
        6.801806739531457e-05,
        0.00011316032760078087,
        0.0006856867694295943,
        4.3586020183283836e-05,
        4.6759992983425036e-05,
        8.004045957932249e-05,
        0.00012936866551171988,
        9.212256554747e-05,
        8.314409933518618e-05,
        9.780339314602315e-05,
        6.263022805796936e-05,
        7.245776941999793e-05,
        7.430250843754038e-05,
        0.00013249264156911522,
        5.871867324458435e-05,
        6.192790897330269e-05,
        6.135293369879946e-05,
        5.938947288086638e-05,
        7.26957296137698e-05,
        7.348806684603915e-05,
        0.00014245313650462776,
        0.00012439757119864225,
        7.748751522740349e-05
      ],
      "PSL_classification_label": "S-menu.nm",
      "PSL_lineitem_number": 2
    },
    {
      "bounding_box": [
        461,
        563,
        38,
        24,
        "909"
      ],
      "classification_label": "S-menu.price",
      "box_id": 3,
      "class_probability": 0.9971611499786377,
      "scores": [
        4.9530313845025375e-05,
        8.819675713311881e-05,
        9.486092312727123e-05,
        5.6296255934285e-05,
        6.79948934703134e-05,
        7.013809954514727e-05,
        8.537674875697121e-05,
        0.9971611499786377,
        9.755083010531962e-05,
        5.288715328788385e-05,
        7.738735439488664e-05,
        0.00044670290662907064,
        6.0684884374495596e-05,
        0.00020743216737173498,
        0.0001120886008720845,
        8.190095832105726e-05,
        5.536044045584276e-05,
        7.20350508345291e-05,
        8.084881119430065e-05,
        0.00010105715045938268,
        0.0001383568305755034,
        9.401264105690643e-05,
        8.010029705474153e-05,
        4.4859840272692963e-05,
        7.181822729762644e-05,
        6.210189167177305e-05,
        4.1367198718944564e-05,
        6.100111568230204e-05,
        8.906253060558811e-05,
        0.00011013918265234679,
        8.779294148553163e-05
      ],
      "PSL_classification_label": "S-menu.price",
      "PSL_lineitem_number": 2
    },
    {
      "bounding_box": [
        417,
        620,
        75,
        30,
        "100,909"
      ],
      "classification_label": "S-sub_total.subtotal_price",
      "box_id": 4,
      "class_probability": 0.9968631267547607,
      "scores": [
        0.00012774195056408644,
        0.00010936710168607533,
        0.00013353412214200944,
        9.536102879792452e-05,
        7.843795901862904e-05,
        9.232330194208771e-05,
        9.994808351621032e-05,
        0.0001727494818624109,
        7.238623220473528e-05,
        0.0001253235386684537,
        9.646864782553166e-05,
        8.029613672988489e-05,
        0.00011438511864980683,
        0.00012010033970000222,
        9.011981455842033e-05,
        0.00030220215558074415,
        0.00015679761418141425,
        8.656709542265162e-05,
        7.349152292590588e-05,
        0.9968631267547607,
        5.4787713452242315e-05,
        0.00010255292727379128,
        8.912476914701983e-05,
        5.6019238400040194e-05,
        5.7320849009556696e-05,
        0.00014499554526992142,
        9.230155410477892e-05,
        5.496449739439413e-05,
        0.0001480439823353663,
        6.1005739553365856e-05,
        4.8149457143153995e-05
      ],
      "PSL_classification_label": "S-sub_total.subtotal_price",
      "PSL_lineitem_number": ""
    },
    {
      "bounding_box": [
        429,
        651,
        66,
        26,
        "10,091"
      ],
      "classification_label": "S-sub_total.tax_price",
      "box_id": 5,
      "class_probability": 0.9940599799156189,