{
  "scores_sequence": [
    "S-No_class",
    "S-menu.cnt",
    "S-menu.discountprice",
    "S-menu.etc",
    "S-menu.itemsubtotal",
    "S-menu.nm",
    "S-menu.num",
    "S-menu.price",
    "S-menu.sub_cnt",
    "S-menu.sub_etc",
    "S-menu.sub_nm",
    "S-menu.sub_price",
    "S-menu.sub_unitprice",
    "S-menu.unitprice",
    "S-menu.vatyn",
    "S-sub_total.discount_price",
    "S-sub_total.etc",
    "S-sub_total.othersvc_price",
    "S-sub_total.service_price",
    "S-sub_total.subtotal_price",
    "S-sub_total.tax_price",
    "S-total.cashprice",
    "S-total.changeprice",
    "S-total.creditcardprice",
    "S-total.emoneyprice",
    "S-total.menuqty_cnt",
    "S-total.menutype_cnt",
    "S-total.total_etc",
    "S-total.total_price",
    "S-void_menu.nm",
    "S-void_menu.price"
  ],
  "predictions": [
    {
      "bounding_box": [
        101,
        447,
        12,
        20,
        "1"
      ],
      "classification_label": "S-menu.cnt",
      "box_id": 0,
      "class_probability": 0.9983651041984558,
      "scores": [
        6.970495451241732e-05,
        0.9983651041984558,
        5.861360114067793e-05,
        6.237755587790161e-05,
        4.053573138662614e-05,
        6.193546141730621e-05,
        5.8073277614312246e-05,
        2.0115845472901128e-05,
        0.00016432776465080678,
        4.699129203800112e-05,
        3.789590118685737e-05,
        5.4621956223854795e-05,
        5.916177178733051e-05,
        4.605225694831461e-05,
        4.487555270316079e-05,
        3.815667878370732e-05,
        3.2382227800553665e-05,
        3.234441828681156e-05,
        6.1670238210354e-05,
        5.4984880989650264e-05,
        7.313959940802306e-05,
        5.647571015288122e-05,
        4.933143645757809e-05,
        5.1977625844301656e-05,
        5.9227597375866026e-05,
        5.461731780087575e-05,
        7.703466690145433e-05,
        3.108767486992292e-05,
        6.287829455686733e-05,
        3.1148661946645007e-05,
        4.308282950660214e-05
      ],
      "PSL_classification_label": "S-menu.cnt",
      "PSL_lineitem_number": 1
    },
    {
      "bounding_box": [
        124,
        442,
        164,
        20,
        "Cheezemania"
      ],
      "classification_label": "S-menu.nm",
      "box_id": 1,
      "class_probability": 0.9911830425262451,
      "scores": [
        0.0002523323055356741,
        0.0001762721367413178,
        0.00011959973926423118,
        0.00033453191281296313,
        0.00023208883067127317,
        0.9911830425262451,
        0.0007958547212183475,
        0.000257358216913417,
        0.00012311612954363227,
        0.000246217823587358,
        0.0014963275752961636,
        0.0001593086199136451,
        0.00013760228466708213,
        0.00029238726710900664,
        0.00040813040686771274,
        0.00032723500044085085,
        0.00021988550724927336,
        0.00027959104045294225,
        0.00014357635518535972,
        0.0002676599833648652,
        0.00026623584562912583,
        0.0003589082043617964,
        0.0001758867729222402,
        0.00018977835134137422,
        0.00014349573757499456,
        0.00011832929885713384,
        0.00014499972166959196,
        0.00018799124518409371,
        0.00047142087714746594,
        0.0003395874809939414,
        0.00015108761726878583
      ],
      "PSL_classification_label": "S-menu.nm",
      "PSL_lineitem_number": 1
    },
    {
      "bounding_box": [
        428,
        433,
        83,
        26,
        "9,500"
      ],
      "classification_label": "S-menu.price",
      "box_id": 2,
      "class_probability": 0.9978650212287903,
      "scores": [
        4.3112242565257475e-05,
        4.4810491090174764e-05,
        6.375716475304216e-05,
        7.55700166337192e-05,
        4.9525158829055727e-05,
        6.965541979297996e-05,
        6.834452506154776e-05,
        0.9978650212287903,
        7.650048792129382e-05,
        3.9095924876164645e-05,
        5.8266479754820466e-05,
        0.00014442962128669024,
        4.56723828392569e-05,
        0.0002947904577013105,
        9.806168964132667e-05,
        4.673768489737995e-05,
        4.628626265912317e-05,
        5.887981387786567e-05,
        5.356172550818883e-05,
        5.529706322704442e-05,
        6.784157449146733e-05,
        0.00010047872638097033,
        7.070585706969723e-05,
        2.628769289003685e-05,
        5.734399746870622e-05,
        3.906197161995806e-05,
        3.870044747600332e-05,
        6.038035644451156e-05,
        8.599163993494585e-05,
        7.314592221518978e-05,
        8.265926589956507e-05
      ],
      "PSL_classification_label": "S-menu.price",
      "PSL_lineitem_number": 1
    },
    {
      "bounding_box": [
        101,
        479,
        14,
        22,
        "1"
      ],
      "classification_label": "S-menu.cnt",
      "box_id": 3,
      "class_probability": 0.9984385371208191,
      "scores": [
        5.789699571323581e-05,
        0.9984385371208191,
        5.779014099971391e-05,
        5.917814269196242e-05,
        3.782780549954623e-05,
        5.392009552451782e-05,
        5.298788892105222e-05,
        2.0217143173795193e-05,
        0.00020339277398306876,
        4.401933983899653e-05,
        3.418875712668523e-05,
        4.963525861967355e-05,
        5.4756103054387495e-05,
        4.161844481131993e-05,
        3.8196114473976195e-05,
        3.164012014167383e-05,
        2.9581891794805415e-05,
        2.9915212508058175e-05,
        5.859622615389526e-05,
        4.832955892197788e-05,
        6.318457599263638e-05,
        5.336529648047872e-05,
        4.685892417910509e-05,
        4.9701524403644726e-05,
        5.82903521717526e-05,
        6.047985880286433e-05,
        7.42003321647644e-05,
        2.8377335183904506e-05,
        5.070108818472363e-05,
        2.9036962587269954e-05,
        4.3416763219283894e-05
      ],
      "PSL_classification_label": "S-menu.cnt",
      "PSL_lineitem_number": 2
    },
    {
      "bounding_box": [
        124,
        475,
        109,
        21,
        "Mamamia"
      ],
      "classification_label": "S-menu.nm",
      "box_id": 4,
      "class_probability": 0.9894552826881409,
      "scores": [
        0.00030828124727122486,
        0.00018059255671687424,
        0.00013466872042044997,
        0.00036510336212813854,
        0.00028516139718703926,
        0.9894552826881409,
        0.0009255120530724525,
        0.0002973753435071558,
        0.0001273738162126392,
        0.0002786451659630984,
        0.0021968402434140444,
        0.0002010645839618519,
        0.0001612433115951717,
        0.0003504716441966593,
        0.00046626210678368807,
        0.00033529018401168287,
        0.0002475383225828409,
        0.0003052035463042557,
        0.00017250399105250835,
        0.00028860013117082417,
        0.0002942049759440124,
        0.0003842108999378979,
        0.0002297776227351278,
        0.0002256711886730045,
        0.00016438843158539385,
        0.00014329724945127964,
        0.00015309992886614054,
        0.00020635532564483583,
        0.000550835276953876,
        0.00038016424514353275,
        0.000185056880582124
      ],
      "PSL_classification_label": "S-menu.nm",
      "PSL_lineitem_number": 2
    },
    {
      "bounding_box": [
        419,
        465,
        94,
        30,
        "12,500"
      ],
      "classification_label": "S-menu.price",
      "box_id": 5,
      "class_probability": 0.998289167881012,