{
  "scores_sequence": [
    "S-No_class",
    "S-menu.cnt",
    "S-menu.discountprice",
    "S-menu.etc",
    "S-menu.itemsubtotal",
    "S-menu.nm",
    "S-menu.num",
    "S-menu.price",
    "S-menu.sub_cnt",
    "S-menu.sub_etc",
    "S-menu.sub_nm",
    "S-menu.sub_price",
    "S-menu.sub_unitprice",
    "S-menu.unitprice",
    "S-menu.vatyn",
    "S-sub_total.discount_price",
    "S-sub_total.etc",
    "S-sub_total.othersvc_price",
    "S-sub_total.service_price",
    "S-sub_total.subtotal_price",
    "S-sub_total.tax_price",
    "S-total.cashprice",
    "S-total.changeprice",
    "S-total.creditcardprice",
    "S-total.emoneyprice",
    "S-total.menuqty_cnt",
    "S-total.menutype_cnt",
    "S-total.total_etc",
    "S-total.total_price",
    "S-void_menu.nm",
    "S-void_menu.price"
  ],
  "predictions": [
    {
      "bounding_box": [
        113,
        730,
        18,
        30,
        "1"
      ],
      "classification_label": "S-menu.cnt",
      "box_id": 0,
      "class_probability": 0.9983616471290588,
      "scores": [
        6.091824980103411e-05,
        0.9983616471290588,
        5.733714715461247e-05,
        5.803459862363525e-05,
        3.6542147427098826e-05,
        6.26101900706999e-05,
        6.081597166485153e-05,
        2.3321492335526273e-05,
        0.00015458310372196138,
        4.848852404393256e-05,
        3.209798887837678e-05,
        5.364436947274953e-05,
        4.924036329612136e-05,
        3.746363290701993e-05,
        4.0109054680215195e-05,
        3.950975224142894e-05,
        4.084245301783085e-05,
        3.2566509617026895e-05,
        6.786381709389389e-05,
        5.720393528463319e-05,
        7.226849265862256e-05,
        6.486364873126149e-05,
        5.6079006753861904e-05,
        6.275012856349349e-05,
        5.85105262871366e-05,
        6.829883204773068e-05,
        8.464528218610212e-05,
        3.003937854373362e-05,
        5.8054803957929835e-05,
        2.881094769691117e-05,
        4.079733116668649e-05
      ],
      "PSL_classification_label": "S-menu.cnt",
      "PSL_lineitem_number": 1
    },
    {
      "bounding_box": [
        150,
        707,
        247,
        36,
        "PHOTAI CHIN"
      ],
      "classification_label": "S-menu.nm",
      "box_id": 1,
      "class_probability": 0.9974384307861328,
      "scores": [
        0.00011040867684641853,
        8.605798211647198e-05,
        3.857481715385802e-05,
        0.00010857117013074458,
        7.348458166234195e-05,
        0.9974384307861328,
        0.0001253358495887369,
        7.371114770649001e-05,
        4.6956811274867505e-05,
        9.476639388594776e-05,
        0.00023002146917860955,
        5.30675970367156e-05,
        4.1153554775519297e-05,
        7.354164699790999e-05,
        0.00012501591118052602,
        0.00010185816063312814,
        7.911091961432248e-05,
        8.32332152640447e-05,
        5.474645513459109e-05,
        7.374820415861905e-05,
        7.446567906299606e-05,
        0.00014540791744366288,
        6.543905328726396e-05,
        5.543580846278928e-05,
        6.086748908273876e-05,
        4.537065251497552e-05,
        6.42486775177531e-05,
        7.346664642682299e-05,
        0.00013048198889009655,
        0.0001068228084477596,
        6.629965355386958e-05
      ],
      "PSL_classification_label": "S-menu.nm",
      "PSL_lineitem_number": 1
    },
    {
      "bounding_box": [
        569,
        685,
        117,
        27,
        "36,500"
      ],
      "classification_label": "S-menu.price",
      "box_id": 2,
      "class_probability": 0.9977284073829651,
      "scores": [
        4.035721576656215e-05,
        4.732125307782553e-05,
        5.4026178986532614e-05,
        6.878271233290434e-05,
        5.649936792906374e-05,
        6.0439608205342665e-05,
        7.094465399859473e-05,
        0.9977284073829651,
        6.260474037844688e-05,
        4.8203757614828646e-05,
        6.497036520158872e-05,
        0.00013732665684074163,
        4.0552396967541426e-05,
        0.0003057235444430262,
        0.00010849331738427281,
        5.104750016471371e-05,
        5.6830034736776724e-05,
        5.074617001810111e-05,
        5.837807839270681e-05,
        0.0001301727315876633,
        9.700129885459319e-05,
        9.141596092376858e-05,
        7.902856305008754e-05,
        3.267681677243672e-05,
        5.512233838089742e-05,
        3.8193964428501204e-05,
        3.913749605999328e-05,
        6.011717050569132e-05,
        0.0001216324235429056,
        7.360240124398842e-05,
        7.029649714240804e-05
      ],
      "PSL_classification_label": "S-menu.nm",
      "PSL_lineitem_number": ""
    },
    {
      "bounding_box": [
        575,
        759,
        119,
        26,
        "36,500"
      ],
      "classification_label": "S-sub_total.subtotal_price",
      "box_id": 3,
      "class_probability": 0.9970345497131348,
      "scores": [
        0.00010758338612504303,
        7.21506803529337e-05,
        0.0001572599430801347,
        7.365903002209961e-05,
        6.546760414494202e-05,
        8.700967009644955e-05,
        6.591006967937574e-05,
        0.00017139996634796262,
        6.400272832252085e-05,
        0.00010643753921613097,
        9.885963663691655e-05,
        7.002474012551829e-05,
        6.0994996601948515e-05,
        7.770156662445515e-05,
        7.515352626796812e-05,
        0.0004028859839309007,
        0.0001854191068559885,
        6.443068559747189e-05,
        5.6493303418392316e-05,
        0.9970345497131348,
        6.37809353065677e-05,
        0.0001287215418415144,
        7.711799116805196e-05,
        6.303924601525068e-05,
        7.515911420341581e-05,
        0.00011077415547333658,
        6.852504156995565e-05,
        5.276920273900032e-05,
        0.0001542924001114443,
        6.636812031501904e-05,
        4.213596184854396e-05
      ],
      "PSL_classification_label": "S-sub_total.subtotal_price",
      "PSL_lineitem_number": 1
    },
    {
      "bounding_box": [
        599,
        802,
        99,
        30,
        "3,650"
      ],
      "classification_label": "S-sub_total.tax_price",
      "box_id": 4,
      "class_probability": 0.9794268608093262,
      "scores": [
        0.0002731676504481584,
        0.0003355285443831235,
        0.0002914931974373758,
        0.00015536698629148304,
        0.00022833026014268398,
        0.0002877877268474549,
        0.0003147467505186796,
        0.00026757389423437417,
        0.00020826695254072547,
        0.0002836856001522392,
        0.00022720075503457338,
        0.000277230836218223,
        0.00020800337370019406,
        0.0005604579928331077,
        0.00024365136050619185,
        0.001073793158866465,
        0.00038909484283067286,
        0.00044556648936122656,
        0.01174582727253437,
        0.0001463993248762563,
        0.9794268608093262,
        0.0003269834560342133,
        0.0004175897338427603,
        0.000136749426019378,
        0.00015989915118552744,
        0.00035741651663556695,
        0.0002598993305582553,
        0.00028545554960146546,
        0.0002841713430825621,
        0.0001642563584027812,
        0.00021760741947218776
      ],
      "PSL_classification_label": "S-sub_total.tax_price",
      "PSL_lineitem_number": ""
    },
    {
      "bounding_box": [
        586,
        855,
        117,
        32,
        "40,150"
      ],
      "classification_label": "S-total.total_price",
      "box_id": 5,
      "class_probability": 0.9958337545394897,