{
  "scores_sequence": [
    "S-No_class",
    "S-menu.cnt",
    "S-menu.discountprice",
    "S-menu.etc",
    "S-menu.itemsubtotal",
    "S-menu.nm",
    "S-menu.num",
    "S-menu.price",
    "S-menu.sub_cnt",
    "S-menu.sub_etc",
    "S-menu.sub_nm",
    "S-menu.sub_price",
    "S-menu.sub_unitprice",
    "S-menu.unitprice",
    "S-menu.vatyn",
    "S-sub_total.discount_price",
    "S-sub_total.etc",
    "S-sub_total.othersvc_price",
    "S-sub_total.service_price",
    "S-sub_total.subtotal_price",
    "S-sub_total.tax_price",
    "S-total.cashprice",
    "S-total.changeprice",
    "S-total.creditcardprice",
    "S-total.emoneyprice",
    "S-total.menuqty_cnt",
    "S-total.menutype_cnt",
    "S-total.total_etc",
    "S-total.total_price",
    "S-void_menu.nm",
    "S-void_menu.price"
  ],
  "predictions": [
    {
      "bounding_box": [
        627,
        931,
        148,
        82,
        "19,500"
      ],
      "classification_label": "S-total.total_price",
      "box_id": 0,
      "class_probability": 0.9967932105064392,
      "scores": [
        8.873696788214147e-05,
        9.003918239613995e-05,
        7.135746272979304e-05,
        8.307417010655627e-05,
        0.00011669762170640752,
        9.648976265452802e-05,
        6.316460348898545e-05,
        0.0001252970687346533,
        3.9575719711137936e-05,
        9.913543181028217e-05,
        6.536654836963862e-05,
        9.465813491260633e-05,
        5.372789746616036e-05,
        0.00013070784916635603,
        6.0785434470744804e-05,
        9.232571756001562e-05,
        0.00018965554772876203,
        6.62244128761813e-05,
        8.453632472082973e-05,
        0.00016492872964590788,
        0.00013549378491006792,
        0.00013747809862252325,
        0.00013153704639989883,
        0.0002664912026375532,
        0.00012102203618269414,
        0.00016438901366200298,
        5.69265139347408e-05,
        0.00015412109496537596,
        0.9967932105064392,
        6.253633182495832e-05,
        0.0001003738580038771
      ],
      "PSL_classification_label": "S-total.total_price",
      "PSL_lineitem_number": ""
    },
    {
      "bounding_box": [
        651,
        1025,
        140,
        44,
        "100,000"
      ],
      "classification_label": "S-total.cashprice",
      "box_id": 1,
      "class_probability": 0.9923269152641296,
      "scores": [
        0.00014448765432462096,
        0.00013031045091338456,
        0.00012384168803691864,
        9.908997890306637e-05,
        0.00012078268628101796,
        0.00023760113981552422,
        0.00013435198343358934,
        0.0002595096593722701,
        0.00025129978894256055,
        0.00010674904478946701,
        0.0001789453235687688,
        0.0001322897442150861,
        0.0001853065623436123,
        0.00025574766914360225,
        0.000142462900839746,
        8.980953134596348e-05,
        0.00016704674635548145,
        0.0002397061907686293,
        0.00014970132906455547,
        0.00016083830269053578,
        0.00011336230090819299,
        0.9923269152641296,
        0.00041480286745354533,
        0.00018721894593909383,
        0.00022432424884755164,
        9.518863225821406e-05,
        0.00026654996327124536,
        0.0026964747812598944,
        7.272601942531765e-05,
        0.00015965620696078986,
        0.0001328263751929626
      ],
      "PSL_classification_label": "S-total.cashprice",
      "PSL_lineitem_number": ""
    },
    {
      "bounding_box": [
        651,
        1076,
        121,
        42,
        "80,500"
      ],
      "classification_label": "S-total.changeprice",
      "box_id": 2,
      "class_probability": 0.9960408210754395,
      "scores": [
        6.832394865341485e-05,
        0.00015721036470495164,
        0.00010810506501002237,
        0.0001403999631293118,
        0.00012223453086335212,
        0.00010098260827362537,
        0.0001641668932279572,
        0.00012841405987273902,
        6.806848978158087e-05,
        6.513662810903043e-05,
        0.00017013154865708202,
        0.0001204370564664714,
        0.00011164321767864749,
        0.0001684020389802754,
        8.64668982103467e-05,
        9.392698848387226e-05,
        0.00011061647819587961,
        0.00011330534471198916,
        0.00013911884161643684,
        0.00017317449965048581,
        0.00013841228792443871,
        0.00020701442554127425,
        0.9960408210754395,
        0.0001708378258626908,
        0.00021736201597377658,
        0.00010579778609098867,
        0.00015888430061750114,
        0.0002546204486861825,
        9.076598507817835e-05,
        9.09338123165071e-05,
        0.00011435028864070773
      ],
      "PSL_classification_label": "S-total.changeprice",
      "PSL_lineitem_number": ""
    },
    {
      "bounding_box": [
        637,
        781,
        119,
        41,
        "17,727"
      ],
      "classification_label": "S-sub_total.subtotal_price",
      "box_id": 3,
      "class_probability": 0.9969822764396667,
      "scores": [
        0.0001158090090029873,
        0.000135202964884229,
        9.393724758410826e-05,
        7.585601997561753e-05,
        8.6859698058106e-05,
        7.10568274371326e-05,
        7.178856321843341e-05,
        0.00028247598675079644,
        6.107625813456252e-05,
        9.886162297334522e-05,
        7.423009083140641e-05,
        9.439219138585031e-05,
        6.69982036924921e-05,
        5.4626885685138404e-05,
        9.667036647442728e-05,
        0.00023866277479100972,
        0.0001266619801754132,
        7.153563637984917e-05,
        6.56895645079203e-05,
        0.9969822764396667,
        9.124033385887742e-05,
        9.796728409128264e-05,
        7.368741353275254e-05,
        5.838384458911605e-05,
        7.453661237377673e-05,
        0.0001409962133038789,
        7.804407505318522e-05,
        4.8462043196195737e-05,
        0.00025997680495493114,
        5.740144843002781e-05,
        5.4614225518889725e-05
      ],
      "PSL_classification_label": "S-sub_total.subtotal_price",
      "PSL_lineitem_number": ""
    },
    {
      "bounding_box": [
        655,
        830,
        101,
        43,
        "1,773"
      ],
      "classification_label": "S-sub_total.tax_price",
      "box_id": 4,
      "class_probability": 0.9954671859741211,
      "scores": [
        9.707837307360023e-05,
        0.0002095569361699745,
        0.00014898949302732944,
        5.313483052304946e-05,
        0.0001276649272767827,
        0.00010573110921541229,
        0.0001371054822811857,
        0.00012161930499132723,
        6.641841173404828e-05,
        0.00010220950207440183,
        8.427826833212748e-05,
        0.00011439107765909284,
        7.960987568367273e-05,
        0.00017301701882388443,
        0.00010436783486511558,
        0.0005438830121420324,
        0.00024842083803378046,
        0.0001281124132219702,
        0.0008665192872285843,
        7.363278564298525e-05,
        0.9954671859741211,
        0.00010792603279696777,
        0.0001235830713994801,
        7.883027865318581e-05,
        6.168970139697194e-05,
        0.00010912441939581186,
        6.284885603236035e-05,
        9.783155837794766e-05,
        0.00015073608665261418,
        6.113985000411049e-05,
        9.330924513051286e-05
      ],
      "PSL_classification_label": "S-sub_total.tax_price",
      "PSL_lineitem_number": ""
    },
    {
      "bounding_box": [
        37,
        686,
        20,
        33,
        "1"
      ],
      "classification_label": "S-menu.cnt",
      "box_id": 5,
      "class_probability": 0.9981940388679504,