{
  "scores_sequence": [
    "S-No_class",
    "S-menu.cnt",
    "S-menu.discountprice",
    "S-menu.etc",
    "S-menu.itemsubtotal",
    "S-menu.nm",
    "S-menu.num",
    "S-menu.price",
    "S-menu.sub_cnt",
    "S-menu.sub_etc",
    "S-menu.sub_nm",
    "S-menu.sub_price",
    "S-menu.sub_unitprice",
    "S-menu.unitprice",
    "S-menu.vatyn",
    "S-sub_total.discount_price",
    "S-sub_total.etc",
    "S-sub_total.othersvc_price",
    "S-sub_total.service_price",
    "S-sub_total.subtotal_price",
    "S-sub_total.tax_price",
    "S-total.cashprice",
    "S-total.changeprice",
    "S-total.creditcardprice",
    "S-total.emoneyprice",
    "S-total.menuqty_cnt",
    "S-total.menutype_cnt",
    "S-total.total_etc",
    "S-total.total_price",
    "S-void_menu.nm",
    "S-void_menu.price"
  ],
  "predictions": [
    {
      "bounding_box": [
        315,
        1338,
        26,
        49,
        "1"
      ],
      "classification_label": "S-menu.cnt",
      "box_id": 0,
      "class_probability": 0.998347282409668,
      "scores": [
        6.573246355401352e-05,
        0.998347282409668,
        6.171067070681602e-05,
        5.847961801919155e-05,
        3.9719081541989e-05,
        6.497391586890444e-05,
        6.310689786914736e-05,
        2.271692210342735e-05,
        0.00016996375052258372,
        4.563161564874463e-05,
        3.382146678632125e-05,
        5.201215390115976e-05,
        5.141413566889241e-05,
        3.611596912378445e-05,
        4.3156574975000694e-05,
        4.107231507077813e-05,
        3.57716744474601e-05,
        3.25356813846156e-05,
        7.063365046633407e-05,
        5.620214142254554e-05,
        6.694230251014233e-05,
        6.216389738256112e-05,
        5.619035073323175e-05,
        6.313470657914877e-05,
        5.736016828450374e-05,
        6.108591333031654e-05,
        8.243267802754417e-05,
        2.9313083359738812e-05,
        5.513559881364927e-05,
        3.1616902560926974e-05,
        4.27569066232536e-05
      ],
      "PSL_classification_label": "S-menu.cnt",
      "PSL_lineitem_number": 1
    },
    {
      "bounding_box": [
        433,
        1338,
        418,
        55,
        "Chicken HCC. 1Pcs"
      ],
      "classification_label": "S-menu.nm",
      "box_id": 1,
      "class_probability": 0.9976018071174622,
      "scores": [
        9.681118535809219e-05,
        6.758110248483717e-05,
        3.454151737969369e-05,
        0.00012729948502965271,
        7.428039680235088e-05,
        0.9976018071174622,
        0.0001571781322127208,
        7.180303509812802e-05,
        4.4539745431393385e-05,
        0.00010066357936011627,
        0.00019954878371208906,
        4.467311373446137e-05,
        3.959030073019676e-05,
        8.201033051591367e-05,
        9.325827704742551e-05,
        8.730695117264986e-05,
        6.781145202694461e-05,
        8.359792991541326e-05,
        5.7383844250580296e-05,
        6.641619984293357e-05,
        6.225429387995973e-05,
        0.0001110368175432086,
        5.1586859626695514e-05,
        5.419786612037569e-05,
        6.321071850834414e-05,
        4.2846899305004627e-05,
        6.15184471826069e-05,
        5.990032514091581e-05,
        0.00011147215263918042,
        0.00011209172225790098,
        7.16390204615891e-05
      ],
      "PSL_classification_label": "S-menu.nm",
      "PSL_lineitem_number": 1
    },
    {
      "bounding_box": [
        1097,
        1334,
        153,
        53,
        "15.000"
      ],
      "classification_label": "S-menu.price",
      "box_id": 2,
      "class_probability": 0.9979920387268066,
      "scores": [
        3.502024992485531e-05,
        4.437630559550598e-05,
        4.9502843467053026e-05,
        6.060925079509616e-05,
        4.856899249716662e-05,
        5.8727975556394085e-05,
        5.6628778111189604e-05,
        0.9979920387268066,
        5.869348387932405e-05,
        3.627339901868254e-05,
        6.605363159906119e-05,
        0.00014479737728834152,
        3.8576650695176795e-05,
        0.0003222918603569269,
        9.036507253767923e-05,
        4.015386730316095e-05,
        4.054636519867927e-05,
        4.762031676364131e-05,
        4.420895129442215e-05,
        7.637310773134232e-05,
        7.094466127455235e-05,
        8.034193160710856e-05,
        6.938726437510923e-05,
        2.8264517823117785e-05,
        5.0701619329629466e-05,
        3.329685205244459e-05,
        3.352633211761713e-05,
        5.3535037295660004e-05,
        8.388551941607147e-05,
        7.442690548487008e-05,
        7.012006972217932e-05
      ],
      "PSL_classification_label": "S-menu.price",
      "PSL_lineitem_number": 1
    },
    {
      "bounding_box": [
        1094,
        1455,
        156,
        49,
        "15,000"
      ],
      "classification_label": "S-sub_total.subtotal_price",
      "box_id": 3,
      "class_probability": 0.9966866374015808,
      "scores": [
        0.00013201496039982885,
        0.00010663027933333069,
        0.0001408017851645127,
        8.369226998183876e-05,
        8.032465848373249e-05,
        8.909284952096641e-05,
        8.62270753714256e-05,
        0.00039590647793374956,
        5.577271440415643e-05,
        9.938437870005146e-05,
        8.977876859717071e-05,
        8.46022812766023e-05,
        8.593875827500597e-05,
        9.593646245775744e-05,
        9.421232243767008e-05,
        0.0003184442757628858,
        0.00011395160254323855,
        7.115441258065403e-05,
        6.655599281657487e-05,
        0.9966866374015808,
        9.394755034008995e-05,
        0.00015071620873641223,
        8.845729462336749e-05,
        4.912541407975368e-05,
        7.035481394268572e-05,
        0.00013917320757173002,
        8.266833174275234e-05,
        5.8926943893311545e-05,
        0.00017437843780498952,
        6.62824822939001e-05,
        4.896171230939217e-05
      ],
      "PSL_classification_label": "S-sub_total.subtotal_price",
      "PSL_lineitem_number": ""
    },
    {
      "bounding_box": [
        1121,
        1632,
        129,
        52,
        "1,500"
      ],
      "classification_label": "S-sub_total.tax_price",
      "box_id": 4,
      "class_probability": 0.9942924976348877,
      "scores": [
        0.0001174044591607526,
        0.00026070207240991294,
        0.00020691294048447162,
        6.675758049823344e-05,
        0.00014739095058757812,
        0.00011183555034222081,
        0.00016296823741868138,
        0.00012288331345189363,
        8.220944437198341e-05,
        0.00012907313066534698,
        9.55954528762959e-05,
        0.00013570069859270006,
        0.0001044879318214953,
        0.0002177524584112689,
        0.00011928686581086367,
        0.0006657764897681773,
        0.00028839093283750117,
        0.00016400036111008376,
        0.0011613840470090508,
        0.00012170422269264236,
        0.9942924976348877,
        0.00015285320114344358,
        0.00015885505126789212,
        9.600191697245464e-05,
        7.646476296940818e-05,
        0.00014383322559297085,
        8.753311703912914e-05,
        0.00011841885861940682,
        0.00020271746325306594,
        7.240097329486161e-05,
        0.00011623191676335409
      ],
      "PSL_classification_label": "S-sub_total.tax_price",
      "PSL_lineitem_number": ""
    },
    {
      "bounding_box": [
        1092,
        1749,
        167,
        101,
        "16,500"
      ],
      "classification_label": "S-total.total_price",
      "box_id": 5,
      "class_probability": 0.9965715408325195,