{
  "scores_sequence": [
    "S-No_class",
    "S-menu.cnt",
    "S-menu.discountprice",
    "S-menu.etc",
    "S-menu.itemsubtotal",
    "S-menu.nm",
    "S-menu.num",
    "S-menu.price",
    "S-menu.sub_cnt",
    "S-menu.sub_etc",
    "S-menu.sub_nm",
    "S-menu.sub_price",
    "S-menu.sub_unitprice",
    "S-menu.unitprice",
    "S-menu.vatyn",
    "S-sub_total.discount_price",
    "S-sub_total.etc",
    "S-sub_total.othersvc_price",
    "S-sub_total.service_price",
    "S-sub_total.subtotal_price",
    "S-sub_total.tax_price",
    "S-total.cashprice",
    "S-total.changeprice",
    "S-total.creditcardprice",
    "S-total.emoneyprice",
    "S-total.menuqty_cnt",
    "S-total.menutype_cnt",
    "S-total.total_etc",
    "S-total.total_price",
    "S-void_menu.nm",
    "S-void_menu.price"
  ],
  "predictions": [
    {
      "bounding_box": [
        99,
        423,
        166,
        42,
        "PKT AYAM"
      ],
      "classification_label": "S-menu.nm",
      "box_id": 0,
      "class_probability": 0.9961349964141846,
      "scores": [
        0.00012895614781882614,
        8.408504800172523e-05,
        6.101108738221228e-05,
        0.00020286490325815976,
        9.977645095204934e-05,
        0.9961349964141846,
        0.0003059568698517978,
        0.00010033073340309784,
        6.348366878228262e-05,
        0.0001442587235942483,
        0.0005146654439158738,
        6.0924568970222026e-05,
        5.4017320508137345e-05,
        8.686760702403262e-05,
        0.00017653063696343452,
        0.0001336408604402095,
        9.985707583837211e-05,
        0.00011874277697643265,
        7.974712207214907e-05,
        0.0001165461799246259,
        0.00011292962881270796,
        0.00017672334797680378,
        7.580232340842485e-05,
        9.952602704288438e-05,
        7.587617437820882e-05,
        5.655155109707266e-05,
        6.672099698334932e-05,
        9.848920308286324e-05,
        0.00022242921113502234,
        0.00014614597603213042,
        0.00010153702169191092
      ],
      "PSL_classification_label": "S-menu.nm",
      "PSL_lineitem_number": 1
    },
    {
      "bounding_box": [
        611,
        419,
        120,
        42,
        "33,000"
      ],
      "classification_label": "S-menu.price",
      "box_id": 1,
      "class_probability": 0.9982194304466248,
      "scores": [
        3.570023545762524e-05,
        3.926666249753907e-05,
        4.7882025683065876e-05,
        6.351818592520431e-05,
        4.87237521156203e-05,
        4.896112295682542e-05,
        6.118517922004685e-05,
        0.9982194304466248,
        5.9014419093728065e-05,
        3.6746681871591136e-05,
        4.98771587444935e-05,
        0.00014854967594146729,
        3.1615174520993605e-05,
        0.00014037238724995404,
        9.831286297412589e-05,
        4.480067946133204e-05,
        4.421994890435599e-05,
        5.093598520033993e-05,
        5.0298942369408906e-05,
        6.315004429779947e-05,
        7.328195351874456e-05,
        7.460932101821527e-05,
        6.090736133046448e-05,
        2.707037674554158e-05,
        4.6977849706308916e-05,
        3.168743569403887e-05,
        3.643777017714456e-05,
        5.439157030195929e-05,
        7.766181806800887e-05,
        6.221720104804263e-05,
        7.227757305372506e-05
      ],
      "PSL_classification_label": "S-menu.price",
      "PSL_lineitem_number": 1
    },
    {
      "bounding_box": [
        614,
        664,
        121,
        39,
        "61,600"
      ],
      "classification_label": "S-total.total_price",
      "box_id": 2,
      "class_probability": 0.9915307760238647,
      "scores": [
        0.00010616682993713766,
        0.00020938321540597826,
        0.00015586058725602925,
        0.00016023253556340933,
        0.0002508478064555675,
        0.00024539706646464765,
        0.0001137968065449968,
        0.0006327322334982455,
        6.736247451044619e-05,
        0.00019093161972705275,
        0.00016103035886771977,
        0.00013844137720298022,
        7.539247599197552e-05,
        0.00021290597214829177,
        0.00013288533955346793,
        0.00013596360804513097,
        0.0002520378911867738,
        9.804519504541531e-05,
        0.00012199501361465082,
        0.003475140780210495,
        0.00016110084834508598,
        0.00013501029752660543,
        0.00016239566321019083,
        0.00021373153140302747,
        0.0001472675212426111,
        0.0002212622348451987,
        8.608325879322365e-05,
        0.0001581763499416411,
        0.9915307760238647,
        9.4956012617331e-05,
        0.0001526140986243263
      ],
      "PSL_classification_label": "S-total.total_price",
      "PSL_lineitem_number": ""
    },
    {
      "bounding_box": [
        614,
        712,
        121,
        40,
        "61,600"
      ],
      "classification_label": "S-total.cashprice",
      "box_id": 3,
      "class_probability": 0.4487064778804779,
      "scores": [
        0.0014028918230906129,
        0.0012855716049671173,
        0.001997383777052164,
        0.0013289502821862698,
        0.0011729801772162318,
        0.0015981111209839582,
        0.0008640085579827428,
        0.0008922810084186494,
        0.0011317044263705611,
        0.001166582922451198,
        0.001043560798279941,
        0.0008945653098635375,
        0.0016805772902444005,
        0.0008349839481525123,
        0.002403528429567814,
        0.001542618265375495,
        0.0017182386945933104,
        0.0021846320014446974,
        0.0009457584237679839,
        0.0038049095310270786,
        0.0007764609763398767,
        0.4487064778804779,
        0.0014225768391042948,
        0.3291986286640167,
        0.15870870649814606,
        0.0005897718365304172,
        0.0011397411581128836,
        0.026038669049739838,
        0.0006527674850076437,
        0.001587956678122282,
        0.0012844287557527423
      ],
      "PSL_classification_label": "S-total.cashprice",
      "PSL_lineitem_number": ""
    },
    {
      "bounding_box": [
        320,
        520,
        81,
        39,
        "2.00"
      ],
      "classification_label": "S-total.menuqty_cnt",
      "box_id": 4,
      "class_probability": 0.47885069251060486,
      "scores": [
        0.0022913909051567316,
        0.135382279753685,
        0.009409965947270393,
        0.004814823158085346,
        0.0026276574935764074,
        0.0014320039190351963,
        0.002961165504530072,
        0.0007439262699335814,
        0.14364369213581085,
        0.005057540722191334,
        0.004271815996617079,
        0.004610000643879175,
        0.02160412073135376,
        0.0025984961539506912,
        0.0027344797272235155,
        0.002075847005471587,
        0.002693680115044117,
        0.0025166713166981936,
        0.0027159969322383404,
        0.002496167551726103,
        0.002729585161432624,
        0.0034368669148534536,
        0.0022976372856646776,
        0.0030591252725571394,
        0.0020229758229106665,
        0.47885069251060486,
        0.13771043717861176,
        0.005640857387334108,
        0.0008544523734599352,
        0.004006689414381981,
        0.002708940301090479
      ],
      "PSL_classification_label": "S-total.menuqty_cnt",
      "PSL_lineitem_number": ""
    },
    {
      "bounding_box": [
        99,
        473,
        204,
        40,
        "GULAI OTAK"
      ],
      "classification_label": "S-menu.nm",
      "box_id": 5,
      "class_probability": 0.9960216879844666,