{
  "scores_sequence": [
    "S-No_class",
    "S-menu.cnt",
    "S-menu.discountprice",
    "S-menu.etc",
    "S-menu.itemsubtotal",
    "S-menu.nm",
    "S-menu.num",
    "S-menu.price",
    "S-menu.sub_cnt",
    "S-menu.sub_etc",
    "S-menu.sub_nm",
    "S-menu.sub_price",
    "S-menu.sub_unitprice",
    "S-menu.unitprice",
    "S-menu.vatyn",
    "S-sub_total.discount_price",
    "S-sub_total.etc",
    "S-sub_total.othersvc_price",
    "S-sub_total.service_price",
    "S-sub_total.subtotal_price",
    "S-sub_total.tax_price",
    "S-total.cashprice",
    "S-total.changeprice",
    "S-total.creditcardprice",
    "S-total.emoneyprice",
    "S-total.menuqty_cnt",
    "S-total.menutype_cnt",
    "S-total.total_etc",
    "S-total.total_price",
    "S-void_menu.nm",
    "S-void_menu.price"
  ],
  "predictions": [
    {
      "bounding_box": [
        101,
        712,
        14,
        38,
        "1"
      ],
      "classification_label": "S-menu.cnt",
      "box_id": 0,
      "class_probability": 0.9982293248176575,
      "scores": [
        6.800615665270016e-05,
        0.9982293248176575,
        6.070622112019919e-05,
        6.319139356492087e-05,
        3.955676584155299e-05,
        8.657651051180437e-05,
        7.254858064698055e-05,
        2.42356036324054e-05,
        0.00015177909517660737,
        5.27560587215703e-05,
        3.956755608669482e-05,
        6.303303962340578e-05,
        5.480679465108551e-05,
        3.980994733865373e-05,
        4.3475316488184035e-05,
        4.201950287097134e-05,
        3.6139470466878265e-05,
        3.430751894484274e-05,
        6.502722681034356e-05,
        5.829080691910349e-05,
        7.11687098373659e-05,
        6.694933108519763e-05,
        5.689143654308282e-05,
        6.641628715442494e-05,
        5.9871450503123924e-05,
        7.768310024403036e-05,
        8.934101060731336e-05,
        3.204073436791077e-05,
        7.787343201925978e-05,
        3.2694628316676244e-05,
        4.3987372919218615e-05
      ],
      "PSL_classification_label": "S-menu.cnt",
      "PSL_lineitem_number": 1
    },
    {
      "bounding_box": [
        159,
        708,
        116,
        42,
        "Combo 1"
      ],
      "classification_label": "S-menu.nm",
      "box_id": 1,
      "class_probability": 0.9960775971412659,
      "scores": [
        0.0001547907158965245,
        0.00014035320782568306,
        6.822990690125152e-05,
        0.00020326024969108403,
        0.0001170606556115672,
        0.9960775971412659,
        0.00021578338055405766,
        0.00011482091213110834,
        8.662550681037828e-05,
        0.0001226367603521794,
        0.00045976636465638876,
        7.084308163030073e-05,
        5.900972610106692e-05,
        0.00015776617510709912,
        0.00020953470084350556,
        0.00013086924445815384,
        6.72817332088016e-05,
        0.00010678924445528537,
        8.916688966564834e-05,
        9.690695151221007e-05,
        9.471980592934415e-05,
        0.00017473471234552562,
        7.834438292775303e-05,
        7.943497621454298e-05,
        6.767718150513247e-05,
        7.535979966633022e-05,
        9.945700730895624e-05,
        8.563156734453514e-05,
        0.0001825115759856999,
        0.00020309748651925474,
        0.00010989073780365288
      ],
      "PSL_classification_label": "S-menu.nm",
      "PSL_lineitem_number": 1
    },
    {
      "bounding_box": [
        635,
        711,
        95,
        34,
        "30.000"
      ],
      "classification_label": "S-menu.price",
      "box_id": 2,
      "class_probability": 0.9982798099517822,
      "scores": [
        2.978793600050267e-05,
        3.7788082408951595e-05,
        3.9846639992902055e-05,
        5.764341403846629e-05,
        4.2184285121038556e-05,
        5.5727778089931235e-05,
        5.8389508922118694e-05,
        0.9982798099517822,
        4.84765951114241e-05,
        3.558705429895781e-05,
        5.005200728191994e-05,
        0.00011965585872530937,
        2.684011087694671e-05,
        0.00016885223158169538,
        8.668572991155088e-05,
        3.7814363167854026e-05,
        3.946275683119893e-05,
        4.479860217543319e-05,
        4.173049455857836e-05,
        8.31580109661445e-05,
        6.444357859436423e-05,
        7.567067950731143e-05,
        5.719559339922853e-05,
        3.0340419471031055e-05,
        4.8294648877345026e-05,
        2.6852347218664363e-05,
        3.196827674400993e-05,
        5.016085924580693e-05,
        0.00011133747466374189,
        5.617980059469119e-05,
        6.319809472188354e-05
      ],
      "PSL_classification_label": "S-menu.price",
      "PSL_lineitem_number": 1
    },
    {
      "bounding_box": [
        633,
        785,
        108,
        66,
        "30.000"
      ],
      "classification_label": "S-total.total_price",
      "box_id": 3,
      "class_probability": 0.99637371301651,
      "scores": [
        0.00011004013504134491,
        0.00011214052210561931,
        9.746924479259178e-05,
        0.00011358907067915425,
        0.0001682364527368918,
        0.0001421973283868283,
        6.577900785487145e-05,
        0.0001745361223584041,
        4.3981206545140594e-05,
        0.00014094791549723595,
        9.128818055614829e-05,
        9.55823779804632e-05,
        5.803105887025595e-05,
        0.00017979661060962826,
        7.272806396940723e-05,
        9.154624422080815e-05,
        0.0001766969362506643,
        7.896868191892281e-05,
        9.37652075663209e-05,
        0.000265340058831498,
        0.00010278479021508247,
        0.00010835096327355132,
        0.0001608115271665156,
        0.00017448201833758503,
        0.00011591881775530055,
        0.00019919444457627833,
        7.033286237856373e-05,
        0.00012886975309811532,
        0.99637371301651,
        7.475521124433726e-05,
        0.00011801598884630948
      ],
      "PSL_classification_label": "S-total.total_price",
      "PSL_lineitem_number": ""
    },
    {
      "bounding_box": [
        639,
        895,
        100,
        36,
        "50.000"
      ],
      "classification_label": "S-total.cashprice",
      "box_id": 4,
      "class_probability": 0.9924724102020264,
      "scores": [
        0.00016425453941337764,
        0.00016559600771870464,
        0.00012454221723601222,
        9.947322541847825e-05,
        0.00013660623517353088,
        0.00027193286223337054,
        0.00013469281839206815,
        0.00023760879412293434,
        0.00024951176601462066,
        9.816217789193615e-05,
        0.00020607163605745882,
        0.0001426768722012639,
        0.00019575610349420458,
        0.0002767588885035366,
        0.00014158166595734656,
        7.981434464454651e-05,
        0.00012870864884462208,
        0.00027059594867751,
        0.00016547397535759956,
        0.0001703969610389322,
        0.000104092265246436,
        0.9924724102020264,
        0.0006836169632151723,
        0.00019309647905174643,
        0.00027188981766812503,
        0.00012081192107871175,
        0.0002823647519107908,
        0.0020249783992767334,
        8.129808702506125e-05,
        0.00016115084872581065,
        0.00014403663226403296
      ],
      "PSL_classification_label": "S-total.cashprice",
      "PSL_lineitem_number": ""
    },
    {
      "bounding_box": [
        639,
        935,
        100,
        37,
        "20.000"
      ],
      "classification_label": "S-total.changeprice",
      "box_id": 5,
      "class_probability": 0.9958809614181519,