{
  "scores_sequence": [
    "S-No_class",
    "S-menu.cnt",
    "S-menu.discountprice",
    "S-menu.etc",
    "S-menu.itemsubtotal",
    "S-menu.nm",
    "S-menu.num",
    "S-menu.price",
    "S-menu.sub_cnt",
    "S-menu.sub_etc",
    "S-menu.sub_nm",
    "S-menu.sub_price",
    "S-menu.sub_unitprice",
    "S-menu.unitprice",
    "S-menu.vatyn",
    "S-sub_total.discount_price",
    "S-sub_total.etc",
    "S-sub_total.othersvc_price",
    "S-sub_total.service_price",
    "S-sub_total.subtotal_price",
    "S-sub_total.tax_price",
    "S-total.cashprice",
    "S-total.changeprice",
    "S-total.creditcardprice",
    "S-total.emoneyprice",
    "S-total.menuqty_cnt",
    "S-total.menutype_cnt",
    "S-total.total_etc",
    "S-total.total_price",
    "S-void_menu.nm",
    "S-void_menu.price"
  ],
  "predictions": [
    {
      "bounding_box": [
        287,
        730,
        20,
        26,
        "X"
      ],
      "classification_label": "S-menu.cnt",
      "box_id": 0,
      "class_probability": 0.9202248454093933,
      "scores": [
        0.0016210697358474135,
        0.9202248454093933,
        0.0013385099591687322,
        0.0023651253432035446,
        0.0009397048852406442,
        0.008478866890072823,
        0.0048403749242424965,
        0.0008576047257520258,
        0.004143126774579287,
        0.001097198692150414,
        0.0036633331328630447,
        0.0017781510250642896,
        0.0020393701270222664,
        0.0009347678860649467,
        0.0010969318682327867,
        0.0006840183050371706,
        0.0008146447944454849,
        0.0009544284548610449,
        0.0008876983192749321,
        0.0012306037824600935,
        0.0015408644685521722,
        0.0011960590491071343,
        0.0021313834004104137,
        0.0007436613086611032,
        0.0008815368637442589,
        0.024327674880623817,
        0.0052413130179047585,
        0.0010709448251873255,
        0.0012311325408518314,
        0.0006270326557569206,
        0.0010180603712797165
      ],
      "PSL_classification_label": "S-menu.cnt",
      "PSL_lineitem_number": 3
    },
    {
      "bounding_box": [
        141,
        686,
        250,
        39,
        "THAI ICED TEA (L)"
      ],
      "classification_label": "S-menu.nm",
      "box_id": 1,
      "class_probability": 0.9974334836006165,
      "scores": [
        9.4155955594033e-05,
        6.888045754749328e-05,
        4.053016527905129e-05,
        0.00015384242578875273,
        7.111109152901918e-05,
        0.9974334836006165,
        0.00020786988898180425,
        7.840129546821117e-05,
        5.3879997722106054e-05,
        0.00010650826152414083,
        0.0002230252284789458,
        4.346834248281084e-05,
        4.640907354769297e-05,
        6.363994179992005e-05,
        0.00010902259236900136,
        8.595929102739319e-05,
        7.02664619893767e-05,
        8.73358512762934e-05,
        5.760970452683978e-05,
        5.959605550742708e-05,
        5.826416963827796e-05,
        0.00011746844393201172,
        4.629970499081537e-05,
        5.957866596872918e-05,
        6.498715811176226e-05,
        4.905333844362758e-05,
        6.698258221149445e-05,
        6.206330726854503e-05,
        0.00012413861986715347,
        0.00012933339166920632,
        6.682300590910017e-05
      ],
      "PSL_classification_label": "S-menu.nm",
      "PSL_lineitem_number": 3
    },
    {
      "bounding_box": [
        245,
        730,
        16,
        29,
        "1"
      ],
      "classification_label": "S-menu.cnt",
      "box_id": 2,
      "class_probability": 0.9982971549034119,
      "scores": [
        6.026616392773576e-05,
        0.9982971549034119,
        5.607372440863401e-05,
        6.361346459016204e-05,
        3.474684490356594e-05,
        5.857256837771274e-05,
        5.771537689724937e-05,
        2.0021541786263697e-05,
        0.00034390506334602833,
        3.984041541116312e-05,
        4.771112071466632e-05,
        5.303068246576004e-05,
        5.6632965424796566e-05,
        3.227787965442985e-05,
        4.640679617295973e-05,
        3.343085336382501e-05,
        3.4117212635464966e-05,
        2.989004678966012e-05,
        5.8210716815665364e-05,
        3.6376892239786685e-05,
        6.045855116099119e-05,
        5.494161450769752e-05,
        4.662105129682459e-05,
        4.846772935707122e-05,
        5.082960342406295e-05,
        7.834572897991166e-05,
        7.611704495502636e-05,
        2.6556655939202756e-05,
        3.436585029703565e-05,
        2.6067877115565352e-05,
        3.733171251951717e-05
      ],
      "PSL_classification_label": "S-menu.cnt",
      "PSL_lineitem_number": 3
    },
    {
      "bounding_box": [
        402,
        725,
        92,
        30,
        "16,363"
      ],
      "classification_label": "S-menu.unitprice",
      "box_id": 3,
      "class_probability": 0.99528968334198,
      "scores": [
        8.096834790194407e-05,
        0.00019161302770953625,
        0.0001320440787822008,
        9.574281284585595e-05,
        0.00016833074914757162,
        9.459145803702995e-05,
        8.916503429645672e-05,
        0.0006908688228577375,
        8.829212310956791e-05,
        0.00010997095523634925,
        0.00013112000306136906,
        0.0001322966709267348,
        0.0007520230137743056,
        0.99528968334198,
        7.222760905278847e-05,
        6.261649104999378e-05,
        0.00016569005674682558,
        9.472370584262535e-05,
        0.00014591895160265267,
        0.00011066690785810351,
        0.00017435172048863024,
        0.00012588323443196714,
        0.00012972558033652604,
        0.00010480000491952524,
        8.680862811161205e-05,
        0.00010948258568532765,
        0.00010134835611097515,
        0.00012712525494862348,
        0.00011539242404978722,
        0.00010703141742851585,
        0.00011950071348110214
      ],
      "PSL_classification_label": "S-menu.unitprice",
      "PSL_lineitem_number": 3
    },
    {
      "bounding_box": [
        602,
        719,
        93,
        32,
        "16,363"
      ],
      "classification_label": "S-menu.price",
      "box_id": 4,
      "class_probability": 0.9978432655334473,
      "scores": [
        3.308643863420002e-05,
        5.03932787978556e-05,
        4.359844024293125e-05,
        4.808514495380223e-05,
        4.893833101959899e-05,
        6.691009912174195e-05,
        6.191655847942457e-05,
        0.9978432655334473,
        4.249614357831888e-05,
        4.11281107517425e-05,
        5.9982343373121694e-05,
        0.00017400618526153266,
        2.88700084638549e-05,
        0.00010119999205926433,
        9.259872604161501e-05,
        4.047283437103033e-05,
        4.47059610451106e-05,
        4.283397720428184e-05,
        5.8067285863216966e-05,
        0.0003834923554677516,
        0.00010421903425594792,
        7.827284571249038e-05,
        6.984261563047767e-05,
        3.3840191463241354e-05,
        4.530797741608694e-05,
        3.5795786970993504e-05,
        3.753742203116417e-05,
        4.553882172331214e-05,
        0.00013529056741390377,
        5.5825672461651266e-05,
        5.255396172287874e-05
      ],
      "PSL_classification_label": "S-menu.price",
      "PSL_lineitem_number": 3
    },
    {
      "bounding_box": [
        609,
        838,
        95,
        32,
        "16,363"
      ],
      "classification_label": "S-sub_total.subtotal_price",
      "box_id": 5,
      "class_probability": 0.9951283931732178,