{
  "scores_sequence": [
    "S-No_class",
    "S-menu.cnt",
    "S-menu.discountprice",
    "S-menu.etc",
    "S-menu.itemsubtotal",
    "S-menu.nm",
    "S-menu.num",
    "S-menu.price",
    "S-menu.sub_cnt",
    "S-menu.sub_etc",
    "S-menu.sub_nm",
    "S-menu.sub_price",
    "S-menu.sub_unitprice",
    "S-menu.unitprice",
    "S-menu.vatyn",
    "S-sub_total.discount_price",
    "S-sub_total.etc",
    "S-sub_total.othersvc_price",
    "S-sub_total.service_price",
    "S-sub_total.subtotal_price",
    "S-sub_total.tax_price",
    "S-total.cashprice",
    "S-total.changeprice",
    "S-total.creditcardprice",
    "S-total.emoneyprice",
    "S-total.menuqty_cnt",
    "S-total.menutype_cnt",
    "S-total.total_etc",
    "S-total.total_price",
    "S-void_menu.nm",
    "S-void_menu.price"
  ],
  "predictions": [
    {
      "bounding_box": [
        11,
        335,
        177,
        29,
        "Cuka Apel Tetes"
      ],
      "classification_label": "S-menu.nm",
      "box_id": 0,
      "class_probability": 0.9961978793144226,
      "scores": [
        0.00014775709132663906,
        0.00011763303336920217,
        5.8133973652729765e-05,
        0.00021351904433686286,
        0.00011111037019873038,
        0.9961978793144226,
        0.0003499049926176667,
        0.00011391809675842524,
        7.106053089955822e-05,
        0.00014861291856504977,
        0.0002199825830757618,
        6.988835230004042e-05,
        5.306997991283424e-05,
        7.654024375369772e-05,
        0.00016035392764024436,
        0.00012524204794317484,
        0.00010455456504132599,
        0.00012280582450330257,
        8.478819654555991e-05,
        0.00011267264926573262,
        0.00011531237396411598,
        0.00017544679576531053,
        8.413390605710447e-05,
        0.00010057244799099863,
        9.185416274704039e-05,
        5.8917936257785186e-05,
        8.597250416642055e-05,
        9.775604848982766e-05,
        0.0002658423036336899,
        0.000148360850289464,
        0.00011640912998700514
      ],
      "PSL_classification_label": "S-menu.nm",
      "PSL_lineitem_number": 1
    },
    {
      "bounding_box": [
        193,
        345,
        12,
        20,
        "1"
      ],
      "classification_label": "S-menu.cnt",
      "box_id": 1,
      "class_probability": 0.9982701539993286,
      "scores": [
        6.152861897135153e-05,
        0.9982701539993286,
        5.521284037968144e-05,
        5.768663322669454e-05,
        4.074204116477631e-05,
        3.97963885916397e-05,
        5.6333501561312005e-05,
        3.099863533861935e-05,
        0.00022846052888780832,
        5.842387326993048e-05,
        3.5268207284389064e-05,
        5.635080378851853e-05,
        6.272085738601163e-05,
        5.705241710529663e-05,
        4.605112917488441e-05,
        3.87923646485433e-05,
        4.3542077037272975e-05,
        2.9801260097883642e-05,
        7.17662915121764e-05,
        5.55384685867466e-05,
        6.285559356911108e-05,
        6.918772123754025e-05,
        5.783000960946083e-05,
        6.549400131916627e-05,
        6.258647772483528e-05,
        4.695909228757955e-05,
        8.106371387839317e-05,
        2.8529215342132375e-05,
        4.918338163406588e-05,
        3.53782634192612e-05,
        4.445501326699741e-05
      ],
      "PSL_classification_label": "S-menu.cnt",
      "PSL_lineitem_number": 1
    },
    {
      "bounding_box": [
        13,
        365,
        84,
        26,
        "198000"
      ],
      "classification_label": "S-menu.unitprice",
      "box_id": 2,
      "class_probability": 0.9874228239059448,
      "scores": [
        0.00014689969248138368,
        0.00023415610485244542,
        0.00015001388965174556,
        0.00024731410667300224,
        0.0002862493274733424,
        0.00023261034220922738,
        0.0010994699550792575,
        0.004291190300136805,
        0.00015682147932238877,
        0.0002194957050960511,
        0.0003117515589110553,
        0.0002323688822798431,
        0.0007167886360548437,
        0.9874228239059448,
        0.00017024223052430898,
        0.00014861952513456345,
        0.0003193314769305289,
        0.00017617038975004107,
        0.00015790801262483,
        0.0004508907732088119,
        0.00034972638241015375,
        0.0004239111440256238,
        0.0003629825951065868,
        0.00018099909357260913,
        0.00015162248746491969,
        0.00018747535068541765,
        0.00018918824207503349,
        0.00021204070071689785,
        0.0003255716583225876,
        0.0002305753150722012,
        0.00021491879306267947
      ],
      "PSL_classification_label": "S-menu.unitprice",
      "PSL_lineitem_number": 1
    },
    {
      "bounding_box": [
        257,
        354,
        77,
        28,
        "198000"
      ],
      "classification_label": "S-menu.price",
      "box_id": 3,
      "class_probability": 0.9957706332206726,
      "scores": [
        5.346153920982033e-05,
        8.767461986280978e-05,
        7.530009315814823e-05,
        0.0001206099841510877,
        7.919766358099878e-05,
        0.00012496991257648915,
        0.00014054807252250612,
        0.9957706332206726,
        7.85853189881891e-05,
        6.897684943396598e-05,
        0.00011479373642941937,
        0.00013324538304004818,
        5.840399535372853e-05,
        0.0013586855493485928,
        0.00011569783237064257,
        7.514578464906663e-05,
        9.682065137894824e-05,
        6.614354788325727e-05,
        7.261794962687418e-05,
        0.00018830561020877212,
        0.00014113314682617784,
        0.00013456774468068033,
        0.00010832773114088923,
        5.1541737775551155e-05,
        9.617324394639581e-05,
        5.295911250868812e-05,
        5.3509742429014295e-05,
        8.645803609397262e-05,
        0.0001960852969205007,
        0.0001024466982926242,
        9.698292706161737e-05
      ],
      "PSL_classification_label": "S-menu.price",
      "PSL_lineitem_number": 1
    },
    {
      "bounding_box": [
        257,
        449,
        78,
        24,
        "198000"
      ],
      "classification_label": "S-sub_total.subtotal_price",
      "box_id": 4,
      "class_probability": 0.8274638652801514,
      "scores": [
        0.0009476772975176573,
        0.0030549869406968355,
        0.0014473414048552513,
        0.0009793916251510382,
        0.0009792548371478915,
        0.0010131851304322481,
        0.002198653994128108,
        0.07353903353214264,
        0.0008375202887691557,
        0.0011744952062144876,
        0.0015954992268234491,
        0.0007920451462268829,
        0.000725343415979296,
        0.006429782137274742,
        0.0013491715071722865,
        0.0023179634008556604,
        0.0037150937132537365,
        0.0007146198768168688,
        0.001656531123444438,
        0.8274638652801514,
        0.005350316409021616,
        0.00910163763910532,
        0.0021250511053949594,
        0.0016349991783499718,
        0.0013157622888684273,
        0.0010153130860999227,
        0.0006844111485406756,
        0.0009540991159155965,
        0.043251313269138336,
        0.0009974257554858923,
        0.0006382840219885111
      ],
      "PSL_classification_label": "S-sub_total.subtotal_price",
      "PSL_lineitem_number": ""
    },
    {
      "bounding_box": [
        255,
        531,
        80,
        26,
        "200200"
      ],
      "classification_label": "S-total.cashprice",
      "box_id": 5,
      "class_probability": 0.9917808175086975,