{
  "scores_sequence": [
    "S-No_class",
    "S-menu.cnt",
    "S-menu.discountprice",
    "S-menu.etc",
    "S-menu.itemsubtotal",
    "S-menu.nm",
    "S-menu.num",
    "S-menu.price",
    "S-menu.sub_cnt",
    "S-menu.sub_etc",
    "S-menu.sub_nm",
    "S-menu.sub_price",
    "S-menu.sub_unitprice",
    "S-menu.unitprice",
    "S-menu.vatyn",
    "S-sub_total.discount_price",
    "S-sub_total.etc",
    "S-sub_total.othersvc_price",
    "S-sub_total.service_price",
    "S-sub_total.subtotal_price",
    "S-sub_total.tax_price",
    "S-total.cashprice",
    "S-total.changeprice",
    "S-total.creditcardprice",
    "S-total.emoneyprice",
    "S-total.menuqty_cnt",
    "S-total.menutype_cnt",
    "S-total.total_etc",
    "S-total.total_price",
    "S-void_menu.nm",
    "S-void_menu.price"
  ],
  "predictions": [
    {
      "bounding_box": [
        163,
        733,
        14,
        23,
        "1"
      ],
      "classification_label": "S-menu.cnt",
      "box_id": 0,
      "class_probability": 0.997744083404541,
      "scores": [
        7.799556624377146e-05,
        0.997744083404541,
        6.40644648228772e-05,
        7.059777999529615e-05,
        4.475727109820582e-05,
        6.587242387467995e-05,
        6.411506910808384e-05,
        2.445883546897676e-05,
        0.0006570187397301197,
        5.505369699676521e-05,
        3.944706986658275e-05,
        4.462182550923899e-05,
        6.573668360942975e-05,
        3.7632471503457054e-05,
        5.1865546993212774e-05,
        4.152018664171919e-05,
        3.811905480688438e-05,
        3.486933565000072e-05,
        7.790932431817055e-05,
        5.0683269364526495e-05,
        7.314465619856492e-05,
        7.638216629857197e-05,
        5.0692313379840925e-05,
        6.768762978026643e-05,
        6.145820225356147e-05,
        5.797774429083802e-05,
        8.505060395691544e-05,
        3.212598676327616e-05,
        5.2743642299901694e-05,
        3.467378337518312e-05,
        5.78199906158261e-05
      ],
      "PSL_classification_label": "S-menu.cnt",
      "PSL_lineitem_number": 1
    },
    {
      "bounding_box": [
        216,
        708,
        490,
        51,
        "Lemon Tea (L). 25.000"
      ],
      "classification_label": "S-menu.nm",
      "box_id": 1,
      "class_probability": 0.49921997130149975,
      "scores": [
        9.380236042488832e-05,
        5.155819599167444e-05,
        6.147687054181006e-05,
        0.000217206905290368,
        9.20628535823198e-05,
        0.4964089584227622,
        0.00020337872592790518,
        0.49921997130149975,
        7.781733802403323e-05,
        0.00012605007941601798,
        0.0015456320434168447,
        0.00013603353727376089,
        5.374819738790393e-05,
        0.00012238868293934502,
        0.00015465912656509317,
        9.115430293604732e-05,
        8.055593389144633e-05,
        9.837111974775326e-05,
        7.100248876668047e-05,
        0.00012106819485779852,
        8.830517617752776e-05,
        0.0001172949923784472,
        7.450746124959551e-05,
        7.343144534388557e-05,
        7.38192811695626e-05,
        6.068480979593005e-05,
        6.230053077160846e-05,
        7.632896813447587e-05,
        0.0001420937005605083,
        0.00011030371751985513,
        9.399478221894242e-05
      ],
      "PSL_classification_label": "S-menu.nm",
      "PSL_lineitem_number": 1
    },
    {
      "bounding_box": [
        161,
        763,
        14,
        24,
        "1"
      ],
      "classification_label": "S-menu.cnt",
      "box_id": 3,
      "class_probability": 0.9972503781318665,
      "scores": [
        7.135663327062503e-05,
        0.9972503781318665,
        7.288910273928195e-05,
        6.862895679660141e-05,
        4.499239366850816e-05,
        6.593081343453377e-05,
        6.686811684630811e-05,
        2.8124954042141326e-05,
        0.0011000421363860369,
        5.769088238594122e-05,
        4.082913801539689e-05,
        4.403439015732147e-05,
        7.134479528758675e-05,
        3.829669003607705e-05,
        5.101569331600331e-05,
        4.0371094655711204e-05,
        4.060295395902358e-05,
        3.613554508774541e-05,
        7.292741065612063e-05,
        5.641986717819236e-05,
        7.745866605546325e-05,
        7.90044796303846e-05,
        5.55656042706687e-05,
        6.0366994148353115e-05,
        5.931026680627838e-05,
        7.832360279280692e-05,
        8.901928958948702e-05,
        3.439279680605978e-05,
        4.942805026075803e-05,
        3.528419620124623e-05,
        6.290778401307762e-05
      ],
      "PSL_classification_label": "S-menu.cnt",
      "PSL_lineitem_number": 3
    },
    {
      "bounding_box": [
        211,
        752,
        267,
        34,
        "Mike & Ike Original"
      ],
      "classification_label": "S-menu.nm",
      "box_id": 4,
      "class_probability": 0.991569995880127,
      "scores": [
        0.00018360426474828273,
        8.409455767832696e-05,
        7.283297600224614e-05,
        0.00042041504639200866,
        0.0001787917863111943,
        0.991569995880127,
        0.00040840869769454,
        0.0001177805897896178,
        0.0001142146866186522,
        0.00024849854526109993,
        0.0036032593343406916,
        7.094727334333584e-05,
        8.651942334836349e-05,
        0.00016325242177117616,
        0.00026891479501500726,
        0.00016655820945743471,
        0.00016293062071781605,
        0.000179158931132406,
        0.00011181250010849908,
        0.00018251367146149278,
        0.00013746485637966543,
        0.00016237793897744268,
        0.00010515720350667834,
        0.00013611104805022478,
        0.00011157880362588912,
        9.881233563646674e-05,
        0.00011245746281929314,
        0.00012519446318037808,
        0.00029396649915724993,
        0.00018635301967151463,
        0.00013598376244772226
      ],
      "PSL_classification_label": "S-menu.nm",
      "PSL_lineitem_number": 3
    },
    {
      "bounding_box": [
        618,
        738,
        92,
        24,
        "28.000"
      ],
      "classification_label": "S-menu.price",
      "box_id": 5,
      "class_probability": 0.9983199238777161,
      "scores": [
        2.5246195946238004e-05,
        3.5006305552087724e-05,
        4.776756759383716e-05,
        4.79309783258941e-05,
        4.134742994210683e-05,
        4.41398769908119e-05,
        4.9218026106245816e-05,
        0.9983199238777161,
        5.165708716958761e-05,
        3.2494506740476936e-05,
        4.8733163566794246e-05,
        0.00013198700617067516,
        3.160858977935277e-05,
        0.00017233322432730347,
        8.116754179354757e-05,
        4.102186721866019e-05,
        3.43298124789726e-05,
        4.5932760258438066e-05,
        4.5751330617349595e-05,
        9.22476319829002e-05,
        5.934098589932546e-05,
        8.50850046845153e-05,
        5.6409531680401415e-05,
        2.543302070989739e-05,
        4.453178553376347e-05,
        2.824609873641748e-05,
        3.17205922328867e-05,
        4.077295307070017e-05,
        8.818505011731759e-05,
        5.587119812844321e-05,
        6.447174382628873e-05
      ],
      "PSL_classification_label": "S-menu.price",
      "PSL_lineitem_number": 1
    },
    {
      "bounding_box": [
        159,
        791,
        14,
        26,
        "1"
      ],
      "classification_label": "S-menu.cnt",
      "box_id": 6,
      "class_probability": 0.9949266910552979,