{
  "scores_sequence": [
    "S-No_class",
    "S-menu.cnt",
    "S-menu.discountprice",
    "S-menu.etc",
    "S-menu.itemsubtotal",
    "S-menu.nm",
    "S-menu.num",
    "S-menu.price",
    "S-menu.sub_cnt",
    "S-menu.sub_etc",
    "S-menu.sub_nm",
    "S-menu.sub_price",
    "S-menu.sub_unitprice",
    "S-menu.unitprice",
    "S-menu.vatyn",
    "S-sub_total.discount_price",
    "S-sub_total.etc",
    "S-sub_total.othersvc_price",
    "S-sub_total.service_price",
    "S-sub_total.subtotal_price",
    "S-sub_total.tax_price",
    "S-total.cashprice",
    "S-total.changeprice",
    "S-total.creditcardprice",
    "S-total.emoneyprice",
    "S-total.menuqty_cnt",
    "S-total.menutype_cnt",
    "S-total.total_etc",
    "S-total.total_price",
    "S-void_menu.nm",
    "S-void_menu.price"
  ],
  "predictions": [
    {
      "bounding_box": [
        5,
        407,
        132,
        16,
        "Ash Chick Sambal Matah"
      ],
      "classification_label": "S-menu.nm",
      "box_id": 0,
      "class_probability": 0.997441291809082,
      "scores": [
        9.457895066589117e-05,
        7.978410576470196e-05,
        4.0342911233892664e-05,
        0.00014054897474125028,
        6.856208347016945e-05,
        0.997441291809082,
        0.00022033508867025375,
        7.27138394722715e-05,
        5.8775611250894144e-05,
        9.863519517239183e-05,
        0.00017718695744406432,
        5.067233360023238e-05,
        3.745298454305157e-05,
        6.415591633412987e-05,
        0.00012065828195773065,
        9.485834743827581e-05,
        7.252131763380021e-05,
        7.86137898103334e-05,
        6.109487731009722e-05,
        6.109581590862945e-05,
        6.872403901070356e-05,
        0.00011780558270402253,
        5.7711942645255476e-05,
        6.389488407876343e-05,
        5.792257434222847e-05,
        4.048335540574044e-05,
        6.229950668057427e-05,
        6.952372496016324e-05,
        0.00012499540753196925,
        0.0001271294167963788,
        7.549104338977486e-05
      ],
      "PSL_classification_label": "S-menu.nm",
      "PSL_lineitem_number": 4
    },
    {
      "bounding_box": [
        152,
        407,
        13,
        15,
        "5"
      ],
      "classification_label": "S-menu.cnt",
      "box_id": 1,
      "class_probability": 0.9981333613395691,
      "scores": [
        6.850263162050396e-05,
        0.9981333613395691,
        6.035634578438476e-05,
        5.788724956801161e-05,
        4.133981929044239e-05,
        5.5834818340372294e-05,
        6.735549686709419e-05,
        3.812189243035391e-05,
        0.0001527765125501901,
        5.54005746380426e-05,
        5.1745446398854256e-05,
        6.282756658038124e-05,
        7.580467354273424e-05,
        0.00011984282900812104,
        4.749778599943966e-05,
        3.892085078405216e-05,
        3.8011567085050046e-05,
        3.721124812727794e-05,
        6.503362237708643e-05,
        6.783167191315442e-05,
        7.5992000347469e-05,
        6.30470021860674e-05,
        5.69033800275065e-05,
        5.4312396969180554e-05,
        6.162118370411918e-05,
        7.88270917837508e-05,
        0.00010618063242873177,
        3.554221984813921e-05,
        5.7470133469905704e-05,
        3.5159813705831766e-05,
        3.9277507312363014e-05
      ],
      "PSL_classification_label": "S-menu.cnt",
      "PSL_lineitem_number": 4
    },
    {
      "bounding_box": [
        249,
        406,
        40,
        15,
        "75.000"
      ],
      "classification_label": "S-menu.price",
      "box_id": 2,
      "class_probability": 0.9976516366004944,
      "scores": [
        4.7107656428124756e-05,
        5.4391541198128834e-05,
        7.064706733217463e-05,
        8.6513529822696e-05,
        5.295274604577571e-05,
        7.785019261064008e-05,
        7.346258644247428e-05,
        0.9976516366004944,
        7.059203926473856e-05,
        4.934152093483135e-05,
        7.412587001454085e-05,
        0.00011677407019305974,
        4.4735246774507686e-05,
        0.0003580825577955693,
        9.932636748999357e-05,
        5.2887182391714305e-05,
        5.9086745750391856e-05,
        5.948432954028249e-05,
        4.5369917643256485e-05,
        8.170807996066287e-05,
        7.53847198211588e-05,
        9.300189412897453e-05,
        7.449302938766778e-05,
        3.455062324064784e-05,
        6.489230145234615e-05,
        4.1989496821770445e-05,
        4.305323091102764e-05,
        7.152961188694462e-05,
        0.00010039354674518108,
        8.212634566007182e-05,
        9.243325621355325e-05
      ],
      "PSL_classification_label": "S-menu.price",
      "PSL_lineitem_number": 4
    },
    {
      "bounding_box": [
        4,
        422,
        76,
        17,
        "Jamur Goreng"
      ],
      "classification_label": "S-menu.nm",
      "box_id": 3,
      "class_probability": 0.9971492886543274,
      "scores": [
        0.00010485842358320951,
        5.816674456582405e-05,
        4.8237609007628635e-05,
        0.00016208853048738092,
        7.778043072903529e-05,
        0.9971492886543274,
        0.0002210525854025036,
        7.531652227044106e-05,
        6.240749644348398e-05,
        9.960096213035285e-05,
        0.00035429836134426296,
        5.220661114435643e-05,
        4.128937507630326e-05,
        6.106377259129658e-05,
        0.00014048584853298962,
        8.685320790391415e-05,
        7.431973790517077e-05,
        9.457426494918764e-05,
        5.787050395156257e-05,
        6.470183870987967e-05,
        7.234945223899558e-05,
        0.00012271145533304662,
        6.364632281474769e-05,
        7.545160769950598e-05,
        6.579713226528838e-05,
        4.458897456061095e-05,
        6.468425272032619e-05,
        7.318182179005817e-05,
        0.00013751645747106522,
        0.00011258961603743955,
        8.107329631457105e-05
      ],
      "PSL_classification_label": "S-menu.nm",
      "PSL_lineitem_number": 4
    },
    {
      "bounding_box": [
        92,
        421,
        12,
        18,
        "2"
      ],
      "classification_label": "S-menu.cnt",
      "box_id": 4,
      "class_probability": 0.9983421564102173,
      "scores": [
        6.14881282672286e-05,
        0.9983421564102173,
        5.063874050392769e-05,
        5.351537402020767e-05,
        3.543768252711743e-05,
        3.7733756471425295e-05,
        4.835126310354099e-05,
        2.4416009182459675e-05,
        0.0001788313820725307,
        4.8612586397212e-05,
        4.470004205359146e-05,
        5.408524884842336e-05,
        6.590090924873948e-05,
        7.560053199995309e-05,
        4.3428059143479913e-05,
        3.231977825635113e-05,
        3.674793697427958e-05,
        3.5907491110265255e-05,
        6.731493340339512e-05,
        5.345396129996516e-05,
        6.838340050308034e-05,
        6.0003294493071735e-05,
        5.2127586968708783e-05,
        5.1620958402054384e-05,
        5.584500831901096e-05,
        7.938833732623607e-05,
        9.135198342846707e-05,
        3.194305827491917e-05,
        4.963590981788002e-05,
        3.197121623088606e-05,
        3.720540553331375e-05
      ],
      "PSL_classification_label": "S-menu.cnt",
      "PSL_lineitem_number": 4
    },
    {
      "bounding_box": [
        253,
        422,
        37,
        17,
        "10.000"
      ],
      "classification_label": "S-menu.price",
      "box_id": 5,
      "class_probability": 0.9976917505264282,