{
  "scores_sequence": [
    "S-No_class",
    "S-menu.cnt",
    "S-menu.discountprice",
    "S-menu.etc",
    "S-menu.itemsubtotal",
    "S-menu.nm",
    "S-menu.num",
    "S-menu.price",
    "S-menu.sub_cnt",
    "S-menu.sub_etc",
    "S-menu.sub_nm",
    "S-menu.sub_price",
    "S-menu.sub_unitprice",
    "S-menu.unitprice",
    "S-menu.vatyn",
    "S-sub_total.discount_price",
    "S-sub_total.etc",
    "S-sub_total.othersvc_price",
    "S-sub_total.service_price",
    "S-sub_total.subtotal_price",
    "S-sub_total.tax_price",
    "S-total.cashprice",
    "S-total.changeprice",
    "S-total.creditcardprice",
    "S-total.emoneyprice",
    "S-total.menuqty_cnt",
    "S-total.menutype_cnt",
    "S-total.total_etc",
    "S-total.total_price",
    "S-void_menu.nm",
    "S-void_menu.price"
  ],
  "predictions": [
    {
      "bounding_box": [
        109,
        205,
        107,
        15,
        "21.000"
      ],
      "classification_label": "S-total.total_price",
      "box_id": 0,
      "class_probability": 0.9969350099563599,
      "scores": [
        8.693504787515849e-05,
        0.00010116169869434088,
        6.867264892207459e-05,
        8.030882599996403e-05,
        0.00011517891107359901,
        0.00011857776553370059,
        7.318668212974444e-05,
        0.0001955359912244603,
        3.767988891922869e-05,
        8.283534407382831e-05,
        7.920162897789851e-05,
        7.959028880577534e-05,
        4.925828397972509e-05,
        0.00015349156456068158,
        5.8629419072531164e-05,
        7.430709956679493e-05,
        0.00013849242532160133,
        5.762876753578894e-05,
        8.096989040495828e-05,
        0.00017316524463240057,
        0.00011639753938652575,
        0.00023743965721223503,
        0.0001103613612940535,
        0.00014911429025232792,
        9.358560055261478e-05,
        0.00013290822971612215,
        5.170905569684692e-05,
        0.0001409969263477251,
        0.9969350099563599,
        5.4057298257248476e-05,
        7.376442226814106e-05
      ],
      "PSL_classification_label": "S-total.total_price",
      "PSL_lineitem_number": 4
    },
    {
      "bounding_box": [
        164,
        222,
        53,
        13,
        "30.000"
      ],
      "classification_label": "S-total.cashprice",
      "box_id": 1,
      "class_probability": 0.9929284453392029,
      "scores": [
        0.0001866465900093317,
        0.00012883165618404746,
        0.00012738441000692546,
        0.00011501595145091414,
        0.00011025337153114378,
        0.00018929532961919904,
        0.00011001976963598281,
        0.0003451521915849298,
        0.00020119526016060263,
        9.082065662369132e-05,
        0.00020241329912096262,
        0.00015352500486187637,
        0.00019428841187618673,
        0.0003463815082795918,
        0.00013670939370058477,
        6.662944360869005e-05,
        0.00017464418488088995,
        0.00026466045528650284,
        0.000163517557666637,
        0.00017689487140160054,
        0.00011921289114980027,
        0.9929284453392029,
        0.0004878412000834942,
        0.00021641886269208044,
        0.00030583879561163485,
        0.00010211678454652429,
        0.0002549008931964636,
        0.0017242023022845387,
        7.025891682133079e-05,
        0.0001793571573216468,
        0.0001270856591872871
      ],
      "PSL_classification_label": "S-total.cashprice",
      "PSL_lineitem_number": ""
    },
    {
      "bounding_box": [
        172,
        235,
        46,
        15,
        "9.000"
      ],
      "classification_label": "S-total.changeprice",
      "box_id": 2,
      "class_probability": 0.9962314963340759,
      "scores": [
        6.052720345905982e-05,
        0.00013508839765563607,
        8.245188655564561e-05,
        0.00012197680189274251,
        0.00011214387632207945,
        8.801543299341574e-05,
        0.00015636238094884902,
        0.00011982193245785311,
        6.725472485413775e-05,
        5.670841710525565e-05,
        0.00016073061851784587,
        9.368309110868722e-05,
        0.00010627506708260626,
        0.00019556914048735052,
        7.8360375482589e-05,
        7.558695506304502e-05,
        0.0001010952255455777,
        9.971685358323157e-05,
        0.00011992767394986004,
        0.0001605371362529695,
        0.00015265621186699718,
        0.00020872955792583525,
        0.9962314963340759,
        0.0001373191480524838,
        0.00021304072288330644,
        0.00015626160893589258,
        0.0001946289703482762,
        0.00022672358318232,
        9.550622780807316e-05,
        9.594635048415512e-05,
        9.58165037445724e-05
      ],
      "PSL_classification_label": "S-total.changeprice",
      "PSL_lineitem_number": ""
    },
    {
      "bounding_box": [
        16,
        172,
        10,
        16,
        "1"
      ],
      "classification_label": "S-menu.cnt",
      "box_id": 3,
      "class_probability": 0.9908046722412109,
      "scores": [
        0.00019431006512604654,
        0.9908046722412109,
        0.00021314485638868064,
        0.00014690839452669024,
        0.00011352027649991214,
        0.00014638826542068273,
        0.00021543966431636363,
        4.909714698442258e-05,
        0.0021966672502458096,
        0.00012227080878801644,
        9.472345846006647e-05,
        0.0001129007650888525,
        0.0001781546015990898,
        8.378318307222798e-05,
        0.00010583332186797634,
        7.415307482006028e-05,
        9.088813385460526e-05,
        8.815045293886214e-05,
        0.00011385366815375164,
        0.00014623408787883818,
        0.0001718158891890198,
        0.0001238412514794618,
        0.00014544646546710283,
        0.00013335185940377414,
        9.147701348410919e-05,
        0.003167535876855254,
        0.000514120445586741,
        8.871770114637911e-05,
        9.397574467584491e-05,
        8.184267062461004e-05,
        9.674105240264907e-05
      ],
      "PSL_classification_label": "S-menu.cnt",
      "PSL_lineitem_number": 4
    },
    {
      "bounding_box": [
        31,
        174,
        101,
        16,
        "BAKSO BNGKS"
      ],
      "classification_label": "S-menu.nm",
      "box_id": 4,
      "class_probability": 0.9963803887367249,
      "scores": [
        0.00011358625488355756,
        7.606021245010197e-05,
        5.303274519974366e-05,
        0.00015413647633977234,
        9.822349966270849e-05,
        0.9963803887367249,
        0.00023008862626738846,
        9.063324250746518e-05,
        6.0084003052907065e-05,
        0.00013589025184046477,
        0.0005960133858025074,
        6.722085527144372e-05,
        4.864382208324969e-05,
        9.976895671570674e-05,
        0.00016852068074513227,
        0.0001221632701344788,
        8.769124542595819e-05,
        0.00012363263522274792,
        7.295912655536085e-05,
        0.0001050627397489734,
        0.00010990212467731908,
        0.00016632908955216408,
        5.670007158187218e-05,
        7.840572652639821e-05,
        6.610198033740744e-05,
        6.06656503805425e-05,
        7.721798465354368e-05,
        8.525500015821308e-05,
        0.00019063596846535802,
        0.00014001854287926108,
        8.495145448250696e-05
      ],
      "PSL_classification_label": "S-menu.nm",
      "PSL_lineitem_number": 4
    },
    {
      "bounding_box": [
        164,
        176,
        55,
        15,
        "15.000"
      ],
      "classification_label": "S-menu.price",
      "box_id": 5,
      "class_probability": 0.9982911944389343,