{
  "scores_sequence": [
    "S-No_class",
    "S-menu.cnt",
    "S-menu.discountprice",
    "S-menu.etc",
    "S-menu.itemsubtotal",
    "S-menu.nm",
    "S-menu.num",
    "S-menu.price",
    "S-menu.sub_cnt",
    "S-menu.sub_etc",
    "S-menu.sub_nm",
    "S-menu.sub_price",
    "S-menu.sub_unitprice",
    "S-menu.unitprice",
    "S-menu.vatyn",
    "S-sub_total.discount_price",
    "S-sub_total.etc",
    "S-sub_total.othersvc_price",
    "S-sub_total.service_price",
    "S-sub_total.subtotal_price",
    "S-sub_total.tax_price",
    "S-total.cashprice",
    "S-total.changeprice",
    "S-total.creditcardprice",
    "S-total.emoneyprice",
    "S-total.menuqty_cnt",
    "S-total.menutype_cnt",
    "S-total.total_etc",
    "S-total.total_price",
    "S-void_menu.nm",
    "S-void_menu.price"
  ],
  "predictions": [
    {
      "bounding_box": [
        53,
        625,
        10,
        23,
        "1"
      ],
      "classification_label": "S-menu.cnt",
      "box_id": 0,
      "class_probability": 0.9983627200126648,
      "scores": [
        6.215430767042562e-05,
        0.9983627200126648,
        4.9608632252784446e-05,
        6.394896627170965e-05,
        3.601169373723678e-05,
        5.1907802117057145e-05,
        5.287040039547719e-05,
        2.2390215235645883e-05,
        0.00020831628353334963,
        4.825409268960357e-05,
        3.500797538436018e-05,
        4.780566814588383e-05,
        4.831759360968135e-05,
        3.576452218112536e-05,
        4.748908395413309e-05,
        3.7179819628363475e-05,
        3.670823571155779e-05,
        3.242133243475109e-05,
        6.34119933238253e-05,
        5.316339593264274e-05,
        6.470789958257228e-05,
        6.548545934492722e-05,
        5.1864357374142855e-05,
        6.691952876280993e-05,
        6.173946894705296e-05,
        5.227821384323761e-05,
        7.837695011403412e-05,
        3.105438736383803e-05,
        5.596804112428799e-05,
        3.084082345594652e-05,
        4.5383254473563284e-05
      ],
      "PSL_classification_label": "S-menu.cnt",
      "PSL_lineitem_number": 2
    },
    {
      "bounding_box": [
        123,
        617,
        246,
        31,
        "GRILLED BABY POTATO (R"
      ],
      "classification_label": "S-menu.nm",
      "box_id": 1,
      "class_probability": 0.9972602128982544,
      "scores": [
        7.95165469753556e-05,
        5.712137499358505e-05,
        4.1219052945962176e-05,
        0.0001783165498636663,
        7.427111268043518e-05,
        0.9972602128982544,
        0.00019554940809030086,
        8.149613859131932e-05,
        5.953072468400933e-05,
        0.00011584416643017903,
        0.00038836660678498447,
        4.3120558984810486e-05,
        3.87884683732409e-05,
        8.070183685049415e-05,
        0.00011752601858461276,
        8.847451681504026e-05,
        7.08220832166262e-05,
        8.82316890056245e-05,
        5.7940673286793754e-05,
        7.360498420894146e-05,
        6.483876495622098e-05,
        0.00010337861749576405,
        4.325078771216795e-05,
        6.492855027318001e-05,
        5.4612522944808006e-05,
        4.215981243760325e-05,
        5.793304808321409e-05,
        6.520492752315477e-05,
        0.00010836001456482336,
        0.0001360358000965789,
        6.853016384411603e-05
      ],
      "PSL_classification_label": "S-menu.nm",
      "PSL_lineitem_number": 2
    },
    {
      "bounding_box": [
        397,
        617,
        70,
        26,
        "50,500"
      ],
      "classification_label": "S-menu.price",
      "box_id": 2,
      "class_probability": 0.9957167506217957,
      "scores": [
        5.755707752541639e-05,
        7.155365165090188e-05,
        0.00012241357762832195,
        0.00011984890443272889,
        7.598316733492538e-05,
        0.00011276998702669516,
        0.00011476673535071313,
        0.9957167506217957,
        9.835297532845289e-05,
        6.283589755184948e-05,
        0.00010757765267044306,
        0.0003337576345074922,
        0.0001084201576304622,
        0.0009457836858928204,
        0.00014937373634893447,
        8.889952005119994e-05,
        0.00012841416173614562,
        0.00010266042227158323,
        7.751735392957926e-05,
        0.00011735643056454137,
        0.00010425302752992138,
        0.00024120496527757496,
        0.00015827857714612037,
        5.639098890242167e-05,
        9.50922621996142e-05,
        7.41742696845904e-05,
        6.069391019991599e-05,
        0.00010759335418697447,
        0.0001513059833087027,
        0.0001141500033554621,
        0.00012426461034920067
      ],
      "PSL_classification_label": "S-menu.price",
      "PSL_lineitem_number": 2
    },
    {
      "bounding_box": [
        389,
        725,
        82,
        28,
        "117,500"
      ],
      "classification_label": "S-sub_total.subtotal_price",
      "box_id": 3,
      "class_probability": 0.9949671626091003,
      "scores": [
        0.00012452124792616814,
        0.0001394421560689807,
        0.000323129293974489,
        0.00012878383859060705,
        0.00011147194163640961,
        0.0001586563012097031,
        0.00012604135554283857,
        0.00020019669318571687,
        9.626322571421042e-05,
        0.00016068930563051254,
        0.00013513703015632927,
        9.622880315873772e-05,
        0.0001498246128903702,
        0.00020456130732782185,
        0.00011546708265086636,
        0.0006768701714463532,
        0.0005343312514014542,
        0.0001252144284080714,
        9.156175656244159e-05,
        0.9949671626091003,
        4.876103776041418e-05,
        0.00014687867951579392,
        0.00011875477503053844,
        7.519563951063901e-05,
        0.0001086451011360623,
        0.00018619088223204017,
        0.00012422721192706376,
        6.459608994191512e-05,
        0.000290393567411229,
        0.0001005136437015608,
        7.031969289528206e-05
      ],
      "PSL_classification_label": "S-sub_total.subtotal_price",
      "PSL_lineitem_number": ""
    },
    {
      "bounding_box": [
        399,
        753,
        72,
        28,
        "11,070"
      ],
      "classification_label": "S-sub_total.service_price",
      "box_id": 4,
      "class_probability": 0.9716861248016357,
      "scores": [
        0.0005694018909707665,
        0.0005251793190836906,
        0.0004554734914563596,
        0.00036364872357808053,
        0.0004059681959915906,
        0.0005826603737659752,
        0.0007960643270052969,
        0.0004405673826113343,
        0.0004227853787597269,
        0.0007367887883447111,
        0.0006002553855068982,
        0.0005389942671172321,
        0.0005536742974072695,
        0.0010215850779786706,
        0.000628755718935281,
        0.0017706707585602999,
        0.00018949089280795306,
        0.0007234446820802987,
        0.9716861248016357,
        0.000282686814898625,
        0.011881141923367977,
        0.0007072308217175305,
        0.0006003189482726157,
        0.00026766242808662355,
        0.00039576165727339685,
        0.00042250583646818995,
        0.000610621296800673,
        0.0004235759552102536,
        0.0003261196834500879,
        0.0005189274088479578,
        0.0005518872058019042
      ],
      "PSL_classification_label": "S-sub_total.service_price",
      "PSL_lineitem_number": ""
    },
    {
      "bounding_box": [
        401,
        779,
        70,
        28,
        "19,557"
      ],
      "classification_label": "S-sub_total.tax_price",
      "box_id": 5,
      "class_probability": 0.9905295968055725,