{
  "scores_sequence": [
    "S-No_class",
    "S-menu.cnt",
    "S-menu.discountprice",
    "S-menu.etc",
    "S-menu.itemsubtotal",
    "S-menu.nm",
    "S-menu.num",
    "S-menu.price",
    "S-menu.sub_cnt",
    "S-menu.sub_etc",
    "S-menu.sub_nm",
    "S-menu.sub_price",
    "S-menu.sub_unitprice",
    "S-menu.unitprice",
    "S-menu.vatyn",
    "S-sub_total.discount_price",
    "S-sub_total.etc",
    "S-sub_total.othersvc_price",
    "S-sub_total.service_price",
    "S-sub_total.subtotal_price",
    "S-sub_total.tax_price",
    "S-total.cashprice",
    "S-total.changeprice",
    "S-total.creditcardprice",
    "S-total.emoneyprice",
    "S-total.menuqty_cnt",
    "S-total.menutype_cnt",
    "S-total.total_etc",
    "S-total.total_price",
    "S-void_menu.nm",
    "S-void_menu.price"
  ],
  "predictions": [
    {
      "bounding_box": [
        210,
        745,
        195,
        37,
        "KACANG MERAH"
      ],
      "classification_label": "S-menu.nm",
      "box_id": 0,
      "class_probability": 0.9971844553947449,
      "scores": [
        0.0001176194564322941,
        0.00010615518840495497,
        4.712733061751351e-05,
        0.00012373948993626982,
        7.27921724319458e-05,
        0.9971844553947449,
        0.00014338626351673156,
        8.72232485562563e-05,
        5.1566654292400926e-05,
        9.938680159393698e-05,
        0.0001897960464702919,
        6.0100039263488725e-05,
        4.281905057723634e-05,
        6.710676825605333e-05,
        0.0001286203769268468,
        0.00011712849664036185,
        9.289153240388259e-05,
        8.48346171551384e-05,
        6.276472413446754e-05,
        9.239631617674604e-05,
        8.382939267903566e-05,
        0.00017532234778627753,
        6.499435403384268e-05,
        6.538247544085607e-05,
        6.260009831748903e-05,
        4.968409120920114e-05,
        8.033243648242205e-05,
        8.282304770546034e-05,
        0.00015635156887583435,
        0.00012556745787151158,
        8.118509140331298e-05
      ],
      "PSL_classification_label": "S-menu.nm",
      "PSL_lineitem_number": 1
    },
    {
      "bounding_box": [
        615,
        737,
        92,
        34,
        "10,000"
      ],
      "classification_label": "S-menu.price",
      "box_id": 1,
      "class_probability": 0.9980847835540771,
      "scores": [
        3.569456748664379e-05,
        4.614852150552906e-05,
        4.621365951607004e-05,
        6.473697430919856e-05,
        4.744418401969597e-05,
        6.040690641384572e-05,
        6.296978244790807e-05,
        0.9980847835540771,
        5.944299482507631e-05,
        3.7458346923813224e-05,
        6.035853220964782e-05,
        0.00014867092249915004,
        3.784950968110934e-05,
        0.0002628735383041203,
        8.73763783602044e-05,
        4.001831985078752e-05,
        4.016146340291016e-05,
        5.108419281896204e-05,
        4.786100180353969e-05,
        6.260876398300752e-05,
        7.146328425733373e-05,
        7.75152730057016e-05,
        6.647130066994578e-05,
        2.50691100518452e-05,
        4.6345274313353e-05,
        3.301572724012658e-05,
        3.406763062230311e-05,
        4.8231690016109496e-05,
        7.385407661786303e-05,
        7.114619074855e-05,
        6.868952186778188e-05
      ],
      "PSL_classification_label": "S-menu.price",
      "PSL_lineitem_number": 1
    },
    {
      "bounding_box": [
        614,
        775,
        94,
        29,
        "10,000"
      ],
      "classification_label": "S-sub_total.subtotal_price",
      "box_id": 2,
      "class_probability": 0.9947105646133423,
      "scores": [
        0.00010414201096864417,
        0.00017816131003201008,
        0.0002108028274960816,
        8.691355469636619e-05,
        9.352008783025667e-05,
        9.803700231714174e-05,
        0.00010922496585408226,
        0.0013090756256133318,
        5.7532266509952024e-05,
        9.877698903437704e-05,
        9.985331416828558e-05,
        9.882071026368067e-05,
        9.794037760002539e-05,
        0.0003985168586950749,
        0.00010937183105852455,
        0.0003420049324631691,
        0.00022781812003813684,
        7.043396180961281e-05,
        6.696345371892676e-05,
        0.9947105646133423,
        0.00015489052748307586,
        0.00013740612484980375,
        0.00010179614037042484,
        6.949703674763441e-05,
        8.165613689925522e-05,
        0.0001110579542000778,
        9.12278046598658e-05,
        5.745725866290741e-05,
        0.0005008801817893982,
        7.574491610284895e-05,
        4.995811468688771e-05
      ],
      "PSL_classification_label": "S-sub_total.subtotal_price",
      "PSL_lineitem_number": 1
    },
    {
      "bounding_box": [
        616,
        811,
        93,
        32,
        "10,000"
      ],
      "classification_label": "S-total.total_price",
      "box_id": 3,
      "class_probability": 0.9847491383552551,
      "scores": [
        0.0003074842970818281,
        0.00026720608002506196,
        0.00020641510491259396,
        0.0001922367955558002,
        0.00035716986167244613,
        0.00042830040911212564,
        0.00016898504691198468,
        0.0005414691986516118,
        0.0001758631697157398,
        0.0002704621001612395,
        0.00021736923372372985,
        0.0002429340675007552,
        0.0001485190587118268,
        0.0003907246864400804,
        0.00017680792370811105,
        0.00025434617418795824,
        0.00036948506021872163,
        0.0002742934739217162,
        0.00037483000778593123,
        0.000473876076284796,
        0.0003748485760297626,
        0.005947511177510023,
        0.0003327089361846447,
        0.0005409765290096402,
        0.00030120275914669037,
        0.0002909365575760603,
        0.00014600482245441526,
        0.0010949349962174892,
        0.9847491383552551,
        0.00018911644292529672,
        0.00019396601419430226
      ],
      "PSL_classification_label": "S-total.total_price",
      "PSL_lineitem_number": ""
    },
    {
      "bounding_box": [
        615,
        848,
        95,
        31,
        "10,000"
      ],
      "classification_label": "S-total.cashprice",
      "box_id": 4,
      "class_probability": 0.5128868222236633,
      "scores": [
        0.001963102025911212,
        0.0016889299731701612,
        0.002304566092789173,
        0.0019001731416210532,
        0.0015037779230624437,
        0.0015157137531787157,
        0.0008724518702365458,
        0.0009579967008903623,
        0.001592177082784474,
        0.0015646162210032344,
        0.0020350266713649035,
        0.0014206694904714823,
        0.003122548805549741,
        0.0011881741229444742,
        0.0027871746569871902,
        0.0016739816637709737,
        0.002011913573369384,
        0.0029901459347456694,
        0.0014682146720588207,
        0.0021247093100100756,
        0.0013630656758323312,
        0.5128868222236633,
        0.009012438356876373,
        0.10098535567522049,
        0.2647998631000519,
        0.0008995105745270848,
        0.0018330810125917196,
        0.06762472540140152,
        0.0004761940217576921,
        0.0017054668860509992,
        0.001727339462377131
      ],
      "PSL_classification_label": "S-total.cashprice",
      "PSL_lineitem_number": ""
    }
  ]
}