{
  "scores_sequence": [
    "S-No_class",
    "S-menu.cnt",
    "S-menu.discountprice",
    "S-menu.etc",
    "S-menu.itemsubtotal",
    "S-menu.nm",
    "S-menu.num",
    "S-menu.price",
    "S-menu.sub_cnt",
    "S-menu.sub_etc",
    "S-menu.sub_nm",
    "S-menu.sub_price",
    "S-menu.sub_unitprice",
    "S-menu.unitprice",
    "S-menu.vatyn",
    "S-sub_total.discount_price",
    "S-sub_total.etc",
    "S-sub_total.othersvc_price",
    "S-sub_total.service_price",
    "S-sub_total.subtotal_price",
    "S-sub_total.tax_price",
    "S-total.cashprice",
    "S-total.changeprice",
    "S-total.creditcardprice",
    "S-total.emoneyprice",
    "S-total.menuqty_cnt",
    "S-total.menutype_cnt",
    "S-total.total_etc",
    "S-total.total_price",
    "S-void_menu.nm",
    "S-void_menu.price"
  ],
  "predictions": [
    {
      "bounding_box": [
        130,
        672,
        320,
        38,
        "J.STB PROMO"
      ],
      "classification_label": "S-menu.nm",
      "box_id": 0,
      "class_probability": 0.9881322979927063,
      "scores": [
        0.000248204218223691,
        0.00016054516891017556,
        0.00010694327647797763,
        0.0006876959814690053,
        0.00023450161097571254,
        0.9881322979927063,
        0.001630033366382122,
        0.0002274478756589815,
        0.00014178807032294571,
        0.00035989691969007254,
        0.0029857212211936712,
        0.00010634587670210749,
        0.00011301484482828528,
        0.0002905016008298844,
        0.0003836303949356079,
        0.000254301616223529,
        0.00021074885444249958,
        0.0002428102307021618,
        0.000158052978804335,
        0.00041089821024797857,
        0.0002653523697517812,
        0.0002891977201215923,
        0.00016600846720393747,
        0.0002932892239186913,
        0.0001186955560115166,
        0.00014101766282692552,
        0.00019597304344642907,
        0.00018495737458579242,
        0.000825170602183789,
        0.0002766806574072689,
        0.00015821932174731046
      ],
      "PSL_classification_label": "S-menu.nm",
      "PSL_lineitem_number": 1
    },
    {
      "bounding_box": [
        684,
        674,
        139,
        37,
        "17500"
      ],
      "classification_label": "S-menu.price",
      "box_id": 1,
      "class_probability": 0.9974460601806641,
      "scores": [
        3.890321386279538e-05,
        4.228550096740946e-05,
        8.77994389156811e-05,
        5.765352034359239e-05,
        6.36886470601894e-05,
        5.845374471391551e-05,
        5.7112025388050824e-05,
        0.9974460601806641,
        5.870066161151044e-05,
        4.172965418547392e-05,
        6.481016316683963e-05,
        0.000242143141804263,
        5.217107536736876e-05,
        0.0004076283366885036,
        0.00010025757364928722,
        5.3917585319140926e-05,
        6.320417014649138e-05,
        5.293415961205028e-05,
        4.7198671381920576e-05,
        0.00010109277354786173,
        9.575609146850184e-05,
        0.00014431749877985567,
        8.939282270148396e-05,
        4.419445394887589e-05,
        8.041223918553442e-05,
        4.650265327654779e-05,
        4.815974534722045e-05,
        7.013686990831047e-05,
        8.920300024328753e-05,
        8.428062574239448e-05,
        6.991028203628957e-05
      ],
      "PSL_classification_label": "S-menu.price",
      "PSL_lineitem_number": 1
    },
    {
      "bounding_box": [
        127,
        721,
        207,
        40,
        "Y.B.BAT"
      ],
      "classification_label": "S-menu.nm",
      "box_id": 2,
      "class_probability": 0.9716836214065552,
      "scores": [
        0.0003627124533522874,
        0.00027698406483978033,
        0.0002265426010126248,
        0.0012134610442444682,
        0.00044394543510861695,
        0.9716836214065552,
        0.0036093092057853937,
        0.000410861277487129,
        0.0002853508049156517,
        0.0006640485371463001,
        0.011643212288618088,
        0.00021597888553515077,
        0.0002314111916348338,
        0.0007067631231620908,
        0.0005266070365905762,
        0.0003297984949313104,
        0.00035061180824413896,
        0.00043573215953074396,
        0.0002819728688336909,
        0.001063104602508247,
        0.00039538528653793037,
        0.000527367927134037,
        0.000332008145051077,
        0.0005401676753535867,
        0.00019823874754365534,
        0.00029629713390022516,
        0.0003948464582208544,
        0.00029187044128775597,
        0.0012471434893086553,
        0.0005530889029614627,
        0.0002614728291518986
      ],
      "PSL_classification_label": "S-menu.nm",
      "PSL_lineitem_number": 2
    },
    {
      "bounding_box": [
        679,
        725,
        144,
        37,
        "46000"
      ],
      "classification_label": "S-menu.price",
      "box_id": 3,
      "class_probability": 0.9956698417663574,
      "scores": [
        6.822123395977542e-05,
        5.604141915682703e-05,
        0.00012517638970166445,
        7.581304816994816e-05,
        8.667118527228013e-05,
        9.409404447069392e-05,
        0.00010110261791851372,
        0.9956698417663574,
        9.820532432058826e-05,
        5.7674478739500046e-05,
        7.697154069319367e-05,
        0.0009464623290114105,
        8.49052012199536e-05,
        0.00037385415635071695,
        0.00014663785987067968,
        8.553286170354113e-05,
        8.473218622384593e-05,
        9.13521071197465e-05,
        6.985956861171871e-05,
        0.0004209053295198828,
        0.00013026529632043093,
        0.00018740516679827124,
        0.0001663121220190078,
        4.174422429059632e-05,
        8.140062709571794e-05,
        9.280732774641365e-05,
        6.181729258969426e-05,
        7.112853927537799e-05,
        0.0001648847828619182,
        9.754986240295693e-05,
        9.054124529939145e-05
      ],
      "PSL_classification_label": "S-menu.price",
      "PSL_lineitem_number": 2
    },
    {
      "bounding_box": [
        124,
        771,
        325,
        46,
        "Y.BASO PROM"
      ],
      "classification_label": "S-menu.nm",
      "box_id": 4,
      "class_probability": 0.9749507904052734,
      "scores": [
        0.0004356944700703025,
        0.0002555804676376283,
        0.00020253164984751493,
        0.0011873072944581509,
        0.00046196611947380006,
        0.9749507904052734,
        0.0032383929938077927,
        0.00037574759335257113,
        0.00023284697090275586,
        0.0006866140174679458,
        0.008624127134680748,
        0.00017484028649050742,
        0.00019716907991096377,
        0.00046904015471227467,
        0.0006334696663543582,
        0.0004151219327468425,
        0.00038637255784124136,
        0.00047336082207039,
        0.00031329249031841755,
        0.0010204848367720842,
        0.00046314680366776884,
        0.00042752904118970037,
        0.00030658370815217495,
        0.0005143110174685717,
        0.0002196226269006729,
        0.00022313310182653368,
        0.0003317526716273278,
        0.00028509291587397456,
        0.0017060519894585013,
        0.0005158042185939848,
        0.00027223763754591346
      ],
      "PSL_classification_label": "S-menu.nm",
      "PSL_lineitem_number": 3
    },
    {
      "bounding_box": [
        681,
        775,
        142,
        39,
        "27500"
      ],
      "classification_label": "S-menu.price",
      "box_id": 5,
      "class_probability": 0.4926852583885193,