{
  "scores_sequence": [
    "S-No_class",
    "S-menu.cnt",
    "S-menu.discountprice",
    "S-menu.etc",
    "S-menu.itemsubtotal",
    "S-menu.nm",
    "S-menu.num",
    "S-menu.price",
    "S-menu.sub_cnt",
    "S-menu.sub_etc",
    "S-menu.sub_nm",
    "S-menu.sub_price",
    "S-menu.sub_unitprice",
    "S-menu.unitprice",
    "S-menu.vatyn",
    "S-sub_total.discount_price",
    "S-sub_total.etc",
    "S-sub_total.othersvc_price",
    "S-sub_total.service_price",
    "S-sub_total.subtotal_price",
    "S-sub_total.tax_price",
    "S-total.cashprice",
    "S-total.changeprice",
    "S-total.creditcardprice",
    "S-total.emoneyprice",
    "S-total.menuqty_cnt",
    "S-total.menutype_cnt",
    "S-total.total_etc",
    "S-total.total_price",
    "S-void_menu.nm",
    "S-void_menu.price"
  ],
  "predictions": [
    {
      "bounding_box": [
        57,
        565,
        130,
        34,
        "ICED TT"
      ],
      "classification_label": "S-menu.nm",
      "box_id": 0,
      "class_probability": 0.989170253276825,
      "scores": [
        0.000235598417930305,
        0.00012748086010105908,
        0.00011739831825252622,
        0.00047936831833794713,
        0.00019654612697195262,
        0.989170253276825,
        0.0009291954920627177,
        0.00014565839956048876,
        0.00014626517076976597,
        0.0003115892759524286,
        0.004777971189469099,
        7.284840830834582e-05,
        0.00011315826850477606,
        0.00015504221664741635,
        0.00029369615367613733,
        0.00017645319167058915,
        0.00015532028919551522,
        0.00021481409203261137,
        0.000135936337755993,
        0.00016786906053312123,
        0.00016753895033616573,
        0.00019974545284640044,
        0.00011696884757839143,
        0.00016954002785496414,
        9.71790577750653e-05,
        0.00012288651487324387,
        0.00014765434025321156,
        0.00015552410332020372,
        0.0002988499472849071,
        0.00022641185205429792,
        0.00017529622709844261
      ],
      "PSL_classification_label": "S-menu.nm",
      "PSL_lineitem_number": 1
    },
    {
      "bounding_box": [
        407,
        576,
        127,
        36,
        "20,000"
      ],
      "classification_label": "S-menu.price",
      "box_id": 1,
      "class_probability": 0.998040497303009,
      "scores": [
        3.2803207432152703e-05,
        4.276676554582082e-05,
        5.334249362931587e-05,
        6.54778050375171e-05,
        4.895766687695868e-05,
        6.054506229702383e-05,
        5.991146827000193e-05,
        0.998040497303009,
        6.0724261857103556e-05,
        3.7090841942699626e-05,
        5.620099909720011e-05,
        0.00018010821077041328,
        3.515158095979132e-05,
        0.00025704732979647815,
        9.414536179974675e-05,
        4.4822772906627506e-05,
        4.0456943679600954e-05,
        5.0740072765620425e-05,
        4.704375533037819e-05,
        5.1824928959831595e-05,
        7.018937321845442e-05,
        8.470177999697626e-05,
        5.9934896853519604e-05,
        2.703768950595986e-05,
        5.800907456432469e-05,
        3.7508056266233325e-05,
        3.792583811446093e-05,
        4.7914913011481985e-05,
        7.416523294523358e-05,
        6.08062073297333e-05,
        8.218515722546726e-05
      ],
      "PSL_classification_label": "S-menu.price",
      "PSL_lineitem_number": 1
    },
    {
      "bounding_box": [
        59,
        599,
        130,
        32,
        "ICED GT"
      ],
      "classification_label": "S-menu.nm",
      "box_id": 2,
      "class_probability": 0.9808098673820496,
      "scores": [
        0.0003145324008073658,
        0.00014808852574788034,
        0.00015157389861997217,
        0.0006445454200729728,
        0.00026017078198492527,
        0.9808098673820496,
        0.0013497862964868546,
        0.00019080028869211674,
        0.0001760736049618572,
        0.0004050063726026565,
        0.011075569316744804,
        0.00010033233411377296,
        0.00015116838039830327,
        0.00020505324937403202,
        0.00038990037865005434,
        0.00019844347843900323,
        0.00022397388238459826,
        0.0002734753943514079,
        0.00019703932048287243,
        0.0002544859307818115,
        0.0002337274927413091,
        0.0002620408486109227,
        0.00016582536045461893,
        0.00022622902179136872,
        0.00012366758892312646,
        0.00016085486277006567,
        0.00019205959688406438,
        0.00019555275503080338,
        0.0003958174493163824,
        0.0002954273659270257,
        0.00022890837863087654
      ],
      "PSL_classification_label": "S-menu.nm",
      "PSL_lineitem_number": ""
    },
    {
      "bounding_box": [
        407,
        609,
        125,
        35,
        "22,000"
      ],
      "classification_label": "S-menu.price",
      "box_id": 3,
      "class_probability": 0.9971911311149597,
      "scores": [
        3.073309198953211e-05,
        4.0283630369231105e-05,
        6.207705155247822e-05,
        6.240166840143502e-05,
        4.401229307404719e-05,
        5.8394180086907e-05,
        4.866052040597424e-05,
        0.9971911311149597,
        5.507127207238227e-05,
        4.109598012291826e-05,
        7.400875620078295e-05,
        0.0007010768167674541,
        3.562881829566322e-05,
        0.00011151492071803659,
        0.00010953359014820307,
        4.997101132175885e-05,
        5.44817085028626e-05,
        5.434388367575593e-05,
        6.016662155161612e-05,
        0.00020239746663719416,
        9.159819455817342e-05,
        0.00013414832937996835,
        9.002403385238722e-05,
        4.1837600292637944e-05,
        7.211619958980009e-05,
        4.764648838317953e-05,
        4.592022014549002e-05,
        6.109033711254597e-05,
        0.0001840348995756358,
        6.210913852555677e-05,
        8.251195686170831e-05
      ],
      "PSL_classification_label": "S-menu.price",
      "PSL_lineitem_number": ""
    },
    {
      "bounding_box": [
        311,
        641,
        212,
        30,
        "42,000"
      ],
      "classification_label": "S-total.cashprice",
      "box_id": 4,
      "class_probability": 0.7400612831115723,
      "scores": [
        0.0015249693533405662,
        0.0008754206937737763,
        0.0008540518465451896,
        0.0007035373128019273,
        0.0010801733005791903,
        0.0012092094402760267,
        0.000517165579367429,
        0.0015096490969881415,
        0.0006897816783748567,
        0.0011686153011396527,
        0.0013136551715433598,
        0.000786829215940088,
        0.0009146379306912422,
        0.0012824940495193005,
        0.0012258674250915647,
        0.0007961493683978915,
        0.0021377040538936853,
        0.001312373555265367,
        0.0006450950168073177,
        0.10852164030075073,
        0.0007188782910816371,
        0.7400612831115723,
        0.0019846707582473755,
        0.008323688060045242,
        0.00525012006983161,
        0.0010440308833494782,
        0.0008882458205334842,
        0.007055534515529871,
        0.10417314618825912,
        0.0006794648943468928,
        0.0007518696365877986
      ],
      "PSL_classification_label": "S-total.cashprice",
      "PSL_lineitem_number": ""
    }
  ]
}