{
  "scores_sequence": [
    "S-No_class",
    "S-menu.cnt",
    "S-menu.discountprice",
    "S-menu.etc",
    "S-menu.itemsubtotal",
    "S-menu.nm",
    "S-menu.num",
    "S-menu.price",
    "S-menu.sub_cnt",
    "S-menu.sub_etc",
    "S-menu.sub_nm",
    "S-menu.sub_price",
    "S-menu.sub_unitprice",
    "S-menu.unitprice",
    "S-menu.vatyn",
    "S-sub_total.discount_price",
    "S-sub_total.etc",
    "S-sub_total.othersvc_price",
    "S-sub_total.service_price",
    "S-sub_total.subtotal_price",
    "S-sub_total.tax_price",
    "S-total.cashprice",
    "S-total.changeprice",
    "S-total.creditcardprice",
    "S-total.emoneyprice",
    "S-total.menuqty_cnt",
    "S-total.menutype_cnt",
    "S-total.total_etc",
    "S-total.total_price",
    "S-void_menu.nm",
    "S-void_menu.price"
  ],
  "predictions": [
    {
      "bounding_box": [
        82,
        416,
        36,
        12,
        "2005-"
      ],
      "classification_label": "S-menu.num",
      "box_id": 0,
      "class_probability": 0.9703273177146912,
      "scores": [
        0.0015161558985710144,
        0.0011997956316918135,
        0.001450676703825593,
        0.0021919526625424623,
        0.0010321354493498802,
        0.0013860240578651428,
        0.9703273177146912,
        0.0013154017506167293,
        0.0006205647368915379,
        0.0013864246429875493,
        0.0012722607934847474,
        0.0008648972143419087,
        0.0006643594824708998,
        0.0011172393569722772,
        0.0008150342619046569,
        0.000410689041018486,
        0.0004231494676787406,
        0.0009844006272032857,
        0.0008739264449104667,
        0.0013225149596109986,
        0.0010038366308435798,
        0.0004369730013422668,
        0.0011521553387865424,
        0.00080645433627069,
        0.00041476424667052925,
        0.0006356246303766966,
        0.0009261845843866467,
        0.0005991387879475951,
        0.0008282774942927063,
        0.0013769065262749791,
        0.0006448072963394225
      ],
      "PSL_classification_label": "S-menu.num",
      "PSL_lineitem_number": 1
    },
    {
      "bounding_box": [
        116,
        411,
        79,
        16,
        "CHEESE JOHN"
      ],
      "classification_label": "S-menu.nm",
      "box_id": 1,
      "class_probability": 0.995867133140564,
      "scores": [
        0.00014676318096462637,
        9.077743015950546e-05,
        6.449237116612494e-05,
        0.0002850937016773969,
        0.00011612381058512256,
        0.995867133140564,
        0.00036547210766002536,
        0.00010567316348897293,
        7.171839388320222e-05,
        0.00015558983432129025,
        0.0006533924024552107,
        6.462585588451475e-05,
        5.286871601128951e-05,
        9.39043311518617e-05,
        0.0001766251225490123,
        0.0001312048261752352,
        9.61751356953755e-05,
        0.00012430934293661267,
        9.212188160745427e-05,
        0.00011600980360526592,
        0.00010810889216372743,
        0.00014015784836374223,
        7.567238208139315e-05,
        9.161538764601573e-05,
        7.836720760678872e-05,
        6.035735714249313e-05,
        8.14002996776253e-05,
        8.547788456780836e-05,
        0.00017099497199524194,
        0.00012785698345396668,
        0.00010988018766511232
      ],
      "PSL_classification_label": "S-menu.nm",
      "PSL_lineitem_number": 1
    },
    {
      "bounding_box": [
        136,
        429,
        57,
        15,
        "9.500,00"
      ],
      "classification_label": "S-menu.unitprice",
      "box_id": 2,
      "class_probability": 0.9955737590789795,
      "scores": [
        7.320262375287712e-05,
        0.0001648929319344461,
        0.0001229232148034498,
        0.00011120236740680411,
        0.00016263092402368784,
        6.86358762322925e-05,
        0.00017592126096133143,
        0.0004197894304525107,
        9.160569607047364e-05,
        0.0001021626521833241,
        0.00013946823310106993,
        0.00010322860180167481,
        0.0007365292985923588,
        0.9955737590789795,
        5.8496396377449855e-05,
        6.554297578986734e-05,
        0.00019610636809375137,
        9.156858141068369e-05,
        0.00011841935338452458,
        0.00016594547196291387,
        0.00013168294390197843,
        0.00012399983825162053,
        0.00014278093294706196,
        0.0001072750601451844,
        7.857862510718405e-05,
        0.00011217130668228492,
        0.00011186492338310927,
        0.00010540755465626717,
        0.00013059488264843822,
        0.00011185830953763798,
        0.00010173980990657583
      ],
      "PSL_classification_label": "S-menu.unitprice",
      "PSL_lineitem_number": 1
    },
    {
      "bounding_box": [
        214,
        426,
        19,
        15,
        "x1"
      ],
      "classification_label": "S-menu.cnt",
      "box_id": 3,
      "class_probability": 0.9968762397766113,
      "scores": [
        9.023984603118151e-05,
        0.9968762397766113,
        0.00018303438264410943,
        7.875004666857421e-05,
        6.083219705033116e-05,
        6.847907934570685e-05,
        8.074519428191707e-05,
        2.8774116799468175e-05,
        0.0008114433730952442,
        7.518180063925683e-05,
        8.579573477618396e-05,
        6.056834172341041e-05,
        0.00011161799920955673,
        5.6655571825103834e-05,
        7.000794721534476e-05,
        7.537564670201391e-05,
        7.863634527893737e-05,
        5.0241564167663455e-05,
        0.00010146065324079245,
        6.368778122123331e-05,
        0.00014002023090142757,
        9.048346691997722e-05,
        6.647108239121735e-05,
        8.201533637475222e-05,
        7.709221972618252e-05,
        8.104723383439705e-05,
        0.0001254268136108294,
        5.35244689672254e-05,
        5.058266469859518e-05,
        4.7158031520666555e-05,
        7.828914385754615e-05
      ],
      "PSL_classification_label": "S-menu.cnt",
      "PSL_lineitem_number": 1
    },
    {
      "bounding_box": [
        283,
        423,
        57,
        15,
        "9.500,00"
      ],
      "classification_label": "S-menu.price",
      "box_id": 4,
      "class_probability": 0.9971141815185547,
      "scores": [
        3.540780016919598e-05,
        5.55690930923447e-05,
        6.163392390590161e-05,
        5.439133019535802e-05,
        6.325120193650946e-05,
        7.322672172449529e-05,
        6.630148709518835e-05,
        0.9971141815185547,
        5.137144762557e-05,
        4.885395537712611e-05,
        6.422202568501234e-05,
        0.00025512659340165555,
        3.580376142053865e-05,
        0.0001276251714443788,
        0.00010177960939472541,
        5.392658567870967e-05,
        4.368620284367353e-05,
        4.799436646862887e-05,
        6.058771032257937e-05,
        0.0006295217899605632,
        0.0001246497267857194,
        0.00010630280303303152,
        9.108676749747247e-05,
        4.640479164663702e-05,
        6.0781469073845074e-05,
        4.994081245968118e-05,
        4.012554563814774e-05,
        4.996563075110316e-05,
        0.0002484937140252441,
        6.888894131407142e-05,
        6.889794167364016e-05
      ],
      "PSL_classification_label": "S-menu.price",
      "PSL_lineitem_number": 1
    },
    {
      "bounding_box": [
        271,
        490,
        56,
        13,
        "9.500,00"
      ],
      "classification_label": "S-total.total_price",
      "box_id": 5,
      "class_probability": 0.9967724680900574,