{
  "scores_sequence": [
    "S-No_class",
    "S-menu.cnt",
    "S-menu.discountprice",
    "S-menu.etc",
    "S-menu.itemsubtotal",
    "S-menu.nm",
    "S-menu.num",
    "S-menu.price",
    "S-menu.sub_cnt",
    "S-menu.sub_etc",
    "S-menu.sub_nm",
    "S-menu.sub_price",
    "S-menu.sub_unitprice",
    "S-menu.unitprice",
    "S-menu.vatyn",
    "S-sub_total.discount_price",
    "S-sub_total.etc",
    "S-sub_total.othersvc_price",
    "S-sub_total.service_price",
    "S-sub_total.subtotal_price",
    "S-sub_total.tax_price",
    "S-total.cashprice",
    "S-total.changeprice",
    "S-total.creditcardprice",
    "S-total.emoneyprice",
    "S-total.menuqty_cnt",
    "S-total.menutype_cnt",
    "S-total.total_etc",
    "S-total.total_price",
    "S-void_menu.nm",
    "S-void_menu.price"
  ],
  "predictions": [
    {
      "bounding_box": [
        253,
        423,
        76,
        24,
        "156000"
      ],
      "classification_label": "S-total.total_price",
      "box_id": 0,
      "class_probability": 0.9703959226608276,
      "scores": [
        0.0003339658724144101,
        0.0003735625941772014,
        0.00017890181334223598,
        0.0003149303956888616,
        0.0005145232426002622,
        0.00047638657269999385,
        0.0002890501345973462,
        0.0008789867861196399,
        0.00014466606080532074,
        0.00027152555412612855,
        0.00026511226315051317,
        0.0002513486542738974,
        0.0001578494266141206,
        0.0008056776132434607,
        0.0003013814566656947,
        0.0003434203681536019,
        0.0008372226147912443,
        0.0001520102086942643,
        0.00021789869060739875,
        0.011674595065414906,
        0.0006438647396862507,
        0.005376806017011404,
        0.0004047119873575866,
        0.0021932085510343313,
        0.00078148627653718,
        0.0002716988674364984,
        0.00014057008957024664,
        0.0005908032180741429,
        0.9703959226608276,
        0.00019686839368660003,
        0.0002210404782090336
      ],
      "PSL_classification_label": "S-total.total_price",
      "PSL_lineitem_number": ""
    },
    {
      "bounding_box": [
        273,
        555,
        56,
        26,
        "Rp. 0"
      ],
      "classification_label": "S-total.creditcardprice",
      "box_id": 1,
      "class_probability": 0.4425296485424042,
      "scores": [
        0.0018629735568538308,
        0.002381034893915057,
        0.0021936825942248106,
        0.002395663410425186,
        0.0020833832677453756,
        0.0023840023204684258,
        0.0035278559662401676,
        0.003020144999027252,
        0.001779151731170714,
        0.0023590978235006332,
        0.002025144174695015,
        0.0013207984156906605,
        0.00212243408896029,
        0.0025002090260386467,
        0.0027359582018107176,
        0.004326619673520327,
        0.011464855633676052,
        0.0030848472379148006,
        0.002850765362381935,
        0.0041223266161978245,
        0.015574395656585693,
        0.30954182147979736,
        0.07678041607141495,
        0.4425296485424042,
        0.04565861448645592,
        0.001169204362668097,
        0.0017164587043225765,
        0.03952746093273163,
        0.0030506106559187174,
        0.00197931588627398,
        0.0019310916541144252
      ],
      "PSL_classification_label": "S-total.creditcardprice",
      "PSL_lineitem_number": ""
    },
    {
      "bounding_box": [
        253,
        501,
        76,
        24,
        "156000"
      ],
      "classification_label": "S-total.cashprice",
      "box_id": 2,
      "class_probability": 0.7284871935844421,
      "scores": [
        0.0011210464872419834,
        0.0009945445926859975,
        0.0010952617740258574,
        0.0013881545746698976,
        0.0019433770794421434,
        0.0011704762000590563,
        0.0010410931427031755,
        0.005662695504724979,
        0.0009924342157319188,
        0.0015626491513103247,
        0.0015006447210907936,
        0.0013301385333761573,
        0.0017600294668227434,
        0.004676783457398415,
        0.0015652175061404705,
        0.0015978781739249825,
        0.0058401175774633884,
        0.001645696465857327,
        0.0009852712973952293,
        0.05638149380683899,
        0.001076819491572678,
        0.7284871935844421,
        0.008916146121919155,
        0.08831141144037247,
        0.04736120253801346,
        0.0009141332702711225,
        0.0011070474283769727,
        0.016422390937805176,
        0.010677129030227661,
        0.0015318022342398763,
        0.0009397230460308492
      ],
      "PSL_classification_label": "S-total.cashprice",
      "PSL_lineitem_number": ""
    },
    {
      "bounding_box": [
        19,
        321,
        134,
        24,
        "Propolis Cair"
      ],
      "classification_label": "S-menu.nm",
      "box_id": 3,
      "class_probability": 0.9112025499343872,
      "scores": [
        0.0012483837781473994,
        0.00032530055614188313,
        0.0005838381475768983,
        0.006029381882399321,
        0.00084137381054461,
        0.9112025499343872,
        0.010121972300112247,
        0.0006524415803141892,
        0.0006029602373018861,
        0.001676250365562737,
        0.052041806280612946,
        0.00036742634256370366,
        0.0004232969367876649,
        0.00040108166285790503,
        0.001921911141835153,
        0.0006615992751903832,
        0.0005681670736521482,
        0.0009002294391393661,
        0.0007637492963112891,
        0.0009697502828203142,
        0.0007538804202340543,
        0.0006441732402890921,
        0.0006018494605086744,
        0.0009428944322280586,
        0.000638826924841851,
        0.0004637551901396364,
        0.0006938839214853942,
        0.0006206720718182623,
        0.0007742443704046309,
        0.0009481284068897367,
        0.0006141613703221083
      ],
      "PSL_classification_label": "S-menu.nm",
      "PSL_lineitem_number": 1
    },
    {
      "bounding_box": [
        153,
        324,
        14,
        19,
        "1"
      ],
      "classification_label": "S-menu.cnt",
      "box_id": 4,
      "class_probability": 0.9970079064369202,
      "scores": [
        7.475900929421186e-05,
        0.9970079064369202,
        7.7490956755355e-05,
        8.396807970711961e-05,
        5.1029270252911374e-05,
        4.8558315029367805e-05,
        5.597402196144685e-05,
        3.391928112250753e-05,
        0.001166263478808105,
        6.413990922737867e-05,
        3.803321305895224e-05,
        7.20419775461778e-05,
        9.048523497767746e-05,
        4.4786735088564456e-05,
        5.9433419664856046e-05,
        4.2073043005075306e-05,
        4.829539466300048e-05,
        4.194131906842813e-05,
        8.816555055091158e-05,
        6.0137954278616235e-05,
        7.808353257132694e-05,
        8.601312583778054e-05,
        6.490995292551816e-05,
        7.287644984899089e-05,
        6.27719855401665e-05,
        8.805261313682422e-05,
        0.00011777618783526123,
        3.899069633916952e-05,
        3.656708213384263e-05,
        4.294817699701525e-05,
        6.155081791803241e-05
      ],
      "PSL_classification_label": "S-menu.cnt",
      "PSL_lineitem_number": 1
    },
    {
      "bounding_box": [
        21,
        347,
        78,
        24,
        "156000"
      ],
      "classification_label": "S-menu.unitprice",
      "box_id": 5,
      "class_probability": 0.9544677734375,