{
  "scores_sequence": [
    "S-No_class",
    "S-menu.cnt",
    "S-menu.discountprice",
    "S-menu.etc",
    "S-menu.itemsubtotal",
    "S-menu.nm",
    "S-menu.num",
    "S-menu.price",
    "S-menu.sub_cnt",
    "S-menu.sub_etc",
    "S-menu.sub_nm",
    "S-menu.sub_price",
    "S-menu.sub_unitprice",
    "S-menu.unitprice",
    "S-menu.vatyn",
    "S-sub_total.discount_price",
    "S-sub_total.etc",
    "S-sub_total.othersvc_price",
    "S-sub_total.service_price",
    "S-sub_total.subtotal_price",
    "S-sub_total.tax_price",
    "S-total.cashprice",
    "S-total.changeprice",
    "S-total.creditcardprice",
    "S-total.emoneyprice",
    "S-total.menuqty_cnt",
    "S-total.menutype_cnt",
    "S-total.total_etc",
    "S-total.total_price",
    "S-void_menu.nm",
    "S-void_menu.price"
  ],
  "predictions": [
    {
      "bounding_box": [
        93,
        425,
        18,
        28,
        "4"
      ],
      "classification_label": "S-menu.cnt",
      "box_id": 0,
      "class_probability": 0.9980136156082153,
      "scores": [
        6.917838618392125e-05,
        0.9980136156082153,
        6.27427943982184e-05,
        6.557621964020655e-05,
        4.5134824176784605e-05,
        6.213974847923964e-05,
        8.009816519916058e-05,
        2.467859667376615e-05,
        0.0002840184315573424,
        5.931796840741299e-05,
        3.71614660252817e-05,
        5.291868728818372e-05,
        6.6280277678743e-05,
        3.729090531123802e-05,
        5.320962009136565e-05,
        4.415592775330879e-05,
        4.6378620027098805e-05,
        3.3321077353321016e-05,
        7.641955744475126e-05,
        6.91003879182972e-05,
        9.27624132600613e-05,
        7.806641951901838e-05,
        5.9754140238510445e-05,
        7.802362233633175e-05,
        6.560048495884985e-05,
        6.411343929357827e-05,
        8.671652904013172e-05,
        3.459330037003383e-05,
        7.380488386843354e-05,
        3.423265661695041e-05,
        4.94492742291186e-05
      ],
      "PSL_classification_label": "S-menu.cnt",
      "PSL_lineitem_number": 1
    },
    {
      "bounding_box": [
        121,
        424,
        209,
        44,
        "AMBUSH DBL CHS"
      ],
      "classification_label": "S-menu.nm",
      "box_id": 1,
      "class_probability": 0.9971356391906738,
      "scores": [
        9.635661990614608e-05,
        7.697362889302894e-05,
        4.032954529975541e-05,
        0.0001515334442956373,
        8.70040530571714e-05,
        0.9971356391906738,
        0.00022375592379830778,
        8.594812243245542e-05,
        5.426851203083061e-05,
        0.00011065223952755332,
        0.0002675853029359132,
        4.566499046632089e-05,
        3.962259506806731e-05,
        9.211694123223424e-05,
        0.00011879599333042279,
        0.00010129125439561903,
        8.321865607285872e-05,
        9.091506944969296e-05,
        6.408947956515476e-05,
        8.804760000202805e-05,
        8.979583071777597e-05,
        0.00011209716467419639,
        5.6934884923975915e-05,
        7.426076626870781e-05,
        5.994803723297082e-05,
        4.5492382923839614e-05,
        6.593397847609594e-05,
        6.833241786807775e-05,
        0.0001692999358056113,
        0.00013994317851029336,
        6.419407873181626e-05
      ],
      "PSL_classification_label": "S-menu.nm",
      "PSL_lineitem_number": 1
    },
    {
      "bounding_box": [
        353,
        432,
        81,
        36,
        "60000"
      ],
      "classification_label": "S-menu.price",
      "box_id": 2,
      "class_probability": 0.997033953666687,
      "scores": [
        4.341750172898173e-05,
        6.205353565746918e-05,
        7.551456656074151e-05,
        9.759700333233923e-05,
        6.95549460942857e-05,
        8.174763934221119e-05,
        0.00012380059342831373,
        0.997033953666687,
        8.129695925163105e-05,
        6.0823022067779675e-05,
        9.13692347239703e-05,
        0.0002017298829741776,
        5.390117075876333e-05,
        0.000443668250227347,
        0.00012204222002765164,
        7.891302084317431e-05,
        7.70866172388196e-05,
        6.41478764009662e-05,
        7.553351315436885e-05,
        0.00010371753887739033,
        0.0001233247749041766,
        0.00011798960622400045,
        8.824742690194398e-05,
        4.391890252009034e-05,
        6.937541184015572e-05,
        5.044661520514637e-05,
        4.9111564294435084e-05,
        8.560064452467486e-05,
        0.00014918854867573828,
        9.981317271012813e-05,
        8.108990004984662e-05
      ],
      "PSL_classification_label": "S-menu.price",
      "PSL_lineitem_number": 1
    },
    {
      "bounding_box": [
        331,
        603,
        101,
        43,
        "176000"
      ],
      "classification_label": "S-total.cashprice",
      "box_id": 3,
      "class_probability": 0.5229411125183105,
      "scores": [
        0.0016181985847651958,
        0.0025147416163235903,
        0.004518958739936352,
        0.001476598670706153,
        0.0025435499846935272,
        0.0017390928696841002,
        0.0015223954105749726,
        0.010280796326696873,
        0.0009343273122794926,
        0.001175848999992013,
        0.0013950613792985678,
        0.0016550831496715546,
        0.0017993706278502941,
        0.006592931225895882,
        0.0014750146074220538,
        0.003437326056882739,
        0.008104558102786541,
        0.0013977582566440105,
        0.0014386572875082493,
        0.27622613310813904,
        0.003451114986091852,
        0.5229411125183105,
        0.025910282507538795,
        0.03395405411720276,
        0.022107049822807312,
        0.001424172194674611,
        0.0014574610395357013,
        0.009046725928783417,
        0.044978734105825424,
        0.0014193940442055464,
        0.001463450724259019
      ],
      "PSL_classification_label": "S-total.cashprice",
      "PSL_lineitem_number": ""
    },
    {
      "bounding_box": [
        73,
        465,
        34,
        32,
        "10"
      ],
      "classification_label": "S-menu.cnt",
      "box_id": 4,
      "class_probability": 0.9831030368804932,
      "scores": [
        0.0002146176266251132,
        0.9831030368804932,
        0.0001898337504826486,
        0.0002202515461249277,
        0.00017361198842991143,
        0.00014199625002220273,
        0.00030968873761594296,
        8.506091398885474e-05,
        0.011259201914072037,
        0.00017095754446927458,
        0.00011873886251123622,
        0.00011716529115801677,
        0.00022307553444989026,
        8.218637958634645e-05,
        0.0001440869236830622,
        0.00010330565419280902,
        0.00012876081746071577,
        0.00010146805288968608,
        0.00023382017388939857,
        0.00022813510440755635,
        0.0002497558016330004,
        0.00030424061696976423,
        0.00020752592536155134,
        0.00021900008141528815,
        0.00017187284538522363,
        0.0005489725153893232,
        0.0004021475906483829,
        0.00011856415221700445,
        0.0001172634438262321,
        0.00012312529725022614,
        0.00018841413839254528
      ],
      "PSL_classification_label": "S-menu.cnt",
      "PSL_lineitem_number": 2
    },
    {
      "bounding_box": [
        115,
        463,
        208,
        42,
        "AMBUSH CHS BUR"
      ],
      "classification_label": "S-menu.nm",
      "box_id": 5,
      "class_probability": 0.9968240261077881,