{
  "scores_sequence": [
    "S-No_class",
    "S-menu.cnt",
    "S-menu.discountprice",
    "S-menu.etc",
    "S-menu.itemsubtotal",
    "S-menu.nm",
    "S-menu.num",
    "S-menu.price",
    "S-menu.sub_cnt",
    "S-menu.sub_etc",
    "S-menu.sub_nm",
    "S-menu.sub_price",
    "S-menu.sub_unitprice",
    "S-menu.unitprice",
    "S-menu.vatyn",
    "S-sub_total.discount_price",
    "S-sub_total.etc",
    "S-sub_total.othersvc_price",
    "S-sub_total.service_price",
    "S-sub_total.subtotal_price",
    "S-sub_total.tax_price",
    "S-total.cashprice",
    "S-total.changeprice",
    "S-total.creditcardprice",
    "S-total.emoneyprice",
    "S-total.menuqty_cnt",
    "S-total.menutype_cnt",
    "S-total.total_etc",
    "S-total.total_price",
    "S-void_menu.nm",
    "S-void_menu.price"
  ],
  "predictions": [
    {
      "bounding_box": [
        285,
        416,
        121,
        26,
        "230,000"
      ],
      "classification_label": "S-total.total_price",
      "box_id": 0,
      "class_probability": 0.9967876672744751,
      "scores": [
        9.297010547015816e-05,
        8.894065831555054e-05,
        6.030607983120717e-05,
        6.998630124144256e-05,
        0.00012581123155541718,
        0.0001210410991916433,
        6.798103277105838e-05,
        0.00023525980941485614,
        4.575810817186721e-05,
        9.487188799539581e-05,
        7.717090920777991e-05,
        9.859557030722499e-05,
        4.177889786660671e-05,
        0.00013897243479732424,
        7.059618656057864e-05,
        6.908391515025869e-05,
        0.00014088267926126719,
        5.7064316933974624e-05,
        7.05030033714138e-05,
        0.00021650509734172374,
        0.00014668282528873533,
        0.0002400882658548653,
        8.311452256748453e-05,
        0.00023243714531417936,
        8.56609913171269e-05,
        0.00010463782382430509,
        5.2642957598436624e-05,
        0.0001376283325953409,
        0.9967876672744751,
        6.295197090366855e-05,
        8.245631761383265e-05
      ],
      "PSL_classification_label": "S-total.total_price",
      "PSL_lineitem_number": 1
    },
    {
      "bounding_box": [
        342,
        440,
        66,
        16,
        "230,000"
      ],
      "classification_label": "S-total.cashprice",
      "box_id": 1,
      "class_probability": 0.9823121428489685,
      "scores": [
        0.00022028308012522757,
        0.0001661968999542296,
        0.0002719162730500102,
        0.00017888625734485686,
        0.00017201814625877887,
        0.00019118149066343904,
        0.00012858142144978046,
        0.0002677243610378355,
        0.00026477008941583335,
        0.00017600340652279556,
        0.00022526405518874526,
        0.0001600122486706823,
        0.00030306665576063097,
        0.0002990132197737694,
        0.0002878553932532668,
        0.00014261050091590732,
        0.00032131210900843143,
        0.00030936405528336763,
        0.00022513540170621127,
        0.0002907883608713746,
        0.0001271471701329574,
        0.9823121428489685,
        0.0006410221103578806,
        0.003754753852263093,
        0.002130005042999983,
        7.654033834114671e-05,
        0.00027054379461333156,
        0.005614061839878559,
        5.6658522225916386e-05,
        0.00025855633430182934,
        0.00015662518853787333
      ],
      "PSL_classification_label": "S-total.cashprice",
      "PSL_lineitem_number": ""
    },
    {
      "bounding_box": [
        389,
        457,
        22,
        28,
        "0"
      ],
      "classification_label": "S-total.changeprice",
      "box_id": 2,
      "class_probability": 0.9959926009178162,
      "scores": [
        4.880212145508267e-05,
        0.00012398375838529319,
        6.845049210824072e-05,
        0.00010996752098435536,
        0.00011096824164269492,
        8.599471766501665e-05,
        0.00016348419012501836,
        0.00014595336688216776,
        5.623473407467827e-05,
        5.8880912547465414e-05,
        0.00014704815112054348,
        0.00012368345051072538,
        0.00010475247108843178,
        0.00017921214748639613,
        7.534381438745186e-05,
        0.0001488057750975713,
        0.00017464150732848793,
        9.684315591584891e-05,
        0.00014459398516919464,
        0.00012139591854065657,
        0.00017501595721114427,
        0.00020879178191535175,
        0.9959926009178162,
        0.00023176033573690802,
        0.00019783661991823465,
        0.00011172205995535478,
        0.0001748784852679819,
        0.0002935769152827561,
        0.00014204767649061978,
        9.042568854056299e-05,
        9.235596371581778e-05
      ],
      "PSL_classification_label": "S-total.changeprice",
      "PSL_lineitem_number": ""
    },
    {
      "bounding_box": [
        115,
        389,
        10,
        16,
        "1"
      ],
      "classification_label": "S-menu.cnt",
      "box_id": 3,
      "class_probability": 0.9980630278587341,
      "scores": [
        7.2509101300966e-05,
        0.9980630278587341,
        7.416464359266683e-05,
        6.256108463276178e-05,
        4.015863669337705e-05,
        5.994511229800992e-05,
        6.712317554047331e-05,
        2.5476914743194357e-05,
        0.0002677680167835206,
        5.182688983040862e-05,
        3.268010914325714e-05,
        4.920845458400436e-05,
        6.326727452687919e-05,
        3.859249409288168e-05,
        4.4886368414154276e-05,
        4.132693720748648e-05,
        3.9715381717542186e-05,
        3.300484240753576e-05,
        7.840111356927082e-05,
        6.29295755061321e-05,
        7.211162301246077e-05,
        7.983208342920989e-05,
        5.979728666716255e-05,
        6.741745164617896e-05,
        6.593358557438478e-05,
        0.00012471100490074605,
        9.210848656948656e-05,
        3.7265908758854493e-05,
        5.202254033065401e-05,
        3.5396871680859476e-05,
        4.474942397791892e-05
      ],
      "PSL_classification_label": "S-menu.cnt",
      "PSL_lineitem_number": 1
    },
    {
      "bounding_box": [
        126,
        375,
        205,
        26,
        "BANABERRY FRESH CREAM CAK"
      ],
      "classification_label": "S-menu.nm",
      "box_id": 4,
      "class_probability": 0.9977107048034668,
      "scores": [
        9.49445238802582e-05,
        7.380992610706016e-05,
        3.3750326110748574e-05,
        0.0001173044802271761,
        7.544046093244106e-05,
        0.9977107048034668,
        0.00014511759218294173,
        6.24089443590492e-05,
        4.366017674328759e-05,
        8.734937728149816e-05,
        0.00020861289522144943,
        4.13679335906636e-05,
        3.632443622336723e-05,
        6.240780930966139e-05,
        8.714211435290053e-05,
        7.822864426998422e-05,
        6.705054693156853e-05,
        7.542571984231472e-05,
        5.25262403243687e-05,
        6.255039625102654e-05,
        6.637222395511344e-05,
        0.00010553411993896589,
        5.483801578520797e-05,
        4.516602712101303e-05,
        5.822947423439473e-05,
        4.877263563685119e-05,
        5.584434620686807e-05,
        5.750718992203474e-05,
        0.00012565554061438888,
        0.00010084926907438785,
        6.502537871710956e-05
      ],
      "PSL_classification_label": "S-menu.nm",
      "PSL_lineitem_number": 1
    },
    {
      "bounding_box": [
        338,
        373,
        63,
        19,
        "230,000"
      ],
      "classification_label": "S-menu.price",
      "box_id": 5,
      "class_probability": 0.9978078007698059,