{
  "scores_sequence": [
    "S-No_class",
    "S-menu.cnt",
    "S-menu.discountprice",
    "S-menu.etc",
    "S-menu.itemsubtotal",
    "S-menu.nm",
    "S-menu.num",
    "S-menu.price",
    "S-menu.sub_cnt",
    "S-menu.sub_etc",
    "S-menu.sub_nm",
    "S-menu.sub_price",
    "S-menu.sub_unitprice",
    "S-menu.unitprice",
    "S-menu.vatyn",
    "S-sub_total.discount_price",
    "S-sub_total.etc",
    "S-sub_total.othersvc_price",
    "S-sub_total.service_price",
    "S-sub_total.subtotal_price",
    "S-sub_total.tax_price",
    "S-total.cashprice",
    "S-total.changeprice",
    "S-total.creditcardprice",
    "S-total.emoneyprice",
    "S-total.menuqty_cnt",
    "S-total.menutype_cnt",
    "S-total.total_etc",
    "S-total.total_price",
    "S-void_menu.nm",
    "S-void_menu.price"
  ],
  "predictions": [
    {
      "bounding_box": [
        64,
        349,
        11,
        19,
        "1"
      ],
      "classification_label": "S-menu.cnt",
      "box_id": 0,
      "class_probability": 0.9983481168746948,
      "scores": [
        6.57437412883155e-05,
        0.9983481168746948,
        5.7964400184573606e-05,
        5.7034732890315354e-05,
        3.770121475099586e-05,
        6.830702477600425e-05,
        6.350965122692287e-05,
        2.0693245460279286e-05,
        0.00015125943173188716,
        4.590734533849172e-05,
        3.721950633917004e-05,
        5.505073568201624e-05,
        5.195711491978727e-05,
        3.586485763662495e-05,
        4.041063948534429e-05,
        3.8571761251660064e-05,
        3.627053229138255e-05,
        3.4266508009750396e-05,
        6.601270433748141e-05,
        5.9200501709710807e-05,
        7.466485840268433e-05,
        6.555035361088812e-05,
        5.1780472858808935e-05,
        5.911311018280685e-05,
        5.3098221542313695e-05,
        7.238960824906826e-05,
        8.755968883633614e-05,
        3.2482199458172545e-05,
        6.265300180530176e-05,
        2.908158057834953e-05,
        4.067855843459256e-05
      ],
      "PSL_classification_label": "S-menu.cnt",
      "PSL_lineitem_number": 1
    },
    {
      "bounding_box": [
        77,
        345,
        115,
        22,
        "Viet Milk Coffee"
      ],
      "classification_label": "S-menu.nm",
      "box_id": 1,
      "class_probability": 0.9972652196884155,
      "scores": [
        0.00011047438601963222,
        9.51003676163964e-05,
        3.3911990612978116e-05,
        0.0001240785204572603,
        7.73124338593334e-05,
        0.9972652196884155,
        0.00015321226965170354,
        8.366374095203355e-05,
        5.345188401406631e-05,
        0.00010341354936826974,
        0.00026355645968578756,
        4.9540773034095764e-05,
        4.208193422527984e-05,
        9.454999235458672e-05,
        0.00012378598330542445,
        0.000107410283817444,
        7.61366100050509e-05,
        7.931314030429348e-05,
        7.094533793861046e-05,
        8.523132419213653e-05,
        7.410853868350387e-05,
        0.00012057234562234953,
        5.977444743621163e-05,
        5.8368954341858625e-05,
        6.391139322659001e-05,
        5.222144318395294e-05,
        6.02460240770597e-05,
        6.907748320372775e-05,
        0.0001508860004832968,
        0.00012173514551250264,
        7.6779440860264e-05
      ],
      "PSL_classification_label": "S-menu.nm",
      "PSL_lineitem_number": 1
    },
    {
      "bounding_box": [
        338,
        336,
        46,
        16,
        "25,000"
      ],
      "classification_label": "S-menu.price",
      "box_id": 2,
      "class_probability": 0.9983793497085571,
      "scores": [
        2.8076563467038795e-05,
        3.492815812933259e-05,
        4.0896535210777074e-05,
        6.126627704361454e-05,
        4.4940519728697836e-05,
        4.7521454689558595e-05,
        5.562628211919218e-05,
        0.9983793497085571,
        5.195968333282508e-05,
        3.406845644349232e-05,
        5.3412484703585505e-05,
        0.00011649748921627179,
        3.097226726822555e-05,
        0.00013717703404836357,
        8.007275027921423e-05,
        3.7279678508639336e-05,
        3.19386126648169e-05,
        4.4017106120008975e-05,
        4.5283319195732474e-05,
        7.260253914864734e-05,
        6.033220051904209e-05,
        7.99985573394224e-05,
        6.160052726045251e-05,
        2.911679257522337e-05,
        4.6906712668715045e-05,
        2.785974538710434e-05,
        3.2706273486837745e-05,
        4.7788322262931615e-05,
        6.916612619534135e-05,
        5.604305260931142e-05,
        6.052635580999777e-05
      ],
      "PSL_classification_label": "S-menu.price",
      "PSL_lineitem_number": 1
    },
    {
      "bounding_box": [
        72,
        368,
        32,
        35,
        "+Ice +M"
      ],
      "classification_label": "S-menu.sub_nm",
      "box_id": 3,
      "class_probability": 0.9916373193264008,
      "scores": [
        0.0005366124678403139,
        0.0001574800699017942,
        0.0003341440897202119,
        0.0007006787636782974,
        0.00026691501261666417,
        0.00041652652726043016,
        0.00013998343638377264,
        0.00014857465430395678,
        0.0003106826916337013,
        0.0003154925652779639,
        0.9916373193264008,
        0.00027093105018138885,
        0.0002784474636428058,
        0.00020253254479030147,
        0.000461069488665089,
        0.0002625936613185331,
        0.00024223872605944052,
        0.00017939022654900327,
        0.00034797123225871474,
        0.00022283821454038844,
        0.00024379063688684255,
        0.00016788816719781607,
        0.0003522734041325748,
        0.00011225707203266211,
        0.00025585651746951044,
        0.00020483031403273344,
        0.00023138164397096261,
        0.00036865480069536716,
        0.0002309697010787204,
        0.00020259982557035983,
        0.00019714225345524028
      ],
      "PSL_classification_label": "S-menu.sub_nm",
      "PSL_lineitem_number": 1
    },
    {
      "bounding_box": [
        343,
        411,
        46,
        16,
        "25.000"
      ],
      "classification_label": "S-sub_total.subtotal_price",
      "box_id": 5,
      "class_probability": 0.9912838935852051,
      "scores": [
        0.00012455011892598122,
        0.00019851585966534913,
        0.0001368073426419869,
        0.00012088574294466525,
        0.00011521936539793387,
        0.0001449153496650979,
        0.00010609809396555647,
        0.001329367863945663,
        6.31192306173034e-05,
        0.00015953570255078375,
        0.00017408592975698411,
        0.0001527706190245226,
        9.267446876037866e-05,
        0.00016016072186175734,
        0.00019141891971230507,
        0.0002614014665596187,
        0.00028636708157137036,
        8.686645742272958e-05,
        9.17166325962171e-05,
        0.9912838935852051,
        0.00019795625121332705,
        0.000155485569848679,
        0.00011699999595293775,
        0.0001317290443694219,
        0.00012300834350753576,
        0.00015398232790175825,
        9.438332926947623e-05,
        0.00010627267329255119,
        0.0034803044982254505,
        9.854661766439676e-05,
        6.114417919889092e-05
      ],
      "PSL_classification_label": "S-sub_total.subtotal_price",
      "PSL_lineitem_number": ""
    },
    {
      "bounding_box": [
        344,
        429,
        46,
        15,
        "25.000"
      ],
      "classification_label": "S-total.total_price",
      "box_id": 6,
      "class_probability": 0.9941679239273071,