{
  "scores_sequence": [
    "S-No_class",
    "S-menu.cnt",
    "S-menu.discountprice",
    "S-menu.etc",
    "S-menu.itemsubtotal",
    "S-menu.nm",
    "S-menu.num",
    "S-menu.price",
    "S-menu.sub_cnt",
    "S-menu.sub_etc",
    "S-menu.sub_nm",
    "S-menu.sub_price",
    "S-menu.sub_unitprice",
    "S-menu.unitprice",
    "S-menu.vatyn",
    "S-sub_total.discount_price",
    "S-sub_total.etc",
    "S-sub_total.othersvc_price",
    "S-sub_total.service_price",
    "S-sub_total.subtotal_price",
    "S-sub_total.tax_price",
    "S-total.cashprice",
    "S-total.changeprice",
    "S-total.creditcardprice",
    "S-total.emoneyprice",
    "S-total.menuqty_cnt",
    "S-total.menutype_cnt",
    "S-total.total_etc",
    "S-total.total_price",
    "S-void_menu.nm",
    "S-void_menu.price"
  ],
  "predictions": [
    {
      "bounding_box": [
        653,
        799,
        130,
        52,
        "40,000"
      ],
      "classification_label": "S-total.total_price",
      "box_id": 0,
      "class_probability": 0.9950147271156311,
      "scores": [
        0.00010813488916028291,
        0.00011501911649247631,
        9.691633022157475e-05,
        8.834883192321286e-05,
        0.0001637214736547321,
        0.00010926721733994782,
        7.322887540794909e-05,
        0.00024299047072418034,
        6.447386840591207e-05,
        0.00014534704678226262,
        9.328462328994647e-05,
        0.00011813082528533414,
        6.213782035047188e-05,
        0.00018942065071314573,
        9.924377809511498e-05,
        0.0001345491036772728,
        0.0002710692642722279,
        9.747610602062196e-05,
        0.00011877280485350639,
        0.00019681947014760226,
        0.00023920477542560548,
        0.0005802446394227445,
        0.00015903956955298781,
        0.0005006992141716182,
        0.0001495352917117998,
        0.00016215114737860858,
        7.262589497258887e-05,
        0.00034492494887672365,
        0.9950147271156311,
        6.840167770860717e-05,
        0.0001201027407660149
      ],
      "PSL_classification_label": "S-total.total_price",
      "PSL_lineitem_number": ""
    },
    {
      "bounding_box": [
        235,
        822,
        124,
        43,
        "50,000"
      ],
      "classification_label": "S-total.cashprice",
      "box_id": 1,
      "class_probability": 0.992405354976654,
      "scores": [
        0.00011531088966876268,
        9.975756984204054e-05,
        0.00012266039266251028,
        0.00010169194865738973,
        0.00011529318726388738,
        0.00014838637434877455,
        0.00010874997678911313,
        0.0002479429531376809,
        0.00022659930982626975,
        0.00010133529576705769,
        0.00014545653539244086,
        0.0001111481396947056,
        0.00018669331620913,
        0.00026663942844606936,
        0.00013656090595759451,
        0.0001014571389532648,
        0.00016847912047524005,
        0.00024262173974420875,
        0.00011499987886054441,
        0.00014647844363935292,
        0.00010571395250735804,
        0.992405354976654,
        0.0005751716089434922,
        0.00034107474493794143,
        0.0002434633206576109,
        7.994446787051857e-05,
        0.00018998647283297032,
        0.0027183336205780506,
        6.498274160549045e-05,
        0.00012632603466045111,
        0.00014149233174975961
      ],
      "PSL_classification_label": "S-total.cashprice",
      "PSL_lineitem_number": ""
    },
    {
      "bounding_box": [
        655,
        847,
        119,
        44,
        "10,000"
      ],
      "classification_label": "S-total.changeprice",
      "box_id": 2,
      "class_probability": 0.9953740239143372,
      "scores": [
        6.993479473749176e-05,
        0.00016510876594111323,
        9.646196849644184e-05,
        0.0001439830957679078,
        0.00013480102643370628,
        8.749413973418996e-05,
        0.0002021620312007144,
        0.00020398577908053994,
        7.819137681508437e-05,
        6.275135092437267e-05,
        0.0001787627988960594,
        0.00017287943046540022,
        0.0001505079708294943,
        0.00023368156689684838,
        8.65905822138302e-05,
        0.0001268629275728017,
        0.00011730541154975072,
        0.00012396491365507245,
        0.00015103249461390078,
        0.0002221455069957301,
        0.00018255144823342562,
        0.000261078734183684,
        0.9953740239143372,
        0.0001655376108828932,
        0.00020015005429740995,
        0.00014044548152014613,
        0.00019802151655312628,
        0.0003335104265715927,
        9.973798296414316e-05,
        0.00012012307706754655,
        0.00011629389337031171
      ],
      "PSL_classification_label": "S-total.changeprice",
      "PSL_lineitem_number": ""
    },
    {
      "bounding_box": [
        195,
        751,
        21,
        36,
        "1"
      ],
      "classification_label": "S-total.menuqty_cnt",
      "box_id": 3,
      "class_probability": 0.9892168045043945,
      "scores": [
        0.00029041687957942486,
        0.0004620012186933309,
        0.00021349622693378478,
        0.0002535185485612601,
        0.0002224570489488542,
        0.000248310825554654,
        0.0002488292520865798,
        0.0001940678630489856,
        0.00043895136332139373,
        0.00021503225434571505,
        0.0002529987832531333,
        0.00032882881350815296,
        0.00038013007724657655,
        0.00029421597719192505,
        0.00015305238775908947,
        7.497418118873611e-05,
        0.0002581964654382318,
        0.00015122786862775683,
        0.00021068178466521204,
        0.00026656812406145036,
        0.00015269067080225796,
        9.049237996805459e-05,
        0.0003402486036065966,
        0.00014582871517632157,
        0.00014598957204725593,
        0.9892168045043945,
        0.003906464669853449,
        0.00027782583492808044,
        0.00022631973843090236,
        0.00014514177746605128,
        0.00019409637025091797
      ],
      "PSL_classification_label": "S-total.menuqty_cnt",
      "PSL_lineitem_number": ""
    },
    {
      "bounding_box": [
        49,
        633,
        20,
        35,
        "1"
      ],
      "classification_label": "S-menu.cnt",
      "box_id": 4,
      "class_probability": 0.9979673027992249,
      "scores": [
        6.468041829066351e-05,
        0.9979673027992249,
        6.025728362146765e-05,
        6.380341801559553e-05,
        3.9300084608839825e-05,
        6.921430758666247e-05,
        7.134476618375629e-05,
        2.585854053904768e-05,
        0.0005574615788646042,
        4.912478107144125e-05,
        3.275625567766838e-05,
        4.426775922183879e-05,
        5.7473997003398836e-05,
        3.575086884666234e-05,
        4.387805165606551e-05,
        3.95424613088835e-05,
        3.5113356716465205e-05,
        3.102776099694893e-05,
        6.334234058158472e-05,
        5.511734343599528e-05,
        7.600399112561718e-05,
        6.0368871345417574e-05,
        5.006798528484069e-05,
        5.301690544001758e-05,
        5.389449142967351e-05,
        6.581707566510886e-05,
        7.929354615043849e-05,
        2.8200116503285244e-05,
        4.7972942411433905e-05,
        3.015734546352178e-05,
        4.8509002226637676e-05
      ],
      "PSL_classification_label": "S-menu.cnt",
      "PSL_lineitem_number": 1
    },
    {
      "bounding_box": [
        127,
        629,
        363,
        55,
        "XXL Crispy Chicken"
      ],
      "classification_label": "S-menu.nm",
      "box_id": 5,
      "class_probability": 0.9972678422927856,