{
  "scores_sequence": [
    "S-No_class",
    "S-menu.cnt",
    "S-menu.discountprice",
    "S-menu.etc",
    "S-menu.itemsubtotal",
    "S-menu.nm",
    "S-menu.num",
    "S-menu.price",
    "S-menu.sub_cnt",
    "S-menu.sub_etc",
    "S-menu.sub_nm",
    "S-menu.sub_price",
    "S-menu.sub_unitprice",
    "S-menu.unitprice",
    "S-menu.vatyn",
    "S-sub_total.discount_price",
    "S-sub_total.etc",
    "S-sub_total.othersvc_price",
    "S-sub_total.service_price",
    "S-sub_total.subtotal_price",
    "S-sub_total.tax_price",
    "S-total.cashprice",
    "S-total.changeprice",
    "S-total.creditcardprice",
    "S-total.emoneyprice",
    "S-total.menuqty_cnt",
    "S-total.menutype_cnt",
    "S-total.total_etc",
    "S-total.total_price",
    "S-void_menu.nm",
    "S-void_menu.price"
  ],
  "predictions": [
    {
      "bounding_box": [
        631,
        2342,
        27,
        50,
        "6"
      ],
      "classification_label": "S-menu.cnt",
      "box_id": 0,
      "class_probability": 0.9979693293571472,
      "scores": [
        6.235948239918798e-05,
        0.9979693293571472,
        6.735591887263581e-05,
        8.61830631038174e-05,
        4.313583121984266e-05,
        0.0001003788856905885,
        0.00010852541890926659,
        2.6795247322297655e-05,
        0.00019166518177371472,
        5.999249697197229e-05,
        5.047626837040298e-05,
        6.862619193270802e-05,
        7.202691631391644e-05,
        6.0836555348942056e-05,
        5.2425235480768606e-05,
        4.7830551920924336e-05,
        3.853650559904054e-05,
        4.7914149035932496e-05,
        7.39599927328527e-05,
        8.611495286459103e-05,
        7.705488678766415e-05,
        6.48058921797201e-05,
        5.189512012293562e-05,
        5.526546374312602e-05,
        5.21054862474557e-05,
        9.400891576660797e-05,
        0.00010518463386688381,
        3.483478940324858e-05,
        6.930209929123521e-05,
        3.705693961819634e-05,
        4.4133088522357866e-05
      ],
      "PSL_classification_label": "S-menu.cnt",
      "PSL_lineitem_number": 1
    },
    {
      "bounding_box": [
        834,
        2326,
        290,
        66,
        "Cheese Tart"
      ],
      "classification_label": "S-menu.nm",
      "box_id": 1,
      "class_probability": 0.9951490759849548,
      "scores": [
        0.0001534550974611193,
        9.795879304874688e-05,
        5.86054302402772e-05,
        0.00027101178420707583,
        0.00011561822611838579,
        0.9951490759849548,
        0.0003524446801748127,
        0.0001334631524514407,
        8.19223714643158e-05,
        0.00014984500012360513,
        0.0011566422181203961,
        6.69272048980929e-05,
        6.219541683094576e-05,
        0.00017776877211872488,
        0.00017421322991140187,
        0.00012464217434171587,
        8.394367614528164e-05,
        0.00012322563270572573,
        8.615080878371373e-05,
        0.00014652134268544614,
        0.0001062650335370563,
        0.00015712175809312612,
        8.062959386734292e-05,
        9.153518476523459e-05,
        8.827501733321697e-05,
        6.882836169097573e-05,
        8.123432053253055e-05,
        9.5672148745507e-05,
        0.00019969265849795192,
        0.00016680396220181137,
        9.832053183345124e-05
      ],
      "PSL_classification_label": "S-menu.nm",
      "PSL_lineitem_number": 1
    },
    {
      "bounding_box": [
        1449,
        2326,
        230,
        78,
        "165000.00"
      ],
      "classification_label": "S-menu.price",
      "box_id": 2,
      "class_probability": 0.9973956346511841,
      "scores": [
        3.330803519929759e-05,
        4.702003934653476e-05,
        5.593446621787734e-05,
        7.090814324328676e-05,
        5.741100903833285e-05,
        6.322177068796009e-05,
        9.003201557788998e-05,
        0.9973956346511841,
        5.0700371502898633e-05,
        4.3811909563373774e-05,
        6.629895506193861e-05,
        0.00013762271555606276,
        3.7222351238597184e-05,
        0.00025229714810848236,
        9.535256685921922e-05,
        5.542121652979404e-05,
        6.333854253171012e-05,
        4.571202225633897e-05,
        5.813391544506885e-05,
        0.00038175744703039527,
        0.0001017554386635311,
        0.0001282754383282736,
        8.807190170045942e-05,
        5.9319638239685446e-05,
        5.9554309700615704e-05,
        3.362258576089516e-05,
        3.7718982639489695e-05,
        6.009465505485423e-05,
        0.00019531276484485716,
        7.122893293853849e-05,
        6.390719499904662e-05
      ],
      "PSL_classification_label": "S-menu.price",
      "PSL_lineitem_number": 1
    },
    {
      "bounding_box": [
        677,
        2396,
        221,
        69,
        "Box of 6"
      ],
      "classification_label": "S-menu.sub_nm",
      "box_id": 3,
      "class_probability": 0.8978155851364136,
      "scores": [
        0.0014411475276574492,
        0.0005100694252178073,
        0.000932151626329869,
        0.011708135716617107,
        0.0010393548291176558,
        0.05811772495508194,
        0.004697781056165695,
        0.0005904231802560389,
        0.0009612484136596322,
        0.002198191825300455,
        0.8978155851364136,
        0.000866996415425092,
        0.0007259947014972568,
        0.0009050733642652631,
        0.001957239815965295,
        0.000585978152230382,
        0.0006282208487391472,
        0.0006736043724231422,
        0.0006753523484803736,
        0.0009663228993304074,
        0.0010008503450080752,
        0.00042168167419731617,
        0.0009350452455691993,
        0.0008100307313725352,
        0.0005901355179958045,
        0.003072022693231702,
        0.0012719507794827223,
        0.0009736548527143896,
        0.0010828559752553701,
        0.0008567178738303483,
        0.000988520449027419
      ],
      "PSL_classification_label": "S-menu.sub_nm",
      "PSL_lineitem_number": ""
    },
    {
      "bounding_box": [
        677,
        2465,
        269,
        66,
        "PP Carrier"
      ],
      "classification_label": "S-menu.nm",
      "box_id": 4,
      "class_probability": 0.9920593500137329,
      "scores": [
        0.00022506895766127855,
        0.00010679732804419473,
        8.345885726157576e-05,
        0.0004185200377833098,
        0.00016626212163828313,
        0.9920593500137329,
        0.0005293649737723172,
        0.0001466849644202739,
        0.00010468994150869548,
        0.00021249294513836503,
        0.002996315248310566,
        8.810548752080649e-05,
        8.650295058032498e-05,
        0.00020364782540127635,
        0.00021560552704613656,
        0.00013799015141557902,
        0.0001149201052612625,
        0.00016050750855356455,
        0.00011630379594862461,
        0.00019410040113143623,
        0.0001356240245513618,
        0.0001877403410617262,
        0.00011038338561775163,
        0.00012622142094187438,
        0.00011574954987736419,
        0.00010861693590413779,
        0.00011930737673537806,
        0.00012165875523351133,
        0.00027735618641600013,
        0.0001905730168800801,
        0.00014013671898283064
      ],
      "PSL_classification_label": "S-menu.nm",
      "PSL_lineitem_number": ""
    },
    {
      "bounding_box": [
        1446,
        2584,
        235,
        143,
        "165000.00 15000.00"
      ],
      "classification_label": "S-sub_total.subtotal_price",
      "box_id": 5,
      "class_probability": 0.7704987227916718,