{
  "scores_sequence": [
    "S-No_class",
    "S-menu.cnt",
    "S-menu.discountprice",
    "S-menu.etc",
    "S-menu.itemsubtotal",
    "S-menu.nm",
    "S-menu.num",
    "S-menu.price",
    "S-menu.sub_cnt",
    "S-menu.sub_etc",
    "S-menu.sub_nm",
    "S-menu.sub_price",
    "S-menu.sub_unitprice",
    "S-menu.unitprice",
    "S-menu.vatyn",
    "S-sub_total.discount_price",
    "S-sub_total.etc",
    "S-sub_total.othersvc_price",
    "S-sub_total.service_price",
    "S-sub_total.subtotal_price",
    "S-sub_total.tax_price",
    "S-total.cashprice",
    "S-total.changeprice",
    "S-total.creditcardprice",
    "S-total.emoneyprice",
    "S-total.menuqty_cnt",
    "S-total.menutype_cnt",
    "S-total.total_etc",
    "S-total.total_price",
    "S-void_menu.nm",
    "S-void_menu.price"
  ],
  "predictions": [
    {
      "bounding_box": [
        135,
        889,
        14,
        22,
        "1"
      ],
      "classification_label": "S-menu.cnt",
      "box_id": 0,
      "class_probability": 0.9977942705154419,
      "scores": [
        7.656900561414659e-05,
        0.9977942705154419,
        6.34465177427046e-05,
        7.430763071170077e-05,
        4.723131496575661e-05,
        7.248951442306861e-05,
        7.157191430451348e-05,
        2.702400706766639e-05,
        0.0006163877551443875,
        5.1429731684038416e-05,
        3.065792043344118e-05,
        4.683346560341306e-05,
        6.490733358077705e-05,
        3.9000395190669224e-05,
        5.309138941811398e-05,
        4.561012246995233e-05,
        3.507540895952843e-05,
        3.702356116264127e-05,
        7.628249295521528e-05,
        5.2955871069571e-05,
        7.705790631007403e-05,
        6.313958874670789e-05,
        5.128406701260246e-05,
        5.807224442833103e-05,
        5.8212415751768276e-05,
        5.592870365944691e-05,
        9.376045636599883e-05,
        2.900248182413634e-05,
        4.74053667858243e-05,
        3.573413414414972e-05,
        5.437799700303003e-05
      ],
      "PSL_classification_label": "S-menu.cnt",
      "PSL_lineitem_number": 1
    },
    {
      "bounding_box": [
        181,
        881,
        152,
        28,
        "BBQ Chicken"
      ],
      "classification_label": "S-menu.nm",
      "box_id": 1,
      "class_probability": 0.9934149980545044,
      "scores": [
        0.0002003974368562922,
        7.83039940870367e-05,
        7.095236651366577e-05,
        0.00034634058829396963,
        0.00012084192712791264,
        0.9934149980545044,
        0.00024590373504906893,
        0.00010448884859215468,
        9.589541878085583e-05,
        0.00019760993018280715,
        0.0028043799102306366,
        6.29223941359669e-05,
        7.700300920987502e-05,
        0.00011694910790538415,
        0.0002269534015795216,
        0.00011086931772297248,
        9.33916016947478e-05,
        0.00014571745123248547,
        8.896926010493189e-05,
        0.0001283281308133155,
        0.00011669398372760043,
        0.00014300495968200266,
        9.290302114095539e-05,
        9.680823131930083e-05,
        0.0001041427458403632,
        7.706847100052983e-05,
        9.964264609152451e-05,
        0.00010510528954910114,
        0.00017658753495197743,
        0.00015460104623343796,
        0.00010218221723334864
      ],
      "PSL_classification_label": "S-menu.nm",
      "PSL_lineitem_number": 1
    },
    {
      "bounding_box": [
        490,
        869,
        78,
        25,
        "41,000"
      ],
      "classification_label": "S-menu.price",
      "box_id": 2,
      "class_probability": 0.9979133009910583,
      "scores": [
        3.2147709134733304e-05,
        3.350038605276495e-05,
        4.998860458726995e-05,
        5.635059278574772e-05,
        5.269953908282332e-05,
        4.6994937292765826e-05,
        4.943605381413363e-05,
        0.9979133009910583,
        5.546992542804219e-05,
        4.327093847678043e-05,
        5.321223579812795e-05,
        0.0004108407301828265,
        4.146205174038187e-05,
        0.00010440222104080021,
        9.840078564593568e-05,
        4.9231675802730024e-05,
        3.537836892064661e-05,
        5.70322954445146e-05,
        4.770341911353171e-05,
        9.425391181139275e-05,
        7.186560833361e-05,
        8.677117148181424e-05,
        6.0849153669551015e-05,
        3.978542736149393e-05,
        6.453816604334861e-05,
        3.527285298332572e-05,
        3.6987883504480124e-05,
        4.7777539293747395e-05,
        8.175281982403249e-05,
        7.694805390201509e-05,
        7.234952499857172e-05
      ],
      "PSL_classification_label": "S-menu.price",
      "PSL_lineitem_number": 1
    },
    {
      "bounding_box": [
        135,
        911,
        14,
        24,
        "1"
      ],
      "classification_label": "S-menu.sub_cnt",
      "box_id": 3,
      "class_probability": 0.9880654811859131,
      "scores": [
        0.0003317526716273278,
        0.002954101888462901,
        0.0002701046469155699,
        0.00030999770388007164,
        0.000275733444141224,
        0.0002938446996267885,
        0.0002530137135181576,
        0.00023871321172919124,
        0.9880654811859131,
        0.00031551733263768256,
        0.00020030804444104433,
        0.00025423808256164193,
        0.000596697092987597,
        0.00010397643927717581,
        0.0002580891305115074,
        0.00016474643780384213,
        0.00020101571863051504,
        0.00026213517412543297,
        0.0003111175319645554,
        0.00018805090803653002,
        0.00019975844770669937,
        0.00032080584787763655,
        0.00016723584849387407,
        0.00018747200374491513,
        0.0001361407048534602,
        0.0008435934432782233,
        0.0010084136156365275,
        0.00022057666501495987,
        7.425420335493982e-05,
        0.00041069454164244235,
        0.0005823101964779198
      ],
      "PSL_classification_label": "S-menu.sub_cnt",
      "PSL_lineitem_number": 1
    },
    {
      "bounding_box": [
        181,
        905,
        152,
        28,
        "- Tidak Pedas"
      ],
      "classification_label": "S-menu.sub_nm",
      "box_id": 4,
      "class_probability": 0.8931710720062256,
      "scores": [
        0.0029183058068156242,
        0.0003014477842953056,
        0.0008732886053621769,
        0.0022668996825814247,
        0.0006619984633289278,
        0.08602064102888107,
        0.0008219171431846917,
        0.00029039426590316,
        0.000685539678670466,
        0.0013686527963727713,
        0.8931710720062256,
        0.0004997772630304098,
        0.0006786457961425185,
        0.00036788987927138805,
        0.001155936741270125,
        0.00038286158815026283,
        0.0003493174153845757,
        0.0006864542956463993,
        0.0005982557195238769,
        0.0005605933838523924,
        0.0004087852721568197,
        0.00045556106488220394,
        0.00046535496949218214,
        0.00029193342197686434,
        0.0005683464696630836,
        0.00045190376113168895,
        0.0005371843581087887,
        0.0005687539232894778,
        0.00034167812555097044,
        0.0006213872693479061,
        0.0006292254547588527
      ],
      "PSL_classification_label": "S-menu.sub_nm",
      "PSL_lineitem_number": 1
    },
    {
      "bounding_box": [
        551,
        889,
        18,
        24,
        "0"
      ],
      "classification_label": "S-menu.sub_price",
      "box_id": 5,
      "class_probability": 0.9399340748786926,