{
  "scores_sequence": [
    "S-No_class",
    "S-menu.cnt",
    "S-menu.discountprice",
    "S-menu.etc",
    "S-menu.itemsubtotal",
    "S-menu.nm",
    "S-menu.num",
    "S-menu.price",
    "S-menu.sub_cnt",
    "S-menu.sub_etc",
    "S-menu.sub_nm",
    "S-menu.sub_price",
    "S-menu.sub_unitprice",
    "S-menu.unitprice",
    "S-menu.vatyn",
    "S-sub_total.discount_price",
    "S-sub_total.etc",
    "S-sub_total.othersvc_price",
    "S-sub_total.service_price",
    "S-sub_total.subtotal_price",
    "S-sub_total.tax_price",
    "S-total.cashprice",
    "S-total.changeprice",
    "S-total.creditcardprice",
    "S-total.emoneyprice",
    "S-total.menuqty_cnt",
    "S-total.menutype_cnt",
    "S-total.total_etc",
    "S-total.total_price",
    "S-void_menu.nm",
    "S-void_menu.price"
  ],
  "predictions": [
    {
      "bounding_box": [
        117,
        383,
        22,
        34,
        "1"
      ],
      "classification_label": "S-menu.cnt",
      "box_id": 0,
      "class_probability": 0.9983140230178833,
      "scores": [
        5.9744481404777616e-05,
        0.9983140230178833,
        5.7326265960000455e-05,
        5.906556179979816e-05,
        4.065952089149505e-05,
        6.417867552954704e-05,
        6.180108175612986e-05,
        2.201350434916094e-05,
        0.00019190993043594062,
        4.904109664494172e-05,
        3.3875727240229025e-05,
        5.425875497166999e-05,
        5.001898171030916e-05,
        3.536258009262383e-05,
        4.1840077756205574e-05,
        3.846351319225505e-05,
        3.69903864338994e-05,
        3.2706098863855004e-05,
        7.406700751744211e-05,
        5.4807365813758224e-05,
        6.829947960795835e-05,
        6.137706805020571e-05,
        5.6684068113099784e-05,
        6.496970308944583e-05,
        6.441813457058743e-05,
        6.551436672452837e-05,
        8.164373866748065e-05,
        2.9326536605367437e-05,
        5.899682219023816e-05,
        3.286145511083305e-05,
        4.369741145637818e-05
      ],
      "PSL_classification_label": "S-menu.cnt",
      "PSL_lineitem_number": 1
    },
    {
      "bounding_box": [
        146,
        362,
        287,
        52,
        "COOKIES AND CREAM"
      ],
      "classification_label": "S-menu.nm",
      "box_id": 1,
      "class_probability": 0.9975249171257019,
      "scores": [
        0.00011085622099926695,
        8.088747563306242e-05,
        3.490468952804804e-05,
        0.0001099681539926678,
        7.640181866008788e-05,
        0.9975249171257019,
        0.00012327211152296513,
        7.983341492945328e-05,
        4.5846925786463544e-05,
        0.00010016572923632339,
        0.00017384237435180694,
        4.5995820983080193e-05,
        3.799542537308298e-05,
        8.401834929827601e-05,
        0.00010133881733054295,
        9.218384366249666e-05,
        7.18468872946687e-05,
        7.658061076654121e-05,
        6.291081808740273e-05,
        7.462499343091622e-05,
        7.188677409430966e-05,
        0.0001263875310542062,
        5.9762081946246326e-05,
        5.3214054787531495e-05,
        6.556104926858097e-05,
        4.382227052701637e-05,
        5.53346544620581e-05,
        6.789293547626585e-05,
        0.00015743843687232584,
        0.0001180284598376602,
        7.20794778317213e-05
      ],
      "PSL_classification_label": "S-menu.nm",
      "PSL_lineitem_number": 1
    },
    {
      "bounding_box": [
        661,
        358,
        122,
        48,
        "20,909"
      ],
      "classification_label": "S-menu.price",
      "box_id": 2,
      "class_probability": 0.9981866478919983,
      "scores": [
        3.2813673897180706e-05,
        5.242840416030958e-05,
        4.111367161385715e-05,
        6.069129449315369e-05,
        4.6514865971403196e-05,
        5.169838550500572e-05,
        6.420697900466621e-05,
        0.9981866478919983,
        5.498836617334746e-05,
        3.63801846106071e-05,
        5.333657099981792e-05,
        0.00013471169222611934,
        3.145309892715886e-05,
        0.00016156540368683636,
        9.304760169470683e-05,
        3.760355684789829e-05,
        3.8807993405498564e-05,
        4.5473629143089056e-05,
        4.977174467057921e-05,
        0.00011304787767585367,
        9.132381092058495e-05,
        7.577691576443613e-05,
        6.42037921352312e-05,
        3.038403156097047e-05,
        4.550308585749008e-05,
        2.9251346859382465e-05,
        3.340500552440062e-05,
        4.281563451513648e-05,
        8.158895798260346e-05,
        6.103444320615381e-05,
        5.841402889927849e-05
      ],
      "PSL_classification_label": "S-menu.price",
      "PSL_lineitem_number": 1
    },
    {
      "bounding_box": [
        671,
        457,
        116,
        45,
        "20,909"
      ],
      "classification_label": "S-sub_total.subtotal_price",
      "box_id": 3,
      "class_probability": 0.996357262134552,
      "scores": [
        0.00013850367395207286,
        0.00015943453763611615,
        0.00011863863619510084,
        7.688120240345597e-05,
        9.960759052773938e-05,
        9.225929534295574e-05,
        8.381514635402709e-05,
        0.00044007605174556375,
        8.752879512030631e-05,
        0.00011338372132740915,
        8.868631994118914e-05,
        8.264937059720978e-05,
        9.904945909511298e-05,
        0.0001225168671226129,
        0.00012439519923646003,
        0.00033488639746792614,
        0.0001606004370842129,
        8.077561506070197e-05,
        7.452214777003974e-05,
        0.996357262134552,
        8.200345473596826e-05,
        0.0001691022771410644,
        0.0001017309696180746,
        8.313712169183418e-05,
        8.407597488258034e-05,
        0.00012791015615221113,
        9.61108598858118e-05,
        6.477547867689282e-05,
        0.00013842708722222596,
        5.650097955367528e-05,
        6.071193274692632e-05
      ],
      "PSL_classification_label": "S-sub_total.subtotal_price",
      "PSL_lineitem_number": ""
    },
    {
      "bounding_box": [
        671,
        505,
        100,
        44,
        "2,091"
      ],
      "classification_label": "S-sub_total.tax_price",
      "box_id": 4,
      "class_probability": 0.9909488558769226,
      "scores": [
        0.00015546013310085982,
        0.00025181262753903866,
        0.000187092024134472,
        9.00189988897182e-05,
        0.00021322854445315897,
        0.00017082490376196802,
        0.00022580478980671614,
        0.00020434713223949075,
        0.00012085674825357273,
        0.00018359620298724622,
        0.00014717575686518103,
        0.00018251662550028414,
        0.0001234627707162872,
        0.0003616941103246063,
        0.00015454262029379606,
        0.0006311550387181342,
        0.00019635703938547522,
        0.00023721168690826744,
        0.0036728032864630222,
        9.332995978184044e-05,
        0.9909488558769226,
        0.00016374858387280256,
        0.00020896238856948912,
        0.00011636466661002487,
        9.719526133267209e-05,
        0.00016567326383665204,
        0.00011384385288693011,
        0.00011627236381173134,
        0.00022087630350142717,
        0.0001001283380901441,
        0.00014474816271103919
      ],
      "PSL_classification_label": "S-sub_total.tax_price",
      "PSL_lineitem_number": ""
    },
    {
      "bounding_box": [
        665,
        550,
        114,
        43,
        "23,000"
      ],
      "classification_label": "S-total.total_price",
      "box_id": 5,
      "class_probability": 0.9958497285842896,