{
  "scores_sequence": [
    "S-No_class",
    "S-menu.cnt",
    "S-menu.discountprice",
    "S-menu.etc",
    "S-menu.itemsubtotal",
    "S-menu.nm",
    "S-menu.num",
    "S-menu.price",
    "S-menu.sub_cnt",
    "S-menu.sub_etc",
    "S-menu.sub_nm",
    "S-menu.sub_price",
    "S-menu.sub_unitprice",
    "S-menu.unitprice",
    "S-menu.vatyn",
    "S-sub_total.discount_price",
    "S-sub_total.etc",
    "S-sub_total.othersvc_price",
    "S-sub_total.service_price",
    "S-sub_total.subtotal_price",
    "S-sub_total.tax_price",
    "S-total.cashprice",
    "S-total.changeprice",
    "S-total.creditcardprice",
    "S-total.emoneyprice",
    "S-total.menuqty_cnt",
    "S-total.menutype_cnt",
    "S-total.total_etc",
    "S-total.total_price",
    "S-void_menu.nm",
    "S-void_menu.price"
  ],
  "predictions": [
    {
      "bounding_box": [
        211,
        685,
        230,
        56,
        "1X S-Bubble Milk Tea 100%"
      ],
      "classification_label": "S-menu.nm",
      "box_id": 0,
      "class_probability": 0.6539541924527535,
      "scores": [
        0.001028903328309146,
        0.2790429597249992,
        0.0008266005340071084,
        0.0021066401871697358,
        0.0009522168208301688,
        0.6539541924527535,
        0.00904633360914886,
        0.0011140408241772093,
        0.003183946066807645,
        0.001099716134679814,
        0.014610958751291037,
        0.00128066080166415,
        0.002373294824792538,
        0.009253947685162226,
        0.0013116846675984561,
        0.0008591945127894481,
        0.0009379156351011867,
        0.0009363457890382657,
        0.0010655112443297792,
        0.0009550118702463806,
        0.0014201917122894276,
        0.003860106104790854,
        0.0012946072917353983,
        0.0009713598653130854,
        0.0008568539657668831,
        0.000837877489781628,
        0.0009105012723011896,
        0.0010745322918713403,
        0.0009650229573405037,
        0.0008143143495544791,
        0.0010545190792375554
      ],
      "PSL_classification_label": "S-menu.nm",
      "PSL_lineitem_number": 1
    },
    {
      "bounding_box": [
        469,
        685,
        84,
        27,
        "@20,000"
      ],
      "classification_label": "S-menu.unitprice",
      "box_id": 3,
      "class_probability": 0.995827853679657,
      "scores": [
        6.509066588478163e-05,
        0.00013185630086809397,
        0.00010621934052323923,
        8.569455530960113e-05,
        0.00013854959979653358,
        0.00010129423026228324,
        0.00013669472537003458,
        0.00026051662280224264,
        7.786328933434561e-05,
        0.00011094142246292904,
        0.0002009100280702114,
        0.00011603598250076175,
        0.0006576805608347058,
        0.995827853679657,
        5.836631316924468e-05,
        6.526165088871494e-05,
        0.00016273371875286102,
        0.00010436652519274503,
        0.00013397565635386854,
        0.00014744648069608957,
        0.00014066114090383053,
        0.00012333356426097453,
        0.00014570477651432157,
        0.00011726066441042349,
        7.22642507753335e-05,
        0.00014141462452244014,
        9.697565110400319e-05,
        0.00013780139852315187,
        0.0001299872383242473,
        0.00011515933874761686,
        9.017135016620159e-05
      ],
      "PSL_classification_label": "S-menu.unitprice",
      "PSL_lineitem_number": 1
    },
    {
      "bounding_box": [
        591,
        679,
        68,
        29,
        "20,000"
      ],
      "classification_label": "S-menu.price",
      "box_id": 4,
      "class_probability": 0.9981451034545898,
      "scores": [
        2.9922539397375658e-05,
        3.174335870426148e-05,
        5.0339825975243e-05,
        4.456434544408694e-05,
        4.483491284190677e-05,
        5.310565393301658e-05,
        4.8315403546439484e-05,
        0.9981451034545898,
        4.751982123707421e-05,
        3.900911906384863e-05,
        4.715591057902202e-05,
        0.00033268771949224174,
        3.283578553237021e-05,
        7.312355592148378e-05,
        8.428951696259901e-05,
        4.397644806886092e-05,
        3.316579750389792e-05,
        4.788320802617818e-05,
        5.2173643780406564e-05,
        0.00010900574125116691,
        7.475062011508271e-05,
        7.970665319589898e-05,
        6.669248250545934e-05,
        3.4011412935797125e-05,
        4.4337211875244975e-05,
        3.218864731024951e-05,
        3.546946754795499e-05,
        4.229451951687224e-05,
        7.488462142646313e-05,
        5.97677098994609e-05,
        6.505424971692264e-05
      ],
      "PSL_classification_label": "S-menu.price",
      "PSL_lineitem_number": 1
    },
    {
      "bounding_box": [
        211,
        743,
        242,
        57,
        "1X S-Caramel Milk Tea 100%"
      ],
      "classification_label": "S-menu.nm",
      "box_id": 5,
      "class_probability": 0.6200941753728936,
      "scores": [
        0.001659642764328358,
        0.28828237140987767,
        0.0009448128233392102,
        0.0033095619291998446,
        0.0012265950305542599,
        0.6200941753728936,
        0.015316267148591578,
        0.0014454421276847522,
        0.0031946161349575655,
        0.0016629709910678987,
        0.027007251046597958,
        0.0015292658960485521,
        0.0021727396160713397,
        0.00814357121756378,
        0.0017497166506169985,
        0.0010006927332142368,
        0.0010133358931246523,
        0.0011317274038447067,
        0.0014386122153761487,
        0.0014837550261290744,
        0.001436495183346172,
        0.0027591142910144604,
        0.0015231951814106044,
        0.0009527454919104154,
        0.0010424352852472414,
        0.002155845128678872,
        0.00124375772914694,
        0.0011317199290109177,
        0.001446034691374128,
        0.0011311565031064674,
        0.0013704949863798295
      ],
      "PSL_classification_label": "S-menu.nm",
      "PSL_lineitem_number": 2
    },
    {
      "bounding_box": [
        469,
        741,
        86,
        28,
        "@20,000"
      ],
      "classification_label": "S-menu.unitprice",
      "box_id": 8,
      "class_probability": 0.995955228805542,
      "scores": [
        6.573996506631374e-05,
        0.0001195984150399454,
        0.00011858273501275107,
        8.405679545830935e-05,
        0.00013314471289049834,
        9.155178850051016e-05,
        0.00012575868458952755,
        0.00024401332484558225,
        7.161749090300873e-05,
        0.00010463831131346524,
        0.0001828649255912751,
        0.00010414671123726293,
        0.0007045249221846461,
        0.995955228805542,
        5.4423475376097485e-05,
        6.881354056531563e-05,
        0.00016426428919658065,
        0.00010327032214263454,
        0.00014003142132423818,
        0.00014555493544321507,
        0.00012764970597345382,
        0.00011419934162404388,
        0.00013499839405994862,
        0.000102810918178875,
        7.246736640809104e-05,
        0.0001213417126564309,
        9.050355583894998e-05,
        0.00013624624989461154,
        0.00011462684051366523,
        0.0001168975795735605,
        8.640432497486472e-05
      ],
      "PSL_classification_label": "S-menu.unitprice",
      "PSL_lineitem_number": 2
    },
    {
      "bounding_box": [
        595,
        737,
        70,
        30,
        "20,000"
      ],
      "classification_label": "S-menu.price",
      "box_id": 9,
      "class_probability": 0.9979848861694336,