{
  "scores_sequence": [
    "S-No_class",
    "S-menu.cnt",
    "S-menu.discountprice",
    "S-menu.etc",
    "S-menu.itemsubtotal",
    "S-menu.nm",
    "S-menu.num",
    "S-menu.price",
    "S-menu.sub_cnt",
    "S-menu.sub_etc",
    "S-menu.sub_nm",
    "S-menu.sub_price",
    "S-menu.sub_unitprice",
    "S-menu.unitprice",
    "S-menu.vatyn",
    "S-sub_total.discount_price",
    "S-sub_total.etc",
    "S-sub_total.othersvc_price",
    "S-sub_total.service_price",
    "S-sub_total.subtotal_price",
    "S-sub_total.tax_price",
    "S-total.cashprice",
    "S-total.changeprice",
    "S-total.creditcardprice",
    "S-total.emoneyprice",
    "S-total.menuqty_cnt",
    "S-total.menutype_cnt",
    "S-total.total_etc",
    "S-total.total_price",
    "S-void_menu.nm",
    "S-void_menu.price"
  ],
  "predictions": [
    {
      "bounding_box": [
        290,
        710,
        15,
        37,
        "1"
      ],
      "classification_label": "S-menu.cnt",
      "box_id": 0,
      "class_probability": 0.9983799457550049,
      "scores": [
        6.302722613327205e-05,
        0.9983799457550049,
        5.6651817430974916e-05,
        6.04208507866133e-05,
        3.795523662120104e-05,
        7.085381366778165e-05,
        5.8604022342478856e-05,
        2.0665367628680542e-05,
        0.00014805405226070434,
        4.650616756407544e-05,
        3.97430376324337e-05,
        5.534449155675247e-05,
        5.4344367526937276e-05,
        4.2685500375228e-05,
        4.2755083995871246e-05,
        3.571455818018876e-05,
        3.5329285310581326e-05,
        3.326674777781591e-05,
        6.448699423344806e-05,
        5.4045427532400936e-05,
        6.793694046791643e-05,
        6.268949073273689e-05,
        5.1744904340012e-05,
        5.745073576690629e-05,
        5.576005787588656e-05,
        6.849760393379256e-05,
        7.970222941366956e-05,
        3.1493287679040805e-05,
        5.541087739402428e-05,
        3.064667180296965e-05,
        3.8281938032014295e-05
      ],
      "PSL_classification_label": "S-menu.cnt",
      "PSL_lineitem_number": 1
    },
    {
      "bounding_box": [
        322,
        707,
        295,
        34,
        "CIRENG PANDAWA"
      ],
      "classification_label": "S-menu.nm",
      "box_id": 1,
      "class_probability": 0.9968839287757874,
      "scores": [
        0.00012207566760480404,
        8.678754238644615e-05,
        4.018163963337429e-05,
        0.00013328270870260894,
        8.522376447217539e-05,
        0.9968839287757874,
        0.000147499842569232,
        0.00010328207281418145,
        5.507116293301806e-05,
        0.00010875583393499255,
        0.00037067278753966093,
        5.916375812375918e-05,
        4.825117866857909e-05,
        0.00011144899326609448,
        0.00015834115038160235,
        0.00011622674355749041,
        8.076453377725556e-05,
        9.329093882115558e-05,
        7.068202830851078e-05,
        0.00010449215187691152,
        9.046992636285722e-05,
        0.00015425497258547693,
        7.01828976161778e-05,
        6.709332228638232e-05,
        7.361637835856527e-05,
        5.377404886530712e-05,
        6.846628821222112e-05,
        8.34998645586893e-05,
        0.000160957730258815,
        0.00012399831030052155,
        7.426164665957913e-05
      ],
      "PSL_classification_label": "S-menu.nm",
      "PSL_lineitem_number": 1
    },
    {
      "bounding_box": [
        796,
        706,
        110,
        38,
        "26,818"
      ],
      "classification_label": "S-menu.price",
      "box_id": 2,
      "class_probability": 0.9984097480773926,
      "scores": [
        2.8669996027019806e-05,
        3.830342393484898e-05,
        4.0103226638166234e-05,
        5.275588409858756e-05,
        4.199380418867804e-05,
        4.5619286538567394e-05,
        5.7723478676052764e-05,
        0.9984097480773926,
        4.845429430133663e-05,
        3.394155646674335e-05,
        4.977878779754974e-05,
        0.00011011557216988876,
        2.7167749067302793e-05,
        0.0001231929927598685,
        8.243924821726978e-05,
        3.587620813050307e-05,
        3.5759658203460276e-05,
        4.443363650352694e-05,
        4.749775325763039e-05,
        0.00010497615585336462,
        7.335655391216278e-05,
        6.383894651662558e-05,
        5.3276598919183016e-05,
        2.7787620638264343e-05,
        3.9873459172667935e-05,
        2.6468898795428686e-05,
        3.0073962989263237e-05,
        4.2894484067801386e-05,
        7.1236579969991e-05,
        5.673606938216835e-05,
        5.596139089902863e-05
      ],
      "PSL_classification_label": "S-menu.price",
      "PSL_lineitem_number": 1
    },
    {
      "bounding_box": [
        798,
        793,
        111,
        40,
        "26,818"
      ],
      "classification_label": "S-sub_total.subtotal_price",
      "box_id": 3,
      "class_probability": 0.9972424507141113,
      "scores": [
        0.00010705032764235511,
        0.00013211490295361727,
        9.69492393778637e-05,
        6.846531323390082e-05,
        7.813453703420237e-05,
        8.567179611418396e-05,
        7.020284829195589e-05,
        0.0001917145273182541,
        5.818188947159797e-05,
        0.00010185125574935228,
        8.150439680321142e-05,
        9.187043906422332e-05,
        8.695058204466477e-05,
        6.75257106195204e-05,
        9.364401194034144e-05,
        0.0002461463736835867,
        0.00012567240628413856,
        6.378662510542199e-05,
        5.8300141972722486e-05,
        0.9972424507141113,
        6.218120688572526e-05,
        9.910589142236859e-05,
        7.53940548747778e-05,
        7.229999027913436e-05,
        6.542837945744395e-05,
        0.00011425940465414897,
        7.99409972387366e-05,
        4.964615436620079e-05,
        0.00012927607167512178,
        5.6206208682851866e-05,
        4.803456613444723e-05
      ],
      "PSL_classification_label": "S-sub_total.subtotal_price",
      "PSL_lineitem_number": ""
    },
    {
      "bounding_box": [
        818,
        839,
        89,
        41,
        "2,681"
      ],
      "classification_label": "S-sub_total.tax_price",
      "box_id": 4,
      "class_probability": 0.9950953722000122,
      "scores": [
        0.00011692447878886014,
        0.0002648101362865418,
        0.00019118303316645324,
        7.393142732325941e-05,
        0.00015308622096199542,
        0.0001231916103279218,
        0.00016008512466214597,
        0.0001485557877458632,
        8.052957127802074e-05,
        0.00011275895667495206,
        8.707704546395689e-05,
        0.00011838988575618714,
        9.438621054869145e-05,
        0.0002161927695851773,
        0.00011724684736691415,
        0.00048370903823524714,
        0.00026252344832755625,
        0.00017979161930270493,
        0.0007606785511597991,
        8.912441990105435e-05,
        0.9950953722000122,
        0.00013312429655343294,
        0.00013382095494307578,
        0.00010004028445109725,
        6.962636689422652e-05,
        0.00011142062430735677,
        8.814558532321826e-05,
        0.00010623366688378155,
        0.00015969143714755774,
        6.763217970728874e-05,
        0.00010088743147207424
      ],
      "PSL_classification_label": "S-sub_total.tax_price",
      "PSL_lineitem_number": ""
    },
    {
      "bounding_box": [
        771,
        894,
        137,
        41,
        "29,500"
      ],
      "classification_label": "S-total.total_price",
      "box_id": 5,
      "class_probability": 0.9974600672721863,