{
  "scores_sequence": [
    "S-No_class",
    "S-menu.cnt",
    "S-menu.discountprice",
    "S-menu.etc",
    "S-menu.itemsubtotal",
    "S-menu.nm",
    "S-menu.num",
    "S-menu.price",
    "S-menu.sub_cnt",
    "S-menu.sub_etc",
    "S-menu.sub_nm",
    "S-menu.sub_price",
    "S-menu.sub_unitprice",
    "S-menu.unitprice",
    "S-menu.vatyn",
    "S-sub_total.discount_price",
    "S-sub_total.etc",
    "S-sub_total.othersvc_price",
    "S-sub_total.service_price",
    "S-sub_total.subtotal_price",
    "S-sub_total.tax_price",
    "S-total.cashprice",
    "S-total.changeprice",
    "S-total.creditcardprice",
    "S-total.emoneyprice",
    "S-total.menuqty_cnt",
    "S-total.menutype_cnt",
    "S-total.total_etc",
    "S-total.total_price",
    "S-void_menu.nm",
    "S-void_menu.price"
  ],
  "predictions": [
    {
      "bounding_box": [
        176,
        402,
        263,
        54,
        "55.000 6.00xITEMS"
      ],
      "classification_label": "S-total.total_price",
      "box_id": 0,
      "class_probability": 0.6871058344841003,
      "scores": [
        0.002136302093276754,
        0.004254310857504606,
        0.0013034739677095786,
        0.0027037052204832435,
        0.001685970346443355,
        0.04076258421991952,
        0.004010988268419169,
        0.0021969713270664215,
        0.0009783728164620697,
        0.002059161226497963,
        0.0062829036032781005,
        0.0014489594614133239,
        0.0015202253125607967,
        0.0040729130851104856,
        0.002479671413311735,
        0.0010042173962574452,
        0.0024767317227087915,
        0.0013801072200294584,
        0.0013603547340608202,
        0.12545291427522898,
        0.007417474407702684,
        0.02704003290273249,
        0.0036905348097207025,
        0.0210563603322953,
        0.002561774803325534,
        0.028902559861307964,
        0.00382041469856631,
        0.005496938363648951,
        0.6871058344841003,
        0.0013244294677861035,
        0.0020127780007896945
      ],
      "PSL_classification_label": "S-total.total_price",
      "PSL_lineitem_number": ""
    },
    {
      "bounding_box": [
        359,
        463,
        82,
        26,
        "55.000"
      ],
      "classification_label": "S-total.cashprice",
      "box_id": 2,
      "class_probability": 0.6443545818328857,
      "scores": [
        0.0015844326699152589,
        0.0011019528610631824,
        0.0021952809765934944,
        0.0014443707186728716,
        0.0016436658333986998,
        0.0010533274617046118,
        0.0006490086088888347,
        0.0038222006987780333,
        0.0012819659896194935,
        0.00224370532669127,
        0.0014452456962317228,
        0.0020516454242169857,
        0.002565153641626239,
        0.001393542974255979,
        0.0023224088363349438,
        0.0014817307237535715,
        0.0024060176219791174,
        0.002077230717986822,
        0.0009891858790069818,
        0.1211613342165947,
        0.0006205709651112556,
        0.6443545818328857,
        0.002073612529784441,
        0.11267764121294022,
        0.05245662108063698,
        0.0007669912301935256,
        0.001645541749894619,
        0.023957256227731705,
        0.003062856150791049,
        0.002181650372222066,
        0.0012892732629552484
      ],
      "PSL_classification_label": "S-total.cashprice",
      "PSL_lineitem_number": ""
    },
    {
      "bounding_box": [
        39,
        252,
        14,
        25,
        "2"
      ],
      "classification_label": "S-menu.cnt",
      "box_id": 3,
      "class_probability": 0.7285645604133606,
      "scores": [
        0.0005481956759467721,
        0.7285645604133606,
        0.0006561308982782066,
        0.0005859025404788554,
        0.0005043450510129333,
        0.0003764699795283377,
        0.00043365993769839406,
        0.00028505921363830566,
        0.2532724142074585,
        0.000548215233720839,
        0.0002883055421989411,
        0.0003260525409132242,
        0.0008690656395629048,
        0.00022263391292653978,
        0.0005210799281485379,
        0.0003454906982369721,
        0.00048009329475462437,
        0.0004129240696784109,
        0.0007273703813552856,
        0.00041626725578680634,
        0.0004118468496017158,
        0.000569495081435889,
        0.00040563466609455645,
        0.0004844506620429456,
        0.00042346512782387435,
        0.00307850306853652,
        0.0025163344107568264,
        0.0004126075655221939,
        0.00020592648070305586,
        0.0004654570948332548,
        0.0006420821300707757
      ],
      "PSL_classification_label": "S-menu.cnt",
      "PSL_lineitem_number": 1
    },
    {
      "bounding_box": [
        236,
        249,
        76,
        23,
        "20.000"
      ],
      "classification_label": "S-menu.unitprice",
      "box_id": 4,
      "class_probability": 0.9788898229598999,
      "scores": [
        0.0001794253767002374,
        0.0002793435996863991,
        0.0005105684977024794,
        0.00020516227232292295,
        0.0004603575507644564,
        0.0001240116689587012,
        0.0001455609453842044,
        0.00021417242533061653,
        0.0002341978979529813,
        0.0003014591638930142,
        0.00029686783091165125,
        0.0003018458082806319,
        0.011991104111075401,
        0.9788898229598999,
        0.00015540802269242704,
        0.00018636391905602068,
        0.0008367096306756139,
        0.0004308076167944819,
        0.000336234166752547,
        0.00022728568001184613,
        0.00023315449652727693,
        0.0004524000978562981,
        0.0003774672222789377,
        0.00027694570599123836,
        0.00025424023624509573,
        0.00028109829872846603,
        0.0003515807038638741,
        0.000528953445609659,
        0.00027405115542933345,
        0.0003323857090435922,
        0.000330918439431116
      ],
      "PSL_classification_label": "S-menu.unitprice",
      "PSL_lineitem_number": 1
    },
    {
      "bounding_box": [
        39,
        280,
        101,
        28,
        "BUBUR GO"
      ],
      "classification_label": "S-menu.nm",
      "box_id": 5,
      "class_probability": 0.9729923605918884,
      "scores": [
        0.0005125172901898623,
        0.0001594884815858677,
        0.00020308741659391671,
        0.0012127592926844954,
        0.00034923251951113343,
        0.9729923605918884,
        0.0018804947612807155,
        0.0002222734910901636,
        0.00023032054014038295,
        0.0005147632327862084,
        0.016138048842549324,
        0.00014230400847736746,
        0.00018826848827302456,
        0.00023248122306540608,
        0.0005678919260390103,
        0.0002536422398407012,
        0.00024164194473996758,
        0.00031989559647627175,
        0.00026884552789852023,
        0.00034770232741720974,
        0.00028462850605137646,
        0.0002968241460621357,
        0.00020849260909017175,
        0.00032145128352567554,
        0.00022090159473009408,
        0.0001966604613699019,
        0.00020698850858025253,
        0.00021662400104105473,
        0.000452176493126899,
        0.00033225040533579886,
        0.000285077840089798
      ],
      "PSL_classification_label": "S-menu.nm",
      "PSL_lineitem_number": 1
    },
    {
      "bounding_box": [
        359,
        275,
        80,
        21,
        "40.000"
      ],
      "classification_label": "S-menu.price",
      "box_id": 6,
      "class_probability": 0.9980841875076294,