{
  "scores_sequence": [
    "S-No_class",
    "S-menu.cnt",
    "S-menu.discountprice",
    "S-menu.etc",
    "S-menu.itemsubtotal",
    "S-menu.nm",
    "S-menu.num",
    "S-menu.price",
    "S-menu.sub_cnt",
    "S-menu.sub_etc",
    "S-menu.sub_nm",
    "S-menu.sub_price",
    "S-menu.sub_unitprice",
    "S-menu.unitprice",
    "S-menu.vatyn",
    "S-sub_total.discount_price",
    "S-sub_total.etc",
    "S-sub_total.othersvc_price",
    "S-sub_total.service_price",
    "S-sub_total.subtotal_price",
    "S-sub_total.tax_price",
    "S-total.cashprice",
    "S-total.changeprice",
    "S-total.creditcardprice",
    "S-total.emoneyprice",
    "S-total.menuqty_cnt",
    "S-total.menutype_cnt",
    "S-total.total_etc",
    "S-total.total_price",
    "S-void_menu.nm",
    "S-void_menu.price"
  ],
  "predictions": [
    {
      "bounding_box": [
        1138,
        1964,
        202,
        56,
        "100,000"
      ],
      "classification_label": "S-total.cashprice",
      "box_id": 0,
      "class_probability": 0.6352092623710632,
      "scores": [
        0.0014194982359185815,
        0.0019256254890933633,
        0.00200858386233449,
        0.0015522961039096117,
        0.0017938133096322417,
        0.0019697474781423807,
        0.0011606895131990314,
        0.00173339678440243,
        0.0014183277962729335,
        0.001659570960327983,
        0.001371955033391714,
        0.001296506030485034,
        0.002427136991173029,
        0.0022484282962977886,
        0.0019440208561718464,
        0.0038034794852137566,
        0.011223742738366127,
        0.001673970720730722,
        0.0008749141707085073,
        0.009778862819075584,
        0.0016996333142742515,
        0.6352092623710632,
        0.01231891755014658,
        0.1376524567604065,
        0.017634019255638123,
        0.0009476263076066971,
        0.0017254042904824018,
        0.1327693611383438,
        0.0041824751533567905,
        0.0016561062075197697,
        0.0009201735374517739
      ],
      "PSL_classification_label": "S-total.cashprice",
      "PSL_lineitem_number": ""
    },
    {
      "bounding_box": [
        356,
        1563,
        36,
        49,
        "1"
      ],
      "classification_label": "S-menu.cnt",
      "box_id": 1,
      "class_probability": 0.9982596039772034,
      "scores": [
        6.935736746527255e-05,
        0.9982596039772034,
        6.181403296068311e-05,
        6.05714631092269e-05,
        4.197648013359867e-05,
        6.026877963449806e-05,
        6.315505743259564e-05,
        2.504541953385342e-05,
        0.0001798878365661949,
        4.6238332288339734e-05,
        3.5498032957548276e-05,
        5.4237742006080225e-05,
        5.381786832003854e-05,
        3.533621202223003e-05,
        4.417207674123347e-05,
        4.1481980588287115e-05,
        4.3869476940017194e-05,
        3.29947579302825e-05,
        7.650308543816209e-05,
        5.868173684575595e-05,
        6.739877426298335e-05,
        6.308263982646167e-05,
        6.444816972361878e-05,
        6.822961586294696e-05,
        6.65222032694146e-05,
        7.23898847354576e-05,
        9.44040366448462e-05,
        3.5064233088633046e-05,
        5.024267011322081e-05,
        3.1988642149372026e-05,
        4.173025081399828e-05
      ],
      "PSL_classification_label": "S-menu.cnt",
      "PSL_lineitem_number": 1
    },
    {
      "bounding_box": [
        464,
        1550,
        283,
        59,
        "PHO BO TAI"
      ],
      "classification_label": "S-menu.nm",
      "box_id": 2,
      "class_probability": 0.9964577555656433,
      "scores": [
        0.00013929445412941277,
        0.00010166954598389566,
        4.3809755879919976e-05,
        0.00018015214300248772,
        9.490427328273654e-05,
        0.9964577555656433,
        0.00018162450578529388,
        9.915944974636659e-05,
        6.561775808222592e-05,
        0.00011914099741261452,
        0.0006049686344340444,
        5.1778632041532546e-05,
        5.4080446716398e-05,
        0.00011076973896706477,
        0.00014997211110312492,
        0.00010052005382021889,
        8.623128815088421e-05,
        0.00010454923176439479,
        7.309384091058746e-05,
        0.00010793116234708577,
        8.74953911988996e-05,
        0.00014016115164849907,
        6.758102972526103e-05,
        7.374359847744927e-05,
        8.670742681715637e-05,
        6.165663944557309e-05,
        8.09034172561951e-05,
        8.169626380549744e-05,
        0.00017295860743615776,
        0.0001267423649551347,
        9.321957622887567e-05
      ],
      "PSL_classification_label": "S-menu.nm",
      "PSL_lineitem_number": 1
    },
    {
      "bounding_box": [
        1158,
        1543,
        173,
        62,
        "55,000"
      ],
      "classification_label": "S-menu.price",
      "box_id": 3,
      "class_probability": 0.998123824596405,
      "scores": [
        2.8277634555706754e-05,
        3.8451162254204974e-05,
        4.48177925136406e-05,
        5.212279938859865e-05,
        4.63484539068304e-05,
        5.206665809964761e-05,
        5.105195305077359e-05,
        0.998123824596405,
        4.3642736272886395e-05,
        3.6452769563766196e-05,
        5.5376487580360845e-05,
        0.0001547778520034626,
        2.8956557798665017e-05,
        0.00011325096420478076,
        8.803581295069307e-05,
        4.179836832918227e-05,
        4.08031337428838e-05,
        4.1718125430634245e-05,
        4.538797657005489e-05,
        0.0002281231281813234,
        8.27678813948296e-05,
        7.276581891346723e-05,
        6.320316606434062e-05,
        3.400715650059283e-05,
        4.468425686354749e-05,
        3.05397406918928e-05,
        3.515595744829625e-05,
        5.179995423532091e-05,
        0.0001179648024844937,
        5.596500341198407e-05,
        5.5833643273217604e-05
      ],
      "PSL_classification_label": "S-menu.price",
      "PSL_lineitem_number": 1
    },
    {
      "bounding_box": [
        1160,
        1752,
        171,
        62,
        "55,000"
      ],
      "classification_label": "S-sub_total.subtotal_price",
      "box_id": 4,
      "class_probability": 0.9967972636222839,
      "scores": [
        0.00011800345237134025,
        9.415047679794952e-05,
        0.00017096968076657504,
        9.45366409723647e-05,
        8.180231816368178e-05,
        8.509040344506502e-05,
        7.902870129328221e-05,
        0.0001100552108255215,
        6.302154361037537e-05,
        0.00011324820661684498,
        9.677297930466011e-05,
        7.760265725664794e-05,
        7.667486352147534e-05,
        6.666425906587392e-05,
        7.737704436294734e-05,
        0.0004923898377455771,
        0.00017337595636490732,
        7.612034096382558e-05,
        8.464387792628258e-05,
        0.9967972636222839,
        0.00011333150177961215,
        8.70000003487803e-05,
        6.618225597776473e-05,
        6.571809353772551e-05,
        6.574687722604722e-05,
        0.0001128220756072551,
        7.588767039123923e-05,
        5.373697786126286e-05,
        0.00021673855371773243,
        7.057660695863888e-05,
        4.362066101748496e-05
      ],
      "PSL_classification_label": "S-sub_total.subtotal_price",
      "PSL_lineitem_number": ""
    },
    {
      "bounding_box": [
        1186,
        1824,
        148,
        52,
        "5,500"
      ],
      "classification_label": "S-sub_total.tax_price",
      "box_id": 5,
      "class_probability": 0.994178056716919,