{
  "scores_sequence": [
    "S-No_class",
    "S-menu.cnt",
    "S-menu.discountprice",
    "S-menu.etc",
    "S-menu.itemsubtotal",
    "S-menu.nm",
    "S-menu.num",
    "S-menu.price",
    "S-menu.sub_cnt",
    "S-menu.sub_etc",
    "S-menu.sub_nm",
    "S-menu.sub_price",
    "S-menu.sub_unitprice",
    "S-menu.unitprice",
    "S-menu.vatyn",
    "S-sub_total.discount_price",
    "S-sub_total.etc",
    "S-sub_total.othersvc_price",
    "S-sub_total.service_price",
    "S-sub_total.subtotal_price",
    "S-sub_total.tax_price",
    "S-total.cashprice",
    "S-total.changeprice",
    "S-total.creditcardprice",
    "S-total.emoneyprice",
    "S-total.menuqty_cnt",
    "S-total.menutype_cnt",
    "S-total.total_etc",
    "S-total.total_price",
    "S-void_menu.nm",
    "S-void_menu.price"
  ],
  "predictions": [
    {
      "bounding_box": [
        423,
        613,
        76,
        46,
        "63.000"
      ],
      "classification_label": "S-total.total_price",
      "box_id": 0,
      "class_probability": 0.997078537940979,
      "scores": [
        7.865973020670936e-05,
        9.120738104684278e-05,
        6.529055099235848e-05,
        7.518745405832306e-05,
        0.00011193051614100114,
        0.00010814764391398057,
        5.472189877764322e-05,
        0.00015258026542142034,
        3.457101047388278e-05,
        0.00010164153354708105,
        7.07950021023862e-05,
        8.046974107855931e-05,
        4.849358447245322e-05,
        0.00011230207019252703,
        6.497525464510545e-05,
        7.117444329196587e-05,
        0.0001403563073836267,
        5.919094473938458e-05,
        7.632765482412651e-05,
        0.000190780105185695,
        0.00010872914572246373,
        0.00014416969497688115,
        9.212510485667735e-05,
        0.00020468146249186248,
        0.0001010859923553653,
        0.0001368835219182074,
        4.912734584650025e-05,
        0.0001507606648374349,
        0.997078537940979,
        5.882779441890307e-05,
        8.623309986433014e-05
      ],
      "PSL_classification_label": "S-total.total_price",
      "PSL_lineitem_number": ""
    },
    {
      "bounding_box": [
        425,
        693,
        76,
        30,
        "70.000"
      ],
      "classification_label": "S-total.cashprice",
      "box_id": 1,
      "class_probability": 0.9930306077003479,
      "scores": [
        0.0001614917127881199,
        0.00012788368621841073,
        0.00011722661292878911,
        0.00010722811566665769,
        0.00011248754162807018,
        0.0002643869665917009,
        0.00011541776621015742,
        0.0002701077319215983,
        0.00022288491891231388,
        9.344311547465622e-05,
        0.00018457449914421886,
        0.0001370655227219686,
        0.00016372195386793464,
        0.00028238887898623943,
        0.00012959343439433724,
        7.365696365013719e-05,
        0.0001478684280300513,
        0.00024171096447389573,
        0.0001617054658709094,
        0.00012440803402569145,
        0.0001011684798868373,
        0.9930306077003479,
        0.00040205635013990104,
        0.00025131087750196457,
        0.00032088664011098444,
        9.638384653953835e-05,
        0.00023646732734050602,
        0.001966633601114154,
        6.377197132678702e-05,
        0.0001735966798150912,
        0.00011785142123699188
      ],
      "PSL_classification_label": "S-total.cashprice",
      "PSL_lineitem_number": ""
    },
    {
      "bounding_box": [
        437,
        723,
        66,
        30,
        "7.000"
      ],
      "classification_label": "S-total.changeprice",
      "box_id": 2,
      "class_probability": 0.9961353540420532,
      "scores": [
        6.223515083547682e-05,
        0.00012936453276779503,
        7.83368232077919e-05,
        0.00012260959192644805,
        0.00011519171675899997,
        0.00010386576468590647,
        0.00014995189849287271,
        0.0001402735651936382,
        7.047688995953649e-05,
        6.026264964020811e-05,
        0.00016293927910737693,
        0.00011057181109208614,
        0.0001153724588220939,
        0.00019589203293435276,
        8.485259604640305e-05,
        7.997494685696438e-05,
        9.596654854249209e-05,
        0.00010826999641722068,
        0.00012603947834577411,
        0.00014542584540322423,
        0.00013351632514968514,
        0.00016970593424048275,
        0.9961353540420532,
        0.00015018403064459562,
        0.0002426420251140371,
        0.00015940390585456043,
        0.0002162878809031099,
        0.00022153634927235544,
        9.596179006621242e-05,
        0.00010784079495351762,
        0.00010978700447594747
      ],
      "PSL_classification_label": "S-total.changeprice",
      "PSL_lineitem_number": ""
    },
    {
      "bounding_box": [
        33,
        513,
        18,
        27,
        "1"
      ],
      "classification_label": "S-menu.cnt",
      "box_id": 3,
      "class_probability": 0.9892809987068176,
      "scores": [
        0.00021794723579660058,
        0.9892809987068176,
        0.00026149500627070665,
        0.00016628784942440689,
        0.00011331846326356754,
        0.00017795120947994292,
        0.00023684925690758973,
        6.695283809676766e-05,
        0.0017820061184465885,
        0.0001468010013923049,
        9.461098670726642e-05,
        0.00013198597298469394,
        0.00019935064483433962,
        8.605183393228799e-05,
        0.0001238416152773425,
        0.00010812593973241746,
        0.00014561344869434834,
        9.176458843285218e-05,
        0.00016297546972054988,
        0.00016347561904694885,
        0.00020568558829836547,
        0.00017719743482302874,
        0.00017225989722646773,
        0.00018042595183942467,
        0.00013464910443872213,
        0.004315859638154507,
        0.0005951428902335465,
        0.00011872547474922612,
        0.00011726621596608311,
        0.00010651408229023218,
        0.00011794273450504988
      ],
      "PSL_classification_label": "S-menu.cnt",
      "PSL_lineitem_number": 2
    },
    {
      "bounding_box": [
        81,
        512,
        156,
        33,
        "Lemon Tea (L)"
      ],
      "classification_label": "S-menu.nm",
      "box_id": 4,
      "class_probability": 0.9964698553085327,
      "scores": [
        0.00010311863297829404,
        5.891345062991604e-05,
        4.965800326317549e-05,
        0.00019265538139734417,
        9.71595654846169e-05,
        0.9964698553085327,
        0.0002744443772826344,
        8.813838940113783e-05,
        6.19849597569555e-05,
        0.00013099734496790916,
        0.0007310197688639164,
        4.6960853069322184e-05,
        4.842253838432953e-05,
        9.261406376026571e-05,
        0.00014188633940648288,
        9.920851880451664e-05,
        8.323323709191754e-05,
        0.00010814761481015012,
        6.97824070812203e-05,
        9.383472934132442e-05,
        8.201091986848041e-05,
        0.00011840143997687846,
        6.0713929997291416e-05,
        6.957448204047978e-05,
        6.846657197456807e-05,
        5.9004487411584705e-05,
        6.608699186472222e-05,
        6.63070022710599e-05,
        0.00014864144031889737,
        0.00013085699174553156,
        8.784174860920757e-05
      ],
      "PSL_classification_label": "S-menu.nm",
      "PSL_lineitem_number": 2
    },
    {
      "bounding_box": [
        423,
        527,
        72,
        26,
        "25.000"
      ],
      "classification_label": "S-menu.price",
      "box_id": 5,
      "class_probability": 0.9983764886856079,