{
  "scores_sequence": [
    "S-No_class",
    "S-menu.cnt",
    "S-menu.discountprice",
    "S-menu.etc",
    "S-menu.itemsubtotal",
    "S-menu.nm",
    "S-menu.num",
    "S-menu.price",
    "S-menu.sub_cnt",
    "S-menu.sub_etc",
    "S-menu.sub_nm",
    "S-menu.sub_price",
    "S-menu.sub_unitprice",
    "S-menu.unitprice",
    "S-menu.vatyn",
    "S-sub_total.discount_price",
    "S-sub_total.etc",
    "S-sub_total.othersvc_price",
    "S-sub_total.service_price",
    "S-sub_total.subtotal_price",
    "S-sub_total.tax_price",
    "S-total.cashprice",
    "S-total.changeprice",
    "S-total.creditcardprice",
    "S-total.emoneyprice",
    "S-total.menuqty_cnt",
    "S-total.menutype_cnt",
    "S-total.total_etc",
    "S-total.total_price",
    "S-void_menu.nm",
    "S-void_menu.price"
  ],
  "predictions": [
    {
      "bounding_box": [
        232,
        545,
        14,
        34,
        "1"
      ],
      "classification_label": "S-menu.cnt",
      "box_id": 0,
      "class_probability": 0.9979215264320374,
      "scores": [
        7.434496365021914e-05,
        0.9979215264320374,
        6.694987678201869e-05,
        5.9812646213686094e-05,
        4.163062840234488e-05,
        7.728264608886093e-05,
        6.773648055968806e-05,
        2.5446082872804254e-05,
        0.00040784853626973927,
        5.46744377061259e-05,
        3.5275497793918476e-05,
        4.481550422497094e-05,
        7.547174027422443e-05,
        3.598493640311062e-05,
        4.860800254391506e-05,
        4.5804394176229835e-05,
        4.7812165576033294e-05,
        3.986897354479879e-05,
        7.833028939785436e-05,
        5.886562939849682e-05,
        8.747705578571185e-05,
        7.04045087331906e-05,
        5.947806857875548e-05,
        6.310183380264789e-05,
        6.021482477081008e-05,
        8.223015902331099e-05,
        9.611323912395164e-05,
        3.7890480598434806e-05,
        5.668302037520334e-05,
        3.2568204915151e-05,
        4.575663115247153e-05
      ],
      "PSL_classification_label": "S-menu.cnt",
      "PSL_lineitem_number": 1
    },
    {
      "bounding_box": [
        276,
        541,
        97,
        38,
        "35.000"
      ],
      "classification_label": "S-menu.unitprice",
      "box_id": 1,
      "class_probability": 0.9945830702781677,
      "scores": [
        0.00010010805272031575,
        0.0001239473494933918,
        8.422493556281552e-05,
        0.00011245633504586294,
        0.00019382905156817287,
        0.00012992729898542166,
        0.00015032757073640823,
        0.00018767664732877165,
        6.38708152109757e-05,
        0.00011043910490116104,
        0.0002189759979955852,
        8.964894368546084e-05,
        0.0009891538647934794,
        0.9945830702781677,
        5.72503158764448e-05,
        6.72547539579682e-05,
        0.00026838635676540434,
        0.0001419395994162187,
        0.00012048854841850698,
        0.00023641502775717527,
        0.00017582232248969376,
        0.00032160046976059675,
        0.00024841877166181803,
        0.00015310973685700446,
        9.561116894474253e-05,
        0.00015534194244537503,
        0.00011862710380228236,
        0.00021095559350214899,
        0.00024701718939468265,
        0.00013310297799762338,
        0.00011099216499133036
      ],
      "PSL_classification_label": "S-menu.unitprice",
      "PSL_lineitem_number": 1
    },
    {
      "bounding_box": [
        570,
        541,
        95,
        35,
        "35.000"
      ],
      "classification_label": "S-menu.price",
      "box_id": 2,
      "class_probability": 0.9983702301979065,
      "scores": [
        3.1000381568446755e-05,
        2.9974191420478746e-05,
        4.2843035771511495e-05,
        4.3651682062773034e-05,
        4.0370781789533794e-05,
        5.2175506425555795e-05,
        4.972576425643638e-05,
        0.9983702301979065,
        4.6286251745186746e-05,
        3.707702489919029e-05,
        4.015678496216424e-05,
        0.00015844087465666234,
        2.4575410861871205e-05,
        7.051997818052769e-05,
        8.232372056227177e-05,
        4.216345041641034e-05,
        3.492670657578856e-05,
        4.3643311073537916e-05,
        4.613632700056769e-05,
        9.97915121843107e-05,
        7.369513332378119e-05,
        8.434753544861451e-05,
        5.7377190387342125e-05,
        3.0355846320162527e-05,
        4.413241913425736e-05,
        2.9779330361634493e-05,
        3.3531490771565586e-05,
        4.769896258949302e-05,
        8.873059414327145e-05,
        6.013645543134771e-05,
        6.420892896130681e-05
      ],
      "PSL_classification_label": "S-menu.price",
      "PSL_lineitem_number": 1
    },
    {
      "bounding_box": [
        226,
        581,
        255,
        38,
        "NASI GOR SFD TLR"
      ],
      "classification_label": "S-menu.nm",
      "box_id": 3,
      "class_probability": 0.9946929812431335,
      "scores": [
        0.00016508251428604126,
        6.888787902425975e-05,
        7.567224383819848e-05,
        0.00032494726474396884,
        0.00012872736260760576,
        0.9946929812431335,
        0.00028491130797192454,
        9.636702452553436e-05,
        8.423199324170128e-05,
        0.00014714058488607407,
        0.0017453100299462676,
        5.8469177020015195e-05,
        6.993494753260165e-05,
        7.128762808861211e-05,
        0.00017940759425982833,
        0.00012583007628563792,
        0.00011893759801751003,
        0.00013021036284044385,
        9.075811976799741e-05,
        0.00012981706822756678,
        0.0001085398907889612,
        0.00012824470468331128,
        8.216103015001863e-05,
        9.368634346174076e-05,
        9.649494313634932e-05,
        8.167634950950742e-05,
        8.534405060345307e-05,
        9.916959970723838e-05,
        0.00019673911447171122,
        0.00012293575855437666,
        0.00011602152517298236
      ],
      "PSL_classification_label": "S-menu.nm",
      "PSL_lineitem_number": 2
    },
    {
      "bounding_box": [
        231,
        624,
        14,
        33,
        "1"
      ],
      "classification_label": "S-menu.sub_cnt",
      "box_id": 4,
      "class_probability": 0.8495350480079651,
      "scores": [
        0.0005196895799599588,
        0.13074399530887604,
        0.0009232372394762933,
        0.0004956775228492916,
        0.0006290886085480452,
        0.0005312343710102141,
        0.00042484974255785346,
        0.0004526855773292482,
        0.8495350480079651,
        0.0007372139953076839,
        0.00039197655860334635,
        0.0004661962448153645,
        0.0019256355008110404,
        0.0003604047233238816,
        0.000691181339789182,
        0.0004322793101891875,
        0.0005506370216608047,
        0.0006663270760327578,
        0.0006554810097441077,
        0.00046212051529437304,
        0.0005942877032794058,
        0.0009207066614180803,
        0.00045433425111696124,
        0.0004820816684514284,
        0.0004681733262259513,
        0.0011969668557867408,
        0.0016036658780649304,
        0.0004113659670110792,
        0.00021500748698599637,
        0.0007498696213588119,
        0.0013086224207654595
      ],
      "PSL_classification_label": "S-menu.sub_cnt",
      "PSL_lineitem_number": 2
    },
    {
      "bounding_box": [
        279,
        623,
        78,
        33,
        "3.000"
      ],
      "classification_label": "S-menu.unitprice",
      "box_id": 5,
      "class_probability": 0.792316734790802,