{
  "scores_sequence": [
    "S-No_class",
    "S-menu.cnt",
    "S-menu.discountprice",
    "S-menu.etc",
    "S-menu.itemsubtotal",
    "S-menu.nm",
    "S-menu.num",
    "S-menu.price",
    "S-menu.sub_cnt",
    "S-menu.sub_etc",
    "S-menu.sub_nm",
    "S-menu.sub_price",
    "S-menu.sub_unitprice",
    "S-menu.unitprice",
    "S-menu.vatyn",
    "S-sub_total.discount_price",
    "S-sub_total.etc",
    "S-sub_total.othersvc_price",
    "S-sub_total.service_price",
    "S-sub_total.subtotal_price",
    "S-sub_total.tax_price",
    "S-total.cashprice",
    "S-total.changeprice",
    "S-total.creditcardprice",
    "S-total.emoneyprice",
    "S-total.menuqty_cnt",
    "S-total.menutype_cnt",
    "S-total.total_etc",
    "S-total.total_price",
    "S-void_menu.nm",
    "S-void_menu.price"
  ],
  "predictions": [
    {
      "bounding_box": [
        8,
        807,
        279,
        40,
        "Kopi Susu Kampung."
      ],
      "classification_label": "S-menu.nm",
      "box_id": 0,
      "class_probability": 0.9972832202911377,
      "scores": [
        7.860590267227963e-05,
        7.030642154859379e-05,
        4.417902528075501e-05,
        0.00018074436229653656,
        7.722665759501979e-05,
        0.9972832202911377,
        0.00024700324865989387,
        6.481453601736575e-05,
        5.090622653369792e-05,
        0.00010556196502875537,
        0.0002611921518109739,
        4.43335811723955e-05,
        3.7302834243746474e-05,
        7.345373887801543e-05,
        0.00013177086657378823,
        8.617984713055193e-05,
        6.441351433750242e-05,
        8.102675201371312e-05,
        6.116693111835048e-05,
        6.662117084488273e-05,
        7.692065992159769e-05,
        0.00011506309965625405,
        5.317863906384446e-05,
        7.399010064546019e-05,
        5.996166146360338e-05,
        4.5705910451943055e-05,
        6.21817380306311e-05,
        7.257997640408576e-05,
        0.00013030937407165766,
        0.00013134592154528946,
        6.869349454063922e-05
      ],
      "PSL_classification_label": "S-menu.nm",
      "PSL_lineitem_number": 1
    },
    {
      "bounding_box": [
        455,
        807,
        34,
        40,
        "x1"
      ],
      "classification_label": "S-menu.cnt",
      "box_id": 1,
      "class_probability": 0.9982109069824219,
      "scores": [
        6.991433474468067e-05,
        0.9982109069824219,
        4.511792212724686e-05,
        6.060710802557878e-05,
        4.259426350472495e-05,
        5.321430217009038e-05,
        6.996823503868654e-05,
        2.385114385106135e-05,
        0.00021370823378674686,
        5.647141006193124e-05,
        5.9640344261424616e-05,
        5.21004585607443e-05,
        6.324647984001786e-05,
        6.793334614485502e-05,
        4.712772715720348e-05,
        4.4975808123126626e-05,
        4.040847488795407e-05,
        4.194361827103421e-05,
        6.05084678682033e-05,
        5.5009848438203335e-05,
        7.908849511295557e-05,
        5.5140579206636176e-05,
        5.081304698251188e-05,
        6.3191560911946e-05,
        5.839918230776675e-05,
        5.5694228649372235e-05,
        8.342263754457235e-05,
        3.427460978855379e-05,
        6.248913268791512e-05,
        3.261508027208038e-05,
        4.565881681628525e-05
      ],
      "PSL_classification_label": "S-menu.cnt",
      "PSL_lineitem_number": 1
    },
    {
      "bounding_box": [
        655,
        807,
        89,
        40,
        "19.000"
      ],
      "classification_label": "S-menu.price",
      "box_id": 2,
      "class_probability": 0.9982529282569885,
      "scores": [
        3.035725785593968e-05,
        3.782225394388661e-05,
        5.540620622923598e-05,
        6.025205584592186e-05,
        4.266460018698126e-05,
        5.7230772654293105e-05,
        6.173150177346542e-05,
        0.9982529282569885,
        5.326701284502633e-05,
        4.00293392885942e-05,
        4.840641122427769e-05,
        0.000123283636639826,
        3.026833655894734e-05,
        0.00013757731358055025,
        7.739543070783839e-05,
        4.577863364829682e-05,
        3.637645932030864e-05,
        4.390027970657684e-05,
        4.806677679880522e-05,
        7.471179560525343e-05,
        6.994488649070263e-05,
        7.30643150745891e-05,
        6.402718281606212e-05,
        2.960560050269123e-05,
        5.034339119447395e-05,
        3.2585361623205245e-05,
        3.8062044040998444e-05,
        5.5414715461665764e-05,
        8.725918451091275e-05,
        6.723948899889365e-05,
        7.494543388020247e-05
      ],
      "PSL_classification_label": "S-menu.price",
      "PSL_lineitem_number": 1
    },
    {
      "bounding_box": [
        40,
        844,
        47,
        35,
        "Ice"
      ],
      "classification_label": "S-menu.nm",
      "box_id": 3,
      "class_probability": 0.6485591530799866,
      "scores": [
        0.0031425217166543007,
        0.0012509007938206196,
        0.001288027735427022,
        0.006379384081810713,
        0.002421302953734994,
        0.6485591530799866,
        0.03490026295185089,
        0.0016541449585929513,
        0.0014328756369650364,
        0.002526111900806427,
        0.25236138701438904,
        0.0014156574616208673,
        0.0010603386908769608,
        0.0018109617521986365,
        0.005020756274461746,
        0.0015796341467648745,
        0.001850270782597363,
        0.0016899517504498363,
        0.0017679356969892979,
        0.0030171414837241173,
        0.002879680832847953,
        0.0019637492951005697,
        0.0017505844589322805,
        0.0021072817035019398,
        0.0010445076040923595,
        0.0027044385205954313,
        0.0019502891227602959,
        0.001573681947775185,
        0.005674288142472506,
        0.0016180326929315925,
        0.0016047668177634478
      ],
      "PSL_classification_label": "S-menu.nm",
      "PSL_lineitem_number": 1
    },
    {
      "bounding_box": [
        42,
        887,
        429,
        37,
        "Kopi Susu Kampung Less Ice"
      ],
      "classification_label": "S-menu.nm",
      "box_id": 4,
      "class_probability": 0.9420022368431091,
      "scores": [
        0.0008437403594143689,
        0.000241701869526878,
        0.00037808247725479305,
        0.0022873850539326668,
        0.0006122588529251516,
        0.9420022368431091,
        0.003751414828002453,
        0.0002923379943240434,
        0.00038261033478192985,
        0.0006879125139676034,
        0.037903010845184326,
        0.00023121472622733563,
        0.0002667040389496833,
        0.00038212898653000593,
        0.0013877686578780413,
        0.0003782409767154604,
        0.0003946060605812818,
        0.0005417656502686441,
        0.00038250326178967953,
        0.0009359763935208321,
        0.0005148061900399625,
        0.0005019124364480376,
        0.0004240301495883614,
        0.0005781255895271897,
        0.0002891648036893457,
        0.0005147705669514835,
        0.0004614600329659879,
        0.00047452139551751316,
        0.001003121491521597,
        0.0005179038271307945,
        0.00043648885912261903
      ],
      "PSL_classification_label": "S-menu.nm",
      "PSL_lineitem_number": 2
    },
    {
      "bounding_box": [
        528,
        887,
        22,
        32,
        "0"
      ],
      "classification_label": "S-menu.sub_unitprice",
      "box_id": 5,
      "class_probability": 0.470232754945755,