{
  "scores_sequence": [
    "S-No_class",
    "S-menu.cnt",
    "S-menu.discountprice",
    "S-menu.etc",
    "S-menu.itemsubtotal",
    "S-menu.nm",
    "S-menu.num",
    "S-menu.price",
    "S-menu.sub_cnt",
    "S-menu.sub_etc",
    "S-menu.sub_nm",
    "S-menu.sub_price",
    "S-menu.sub_unitprice",
    "S-menu.unitprice",
    "S-menu.vatyn",
    "S-sub_total.discount_price",
    "S-sub_total.etc",
    "S-sub_total.othersvc_price",
    "S-sub_total.service_price",
    "S-sub_total.subtotal_price",
    "S-sub_total.tax_price",
    "S-total.cashprice",
    "S-total.changeprice",
    "S-total.creditcardprice",
    "S-total.emoneyprice",
    "S-total.menuqty_cnt",
    "S-total.menutype_cnt",
    "S-total.total_etc",
    "S-total.total_price",
    "S-void_menu.nm",
    "S-void_menu.price"
  ],
  "predictions": [
    {
      "bounding_box": [
        147,
        664,
        34,
        35,
        "1X"
      ],
      "classification_label": "S-menu.num",
      "box_id": 0,
      "class_probability": 0.5665613412857056,
      "scores": [
        0.006659829989075661,
        0.16001161932945251,
        0.0036387434229254723,
        0.017796361818909645,
        0.003462362103164196,
        0.0717567428946495,
        0.5665613412857056,
        0.0019054827280342579,
        0.016940975561738014,
        0.0072285765781998634,
        0.035956718027591705,
        0.0030328964348882437,
        0.0030238351318985224,
        0.0018270369619131088,
        0.00579685065895319,
        0.0026508017908781767,
        0.0025222008116543293,
        0.0036017908714711666,
        0.0029877442866563797,
        0.0044876146130263805,
        0.005880247801542282,
        0.0023116138763725758,
        0.006647836416959763,
        0.003390275174751878,
        0.0019352128729224205,
        0.034319862723350525,
        0.011846153996884823,
        0.002494340529665351,
        0.0030247492250055075,
        0.002374320523813367,
        0.003925943747162819
      ],
      "PSL_classification_label": "S-menu.num",
      "PSL_lineitem_number": 1
    },
    {
      "bounding_box": [
        387,
        651,
        105,
        31,
        "@11000"
      ],
      "classification_label": "S-menu.unitprice",
      "box_id": 1,
      "class_probability": 0.9910225868225098,
      "scores": [
        0.00010482257494004443,
        0.00027944528847001493,
        0.00010686850873753428,
        0.00023057371436152607,
        0.00025332506629638374,
        0.0001440524501958862,
        0.0010915858438238502,
        0.00046199237112887204,
        0.000153824919834733,
        0.00019338510173838586,
        0.0004861223278567195,
        0.00023003979003988206,
        0.001280563184991479,
        0.9910225868225098,
        0.00013304314052220434,
        0.00010881201160373166,
        0.00035149441100656986,
        0.0002290520496899262,
        0.00020320464682299644,
        0.0002479926042724401,
        0.00027664387016557157,
        0.00040396576514467597,
        0.0003082584880758077,
        0.00027421078993938863,
        0.0001333418913418427,
        0.0002933531650342047,
        0.00019504594092722982,
        0.00020808976842090487,
        0.00022350977815221995,
        0.0002182439056923613,
        0.00015256380720529705
      ],
      "PSL_classification_label": "S-menu.unitprice",
      "PSL_lineitem_number": 1
    },
    {
      "bounding_box": [
        147,
        697,
        166,
        40,
        "DONAT GULA"
      ],
      "classification_label": "S-menu.nm",
      "box_id": 2,
      "class_probability": 0.9931163191795349,
      "scores": [
        0.0002068924077320844,
        0.00011086336598964408,
        8.661708852741867e-05,
        0.0004106205014977604,
        0.0001438107283320278,
        0.9931163191795349,
        0.0004449233820196241,
        0.00010260785347782075,
        9.690556908026338e-05,
        0.00020759046310558915,
        0.0020629572682082653,
        8.554585656384006e-05,
        8.935978985391557e-05,
        0.00011449091107351705,
        0.000280033826129511,
        0.00017837468476500362,
        0.00013907992979511619,
        0.0001845161459641531,
        0.00011766359966713935,
        0.0001670151686994359,
        0.00016415260324720293,
        0.0002301563072251156,
        0.00011397442722227424,
        0.00014258547162171453,
        0.00010417996963951737,
        0.00010328941425541416,
        0.00012192714348202571,
        0.0001319234725087881,
        0.00023703936312813312,
        0.00017620310245547444,
        0.00012842725845985115
      ],
      "PSL_classification_label": "S-menu.nm",
      "PSL_lineitem_number": 1
    },
    {
      "bounding_box": [
        573,
        679,
        106,
        33,
        "11,000"
      ],
      "classification_label": "S-menu.price",
      "box_id": 3,
      "class_probability": 0.9982836246490479,
      "scores": [
        2.5325916794827208e-05,
        3.7706835428252816e-05,
        4.887157410848886e-05,
        4.818184606847353e-05,
        4.164430356468074e-05,
        4.572537000058219e-05,
        5.046285150456242e-05,
        0.9982836246490479,
        4.233178697177209e-05,
        3.226642365916632e-05,
        4.922214793623425e-05,
        0.0001665451272856444,
        2.591982774902135e-05,
        0.00010543693497311324,
        7.955807086545974e-05,
        4.006715607829392e-05,
        3.515306889312342e-05,
        4.1094339394476265e-05,
        4.660312697524205e-05,
        0.00016208160377573222,
        6.971329275984317e-05,
        7.723610906396061e-05,
        5.561156285693869e-05,
        2.5675844881334342e-05,
        4.5790522563038394e-05,
        3.067102443310432e-05,
        3.168306648149155e-05,
        4.460795025806874e-05,
        9.70534238149412e-05,
        5.84722074563615e-05,
        5.56336271984037e-05
      ],
      "PSL_classification_label": "S-menu.price",
      "PSL_lineitem_number": 1
    },
    {
      "bounding_box": [
        578,
        763,
        108,
        30,
        "11,000"
      ],
      "classification_label": "S-sub_total.subtotal_price",
      "box_id": 4,
      "class_probability": 0.9972673654556274,
      "scores": [
        7.671950879739597e-05,
        8.151513611664996e-05,
        0.00017155593377538025,
        5.92689830227755e-05,
        6.779085379093885e-05,
        7.547630229964852e-05,
        5.516153032658622e-05,
        0.0001891580322990194,
        4.5509543269872665e-05,
        8.864973642630503e-05,
        7.258346158778295e-05,
        7.927497063064948e-05,
        6.930580275366083e-05,
        8.021012763492763e-05,
        7.505187386414036e-05,
        0.00026128138415515423,
        0.00013271084753796458,
        5.3356558055384085e-05,
        4.203341086395085e-05,
        0.9972673654556274,
        8.895206701708958e-05,
        0.00012827935279347003,
        6.16873221588321e-05,
        6.673215830232948e-05,
        7.947230915306136e-05,
        9.071652311831713e-05,
        6.699614459648728e-05,
        4.61517738585826e-05,
        0.00023301831970456988,
        5.989966666675173e-05,
        3.4373348171357065e-05
      ],
      "PSL_classification_label": "S-sub_total.subtotal_price",
      "PSL_lineitem_number": ""
    },
    {
      "bounding_box": [
        329,
        734,
        167,
        28,
        "1.00xITEMs"
      ],
      "classification_label": "S-total.menuqty_cnt",
      "box_id": 5,
      "class_probability": 0.9110135436058044,