{
  "scores_sequence": [
    "S-No_class",
    "S-menu.cnt",
    "S-menu.discountprice",
    "S-menu.etc",
    "S-menu.itemsubtotal",
    "S-menu.nm",
    "S-menu.num",
    "S-menu.price",
    "S-menu.sub_cnt",
    "S-menu.sub_etc",
    "S-menu.sub_nm",
    "S-menu.sub_price",
    "S-menu.sub_unitprice",
    "S-menu.unitprice",
    "S-menu.vatyn",
    "S-sub_total.discount_price",
    "S-sub_total.etc",
    "S-sub_total.othersvc_price",
    "S-sub_total.service_price",
    "S-sub_total.subtotal_price",
    "S-sub_total.tax_price",
    "S-total.cashprice",
    "S-total.changeprice",
    "S-total.creditcardprice",
    "S-total.emoneyprice",
    "S-total.menuqty_cnt",
    "S-total.menutype_cnt",
    "S-total.total_etc",
    "S-total.total_price",
    "S-void_menu.nm",
    "S-void_menu.price"
  ],
  "predictions": [
    {
      "bounding_box": [
        167,
        651,
        10,
        20,
        "1"
      ],
      "classification_label": "S-menu.cnt",
      "box_id": 0,
      "class_probability": 0.9982553124427795,
      "scores": [
        7.100947550497949e-05,
        0.9982553124427795,
        6.28320049145259e-05,
        6.053759716451168e-05,
        3.883606041199528e-05,
        6.344085704768077e-05,
        6.164352816995233e-05,
        2.3598297048010863e-05,
        0.00016743461310397834,
        4.8852576583158225e-05,
        3.7763704312965274e-05,
        5.9308069467078894e-05,
        5.836308264406398e-05,
        3.5665580071508884e-05,
        4.662016362999566e-05,
        4.809463644050993e-05,
        4.494847962632775e-05,
        3.467782153165899e-05,
        7.11732791387476e-05,
        6.204778037499636e-05,
        7.487945549655706e-05,
        7.137440115911886e-05,
        5.500122642843053e-05,
        6.752361514372751e-05,
        6.43846215098165e-05,
        6.580682384083048e-05,
        7.557866774732247e-05,
        3.533437484293245e-05,
        6.405488238669932e-05,
        3.080981696257368e-05,
        4.3168609408894554e-05
      ],
      "PSL_classification_label": "S-menu.cnt",
      "PSL_lineitem_number": 1
    },
    {
      "bounding_box": [
        216,
        648,
        197,
        25,
        "JASMINE MT ( L )"
      ],
      "classification_label": "S-menu.nm",
      "box_id": 1,
      "class_probability": 0.9914480447769165,
      "scores": [
        0.0002096802490996197,
        0.00011586448090383783,
        9.29288798943162e-05,
        0.00046632997691631317,
        0.00020496135402936488,
        0.9914480447769165,
        0.0007514526369050145,
        0.0001982964895432815,
        0.00012372563651297241,
        0.000297299528028816,
        0.002462183590978384,
        7.912989531178027e-05,
        0.00011301718768663704,
        0.0003033662505913526,
        0.000247824500547722,
        0.00019592327589634806,
        0.00016508782573509961,
        0.00021526440104935318,
        0.00013578537618741393,
        0.0002325850073248148,
        0.00016657217929605395,
        0.0002713520952966064,
        0.00010716602264437824,
        0.00018975108105223626,
        0.00013853546988684684,
        9.582656639395282e-05,
        0.00011352554429322481,
        0.00013220711844041944,
        0.0003112969861831516,
        0.0002618699800223112,
        0.00015306951536331326
      ],
      "PSL_classification_label": "S-menu.nm",
      "PSL_lineitem_number": 1
    },
    {
      "bounding_box": [
        671,
        651,
        74,
        26,
        "24,000"
      ],
      "classification_label": "S-menu.price",
      "box_id": 2,
      "class_probability": 0.9979554414749146,
      "scores": [
        3.653188105090521e-05,
        3.683536488097161e-05,
        4.817335866391659e-05,
        5.608409992419183e-05,
        4.9918682634597644e-05,
        6.983814091654494e-05,
        5.134433013154194e-05,
        0.9979554414749146,
        6.895811384310946e-05,
        3.814648152911104e-05,
        5.6348835641983896e-05,
        0.00039169072988443077,
        4.6078341256361455e-05,
        0.00013104520621709526,
        0.00010164539708057418,
        4.832801641896367e-05,
        3.650979488156736e-05,
        5.224901542533189e-05,
        4.965568950865418e-05,
        6.166603998281062e-05,
        5.666554352501407e-05,
        6.800240953452885e-05,
        6.851315265521407e-05,
        2.3228538339026272e-05,
        5.651588799082674e-05,
        3.896679845638573e-05,
        3.8999995013000444e-05,
        5.0371458200970665e-05,
        5.467154915095307e-05,
        7.208871829789132e-05,
        8.554193482268602e-05
      ],
      "PSL_classification_label": "S-menu.price",
      "PSL_lineitem_number": 1
    },
    {
      "bounding_box": [
        207,
        681,
        232,
        27,
        "COCONUT JELLY ( L )"
      ],
      "classification_label": "S-menu.nm",
      "box_id": 3,
      "class_probability": 0.9788095355033875,
      "scores": [
        0.00036830376484431326,
        0.00015116178838070482,
        0.00017696672875899822,
        0.0007953085587359965,
        0.00032207739423029125,
        0.9788095355033875,
        0.001075735897757113,
        0.00024031441716942936,
        0.00019025940855499357,
        0.0004086763074155897,
        0.011637798510491848,
        0.00012296951899770647,
        0.00017460416711401194,
        0.0002810232690535486,
        0.000465014687506482,
        0.00028788982308469713,
        0.00026956474175676703,
        0.00034183048410341144,
        0.0002355265460209921,
        0.00044932085438631475,
        0.00028915939037688076,
        0.00045064795995131135,
        0.0002004274574574083,
        0.000315705721732229,
        0.0002574163081590086,
        0.00018839626864064485,
        0.00019371890812180936,
        0.00018947012722492218,
        0.0005322230281308293,
        0.0003063019539695233,
        0.000272830220637843
      ],
      "PSL_classification_label": "S-menu.nm",
      "PSL_lineitem_number": 1
    },
    {
      "bounding_box": [
        685,
        689,
        62,
        26,
        "4,000"
      ],
      "classification_label": "S-menu.sub_price",
      "box_id": 4,
      "class_probability": 0.9465259313583374,
      "scores": [
        0.0004119377990718931,
        0.0005380880902521312,
        0.002192846732214093,
        0.0002473483909852803,
        0.0007196975057013333,
        0.00048227421939373016,
        0.0004903625231236219,
        0.031215574592351913,
        0.0014658373547717929,
        0.0006138162571005523,
        0.0006325962021946907,
        0.9465259313583374,
        0.0026714238338172436,
        0.0007068937993608415,
        0.0008377157500945032,
        0.001363094663247466,
        0.0003122464695479721,
        0.0007407152443192899,
        0.0014129134360700846,
        0.0003500860184431076,
        0.0008740077028051019,
        0.00027746520936489105,
        0.0005079922266304493,
        0.00035564182326197624,
        0.0005105814780108631,
        0.0006648532580584288,
        0.00044361778418533504,
        0.00037964674993418157,
        0.0003212773590348661,
        0.0009174406295642257,
        0.0008159469580277801
      ],
      "PSL_classification_label": "S-menu.sub_price",
      "PSL_lineitem_number": ""
    },
    {
      "bounding_box": [
        679,
        763,
        74,
        28,
        "28,000"
      ],
      "classification_label": "S-sub_total.subtotal_price",
      "box_id": 5,
      "class_probability": 0.9962030053138733,