{
  "scores_sequence": [
    "S-No_class",
    "S-menu.cnt",
    "S-menu.discountprice",
    "S-menu.etc",
    "S-menu.itemsubtotal",
    "S-menu.nm",
    "S-menu.num",
    "S-menu.price",
    "S-menu.sub_cnt",
    "S-menu.sub_etc",
    "S-menu.sub_nm",
    "S-menu.sub_price",
    "S-menu.sub_unitprice",
    "S-menu.unitprice",
    "S-menu.vatyn",
    "S-sub_total.discount_price",
    "S-sub_total.etc",
    "S-sub_total.othersvc_price",
    "S-sub_total.service_price",
    "S-sub_total.subtotal_price",
    "S-sub_total.tax_price",
    "S-total.cashprice",
    "S-total.changeprice",
    "S-total.creditcardprice",
    "S-total.emoneyprice",
    "S-total.menuqty_cnt",
    "S-total.menutype_cnt",
    "S-total.total_etc",
    "S-total.total_price",
    "S-void_menu.nm",
    "S-void_menu.price"
  ],
  "predictions": [
    {
      "bounding_box": [
        361,
        2048,
        878,
        102,
        "3002-Kyoto Choco Mochi"
      ],
      "classification_label": "S-menu.nm",
      "box_id": 0,
      "class_probability": 0.9967135190963745,
      "scores": [
        0.00012954582052771002,
        8.771914144745097e-05,
        6.284387927735224e-05,
        0.00021124040358699858,
        8.981484279502183e-05,
        0.9967135190963745,
        0.000297278311336413,
        9.254117321688682e-05,
        6.48938148515299e-05,
        0.00012103325570933521,
        0.00016735594545025378,
        6.681165541522205e-05,
        4.955484109814279e-05,
        9.167804091703147e-05,
        0.00014853748143650591,
        0.00010858728637685999,
        0.00010023192589869723,
        0.00010621926048770547,
        5.74473015149124e-05,
        8.334971789736301e-05,
        8.582886948715895e-05,
        0.0001728751667542383,
        5.9181238611927256e-05,
        7.81710259616375e-05,
        8.99883743841201e-05,
        5.72130193177145e-05,
        7.26444341125898e-05,
        8.851832535583526e-05,
        0.00019886769587174058,
        0.00016786040214356035,
        7.849682151572779e-05
      ],
      "PSL_classification_label": "S-menu.nm",
      "PSL_lineitem_number": ""
    },
    {
      "bounding_box": [
        1152,
        2174,
        92,
        70,
        "x2"
      ],
      "classification_label": "S-menu.cnt",
      "box_id": 1,
      "class_probability": 0.9978721141815186,
      "scores": [
        7.295325485756621e-05,
        0.9978721141815186,
        5.700481779058464e-05,
        7.810904207872227e-05,
        4.4779153540730476e-05,
        4.6555447624996305e-05,
        6.8255903897807e-05,
        2.43885770032648e-05,
        0.0004333938122726977,
        6.0963684518355876e-05,
        5.72741191717796e-05,
        5.092958235763945e-05,
        8.235683344537392e-05,
        5.80846935918089e-05,
        5.720201079384424e-05,
        5.5252912716241553e-05,
        4.710903522209264e-05,
        4.291388904675841e-05,
        8.709406392881647e-05,
        5.3689498599851504e-05,
        9.978424350265414e-05,
        5.88254515605513e-05,
        5.0082835514331236e-05,
        6.971559196244925e-05,
        5.92117321502883e-05,
        4.433206049725413e-05,
        8.76684789545834e-05,
        3.3443368010921404e-05,
        5.291638444759883e-05,
        3.7142417568247765e-05,
        5.651364699588157e-05
      ],
      "PSL_classification_label": "S-menu.cnt",
      "PSL_lineitem_number": 1
    },
    {
      "bounding_box": [
        762,
        2174,
        247,
        74,
        "14.000"
      ],
      "classification_label": "S-menu.unitprice",
      "box_id": 2,
      "class_probability": 0.9949885010719299,
      "scores": [
        7.473128061974421e-05,
        0.00013091454457025975,
        9.836261597229168e-05,
        8.923442510422319e-05,
        0.00015654708840884268,
        6.743698759237304e-05,
        0.00011909371824003756,
        0.00015659247583243996,
        7.45989746064879e-05,
        0.00011147965415148064,
        0.00014900833775755018,
        0.0001111901001422666,
        0.0015796844381839037,
        0.9949885010719299,
        5.73422439629212e-05,
        5.602988676400855e-05,
        0.0002085733285639435,
        0.00013167181168682873,
        0.000132807093905285,
        8.732289279578254e-05,
        0.00013773607497569174,
        0.00019324624736327678,
        0.0001316946727456525,
        0.0001029030026984401,
        8.40139837237075e-05,
        0.0001309011859120801,
        0.00011860894301207736,
        0.00015567643276881427,
        0.0001263617887161672,
        0.000119232245197054,
        0.00011855827324325219
      ],
      "PSL_classification_label": "S-menu.unitprice",
      "PSL_lineitem_number": 1
    },
    {
      "bounding_box": [
        1626,
        2154,
        263,
        74,
        "28.000"
      ],
      "classification_label": "S-menu.price",
      "box_id": 3,
      "class_probability": 0.9984819293022156,
      "scores": [
        2.54325641435571e-05,
        2.5773344532353804e-05,
        4.723660458694212e-05,
        4.2345363908680156e-05,
        3.748215385712683e-05,
        4.518865534919314e-05,
        4.906333560938947e-05,
        0.9984819293022156,
        4.2277089960407466e-05,
        3.4289801988052204e-05,
        3.9403046685038134e-05,
        0.00012050457735313103,
        2.4753029720159248e-05,
        8.29482960398309e-05,
        7.53389613237232e-05,
        4.071882722200826e-05,
        3.2817777537275106e-05,
        4.084448664798401e-05,
        4.5186847273726016e-05,
        0.00010038429172709584,
        6.218835187610239e-05,
        8.315731975017115e-05,
        5.4825890401843935e-05,
        2.6272931791027077e-05,
        4.353436816018075e-05,
        2.667267654032912e-05,
        3.050280975003261e-05,
        3.941917384508997e-05,
        9.357540693599731e-05,
        5.2741637773578987e-05,
        5.322738070390187e-05
      ],
      "PSL_classification_label": "S-menu.price",
      "PSL_lineitem_number": 1
    },
    {
      "bounding_box": [
        361,
        2265,
        572,
        90,
        "1001-Choco Bun"
      ],
      "classification_label": "S-menu.nm",
      "box_id": 4,
      "class_probability": 0.9969426989555359,
      "scores": [
        0.0001277923583984375,
        7.724351598881185e-05,
        4.972000897396356e-05,
        0.00021643056243192405,
        7.688868208788335e-05,
        0.9969426989555359,
        0.00028118808404542506,
        8.054952195379883e-05,
        7.252165232785046e-05,
        0.0001239174307556823,
        0.00027272850275039673,
        6.114930874900892e-05,
        4.5670523832086474e-05,
        8.17536492832005e-05,
        0.00012124201748520136,
        8.835952030494809e-05,
        8.378213533433154e-05,
        0.00010288067278452218,
        5.416603380581364e-05,
        6.950236274860799e-05,
        7.967550482135266e-05,
        0.00015691858425270766,
        5.543605948332697e-05,
        6.74942129990086e-05,
        8.162128506228328e-05,
        4.6248376747826114e-05,
        6.682415551040322e-05,
        7.824800559319556e-05,
        0.0001206592787639238,
        0.00014522980200126767,
        7.145581912482157e-05
      ],
      "PSL_classification_label": "S-menu.nm",
      "PSL_lineitem_number": ""
    },
    {
      "bounding_box": [
        1154,
        2387,
        85,
        66,
        "x1"
      ],
      "classification_label": "S-menu.cnt",
      "box_id": 5,
      "class_probability": 0.997642457485199,