{
  "scores_sequence": [
    "S-No_class",
    "S-menu.cnt",
    "S-menu.discountprice",
    "S-menu.etc",
    "S-menu.itemsubtotal",
    "S-menu.nm",
    "S-menu.num",
    "S-menu.price",
    "S-menu.sub_cnt",
    "S-menu.sub_etc",
    "S-menu.sub_nm",
    "S-menu.sub_price",
    "S-menu.sub_unitprice",
    "S-menu.unitprice",
    "S-menu.vatyn",
    "S-sub_total.discount_price",
    "S-sub_total.etc",
    "S-sub_total.othersvc_price",
    "S-sub_total.service_price",
    "S-sub_total.subtotal_price",
    "S-sub_total.tax_price",
    "S-total.cashprice",
    "S-total.changeprice",
    "S-total.creditcardprice",
    "S-total.emoneyprice",
    "S-total.menuqty_cnt",
    "S-total.menutype_cnt",
    "S-total.total_etc",
    "S-total.total_price",
    "S-void_menu.nm",
    "S-void_menu.price"
  ],
  "predictions": [
    {
      "bounding_box": [
        311,
        483,
        42,
        20,
        "5.455"
      ],
      "classification_label": "S-sub_total.tax_price",
      "box_id": 0,
      "class_probability": 0.993347704410553,
      "scores": [
        0.00014136300887912512,
        0.00024269467394333333,
        0.00016921341011766344,
        7.494048622902483e-05,
        0.00017183095042128116,
        0.0001548372529214248,
        0.00020387650874909014,
        0.00020462118845898658,
        0.00011813642777269706,
        0.0001527753920527175,
        0.00012268403952475637,
        0.0002393692557234317,
        0.00014751753769814968,
        0.00021670464775525033,
        0.00013721889990847558,
        0.0004757582792080939,
        0.00040523073403164744,
        0.00021544004266615957,
        0.0013571989256888628,
        9.305154526373371e-05,
        0.993347704410553,
        0.00012252444867044687,
        0.00018654653104022145,
        9.443103044759482e-05,
        7.035248563624918e-05,
        0.00031633314210921526,
        0.00012826951569877565,
        0.00021451049542520195,
        0.0002753870212472975,
        6.517334986710921e-05,
        0.00013418373418971896
      ],
      "PSL_classification_label": "S-sub_total.tax_price",
      "PSL_lineitem_number": ""
    },
    {
      "bounding_box": [
        279,
        531,
        88,
        23,
        "60.000"
      ],
      "classification_label": "S-total.total_price",
      "box_id": 1,
      "class_probability": 0.9901864528656006,
      "scores": [
        0.00016708097246009856,
        0.00010477479372639209,
        0.00010006885713664815,
        0.0001482063380535692,
        0.0002390242734691128,
        0.0002140124561265111,
        9.64345526881516e-05,
        0.0005426086718216538,
        0.0001027445396175608,
        0.00018458424892742187,
        0.00015078982687555254,
        0.00015940498269628733,
        7.434678263962269e-05,
        0.0002690078690648079,
        0.00015288613212760538,
        0.00014346401439979672,
        0.00021744590776506811,
        9.515411511529237e-05,
        9.682084782980382e-05,
        0.0009381094132550061,
        0.0001701423607300967,
        0.002987252315506339,
        0.00017539683904033154,
        0.0008608288480900228,
        0.00020732336270157248,
        0.00018896785331889987,
        0.00010475121234776452,
        0.0006527624791488051,
        0.9901864528656006,
        0.00011398941569495946,
        0.00015518016880378127
      ],
      "PSL_classification_label": "S-total.total_price",
      "PSL_lineitem_number": ""
    },
    {
      "bounding_box": [
        206,
        532,
        59,
        19,
        "2.00"
      ],
      "classification_label": "S-total.menuqty_cnt",
      "box_id": 2,
      "class_probability": 0.7347589135169983,
      "scores": [
        0.001732516917400062,
        0.0018842824501916766,
        0.00197235937230289,
        0.0028508829418569803,
        0.0015470932703465223,
        0.000746269419323653,
        0.001389481476508081,
        0.0006762995617464185,
        0.0031724150758236647,
        0.0019083302468061447,
        0.0010929357958957553,
        0.0013801944442093372,
        0.007588229142129421,
        0.002069281181320548,
        0.002215174725279212,
        0.0008845159900374711,
        0.004255515057593584,
        0.0011638785945251584,
        0.0014507354935631156,
        0.0011528042377904058,
        0.001796165481209755,
        0.004952981136739254,
        0.019181309267878532,
        0.005736656486988068,
        0.0025605878327041864,
        0.7347589135169983,
        0.15344707667827606,
        0.03218218311667442,
        0.0008931314223445952,
        0.0016102351946756244,
        0.001747512724250555
      ],
      "PSL_classification_label": "S-total.menuqty_cnt",
      "PSL_lineitem_number": ""
    },
    {
      "bounding_box": [
        315,
        583,
        50,
        20,
        "60.000"
      ],
      "classification_label": "S-total.emoneyprice",
      "box_id": 3,
      "class_probability": 0.31353455781936646,
      "scores": [
        0.002296230522915721,
        0.0018014040542766452,
        0.00391446053981781,
        0.003200886771082878,
        0.0016846981598064303,
        0.0014602842275053263,
        0.0012434980599209666,
        0.002851925091817975,
        0.00176314078271389,
        0.002562253037467599,
        0.0019869981333613396,
        0.005791669711470604,
        0.00490044429898262,
        0.0019067843677476048,
        0.0032170990016311407,
        0.0021763339173048735,
        0.0034948131069540977,
        0.0031330378260463476,
        0.0016489917179569602,
        0.004934726748615503,
        0.0010631806217133999,
        0.22134263813495636,
        0.03415960446000099,
        0.3117249608039856,
        0.31353455781936646,
        0.0017328666290268302,
        0.002107530366629362,
        0.051021602004766464,
        0.0016352193197235465,
        0.002667952561751008,
        0.0030401607509702444
      ],
      "PSL_classification_label": "S-total.emoneyprice",
      "PSL_lineitem_number": ""
    },
    {
      "bounding_box": [
        41,
        391,
        50,
        20,
        "901016"
      ],
      "classification_label": "S-menu.num",
      "box_id": 4,
      "class_probability": 0.9835509657859802,
      "scores": [
        0.0005149887874722481,
        0.0006837008404545486,
        0.0005287051317282021,
        0.0010916300816461444,
        0.0006679470534436405,
        0.0004112746100872755,
        0.9835509657859802,
        0.0007256247918121517,
        0.0004956899210810661,
        0.0007057514158077538,
        0.0003665885014925152,
        0.0004583829140756279,
        0.0005598770221695304,
        0.0006732217152602971,
        0.00041229173075407743,
        0.00033911733771674335,
        0.00033099722350016236,
        0.0006063918117433786,
        0.0005804214742965996,
        0.0010180994868278503,
        0.0007798327133059502,
        0.0003313495253678411,
        0.0007909357082098722,
        0.0005208717775531113,
        0.00022826298663858324,
        0.0003751908370759338,
        0.0005517270765267313,
        0.0003817872784566134,
        0.00023540755501016974,
        0.0006294187624007463,
        0.00045346858678385615
      ],
      "PSL_classification_label": "S-menu.num",
      "PSL_lineitem_number": 1
    },
    {
      "bounding_box": [
        145,
        385,
        76,
        20,
        "-TICKET CP"
      ],
      "classification_label": "S-menu.nm",
      "box_id": 5,
      "class_probability": 0.5200474262237549,