{
  "scores_sequence": [
    "S-No_class",
    "S-menu.cnt",
    "S-menu.discountprice",
    "S-menu.etc",
    "S-menu.itemsubtotal",
    "S-menu.nm",
    "S-menu.num",
    "S-menu.price",
    "S-menu.sub_cnt",
    "S-menu.sub_etc",
    "S-menu.sub_nm",
    "S-menu.sub_price",
    "S-menu.sub_unitprice",
    "S-menu.unitprice",
    "S-menu.vatyn",
    "S-sub_total.discount_price",
    "S-sub_total.etc",
    "S-sub_total.othersvc_price",
    "S-sub_total.service_price",
    "S-sub_total.subtotal_price",
    "S-sub_total.tax_price",
    "S-total.cashprice",
    "S-total.changeprice",
    "S-total.creditcardprice",
    "S-total.emoneyprice",
    "S-total.menuqty_cnt",
    "S-total.menutype_cnt",
    "S-total.total_etc",
    "S-total.total_price",
    "S-void_menu.nm",
    "S-void_menu.price"
  ],
  "predictions": [
    {
      "bounding_box": [
        129,
        539,
        20,
        29,
        "2"
      ],
      "classification_label": "S-menu.cnt",
      "box_id": 0,
      "class_probability": 0.9982858300209045,
      "scores": [
        7.557845674455166e-05,
        0.9982858300209045,
        6.023830428603105e-05,
        6.045278860256076e-05,
        4.177192022325471e-05,
        5.381455775932409e-05,
        5.38723761565052e-05,
        2.4052513253991492e-05,
        0.00011493025522213429,
        5.142048394191079e-05,
        4.081061706528999e-05,
        5.709299148293212e-05,
        6.026691698934883e-05,
        4.737406925414689e-05,
        4.563320180750452e-05,
        4.310521762818098e-05,
        4.030243508168496e-05,
        3.0787992727709934e-05,
        7.29566381778568e-05,
        6.665076944045722e-05,
        7.113527681212872e-05,
        6.660698272753507e-05,
        5.342378426576033e-05,
        6.738981028320268e-05,
        7.057322363834828e-05,
        6.328483868855983e-05,
        8.990892820293084e-05,
        3.6019158869748935e-05,
        7.607786392327398e-05,
        3.648550409707241e-05,
        4.203202115604654e-05
      ],
      "PSL_classification_label": "S-menu.cnt",
      "PSL_lineitem_number": 1
    },
    {
      "bounding_box": [
        163,
        537,
        380,
        35,
        "[MD] SOFT STEAMED CHEESEC"
      ],
      "classification_label": "S-menu.nm",
      "box_id": 1,
      "class_probability": 0.9973885416984558,
      "scores": [
        0.00010276817192789167,
        7.71923951106146e-05,
        4.184608405921608e-05,
        0.00013519539788831025,
        8.241715840995312e-05,
        0.9973885416984558,
        0.00023690333182457834,
        7.483627996407449e-05,
        4.713239104603417e-05,
        0.00011791625001933426,
        0.00022313580848276615,
        5.064970173407346e-05,
        4.4882392103318125e-05,
        8.846742275636643e-05,
        9.32361144805327e-05,
        7.321118755498901e-05,
        5.9672420320566744e-05,
        8.825179247651249e-05,
        5.2820319979218766e-05,
        7.44021890568547e-05,
        5.525342567125335e-05,
        0.00010651432967279106,
        5.240846803644672e-05,
        5.3961543017067015e-05,
        6.280032539507374e-05,
        4.746876948047429e-05,
        6.573745486093685e-05,
        6.266409764066339e-05,
        0.0001241923455381766,
        0.00014013909094501287,
        7.53369604353793e-05
      ],
      "PSL_classification_label": "S-menu.nm",
      "PSL_lineitem_number": 1
    },
    {
      "bounding_box": [
        585,
        543,
        96,
        33,
        "20,000"
      ],
      "classification_label": "S-menu.price",
      "box_id": 2,
      "class_probability": 0.9979845285415649,
      "scores": [
        3.3504409657325596e-05,
        5.119839988765307e-05,
        4.832071499549784e-05,
        6.678752833977342e-05,
        4.1803701606113464e-05,
        5.570077337324619e-05,
        5.9189944295212626e-05,
        0.9979845285415649,
        7.086541154421866e-05,
        3.7628156860591844e-05,
        6.167725223349407e-05,
        0.00019193461048416793,
        3.8771504478063434e-05,
        0.00028339840355329216,
        8.53960809763521e-05,
        4.4848904508398846e-05,
        4.1812669223872945e-05,
        5.051980770076625e-05,
        5.107862307340838e-05,
        6.287531141424552e-05,
        6.173739529913291e-05,
        9.480552398599684e-05,
        5.990325371385552e-05,
        3.261051097069867e-05,
        5.403159593697637e-05,
        3.56835953425616e-05,
        3.2319909223588184e-05,
        4.942138912156224e-05,
        7.266808825079352e-05,
        6.831178325228393e-05,
        7.661552808713168e-05
      ],
      "PSL_classification_label": "S-menu.price",
      "PSL_lineitem_number": 1
    },
    {
      "bounding_box": [
        129,
        576,
        20,
        31,
        "2"
      ],
      "classification_label": "S-menu.cnt",
      "box_id": 3,
      "class_probability": 0.9983863830566406,
      "scores": [
        6.372820644173771e-05,
        0.9983863830566406,
        5.8449175412533805e-05,
        5.848196451552212e-05,
        3.560242839739658e-05,
        4.6644210669910535e-05,
        4.781614916282706e-05,
        2.345187749597244e-05,
        0.00014516421651933342,
        4.8780260840430856e-05,
        3.571369597921148e-05,
        5.063436765340157e-05,
        5.7987628679256886e-05,
        4.286812691134401e-05,
        4.05718274123501e-05,
        3.79726079700049e-05,
        3.723147528944537e-05,
        2.8936648959643207e-05,
        6.705457053612918e-05,
        5.8315716159995645e-05,
        6.39423742541112e-05,
        6.725329149048775e-05,
        4.976689524482936e-05,
        6.381091952789575e-05,
        6.239227514015511e-05,
        6.629131530644372e-05,
        8.401356171816587e-05,
        3.242519233026542e-05,
        6.456987466663122e-05,
        3.3864456781884655e-05,
        4.000808621640317e-05
      ],
      "PSL_classification_label": "S-menu.cnt",
      "PSL_lineitem_number": 2
    },
    {
      "bounding_box": [
        163,
        575,
        380,
        36,
        "[MD] SOFT STEAMED CHOCOCA"
      ],
      "classification_label": "S-menu.nm",
      "box_id": 4,
      "class_probability": 0.9971731901168823,
      "scores": [
        0.00010785765334730968,
        7.8145123552531e-05,
        4.802949115401134e-05,
        0.00014741240011062473,
        8.63740497152321e-05,
        0.9971731901168823,
        0.0002619345614220947,
        7.789363007759675e-05,
        5.134412276674993e-05,
        0.00012736352800857276,
        0.00027521912124939263,
        5.324873927747831e-05,
        4.7300283767981455e-05,
        9.250018774764612e-05,
        9.608504478819668e-05,
        7.24638084648177e-05,
        6.28056877758354e-05,
        0.00010066563118016347,
        5.6630578910699114e-05,
        8.12434300314635e-05,
        5.551819413085468e-05,
        0.00011464876297395676,
        5.792616866528988e-05,
        5.307104220264591e-05,
        6.458182178903371e-05,
        5.2784143917961046e-05,
        6.895986734889448e-05,
        6.280508387135342e-05,
        0.0001383643102599308,
        0.0001481551444157958,
        8.554533997084945e-05
      ],
      "PSL_classification_label": "S-menu.nm",
      "PSL_lineitem_number": 2
    },
    {
      "bounding_box": [
        583,
        579,
        96,
        34,
        "20,000"
      ],
      "classification_label": "S-menu.price",
      "box_id": 5,
      "class_probability": 0.9980286955833435,