{
  "scores_sequence": [
    "S-No_class",
    "S-menu.cnt",
    "S-menu.discountprice",
    "S-menu.etc",
    "S-menu.itemsubtotal",
    "S-menu.nm",
    "S-menu.num",
    "S-menu.price",
    "S-menu.sub_cnt",
    "S-menu.sub_etc",
    "S-menu.sub_nm",
    "S-menu.sub_price",
    "S-menu.sub_unitprice",
    "S-menu.unitprice",
    "S-menu.vatyn",
    "S-sub_total.discount_price",
    "S-sub_total.etc",
    "S-sub_total.othersvc_price",
    "S-sub_total.service_price",
    "S-sub_total.subtotal_price",
    "S-sub_total.tax_price",
    "S-total.cashprice",
    "S-total.changeprice",
    "S-total.creditcardprice",
    "S-total.emoneyprice",
    "S-total.menuqty_cnt",
    "S-total.menutype_cnt",
    "S-total.total_etc",
    "S-total.total_price",
    "S-void_menu.nm",
    "S-void_menu.price"
  ],
  "predictions": [
    {
      "bounding_box": [
        183,
        771,
        12,
        26,
        "1"
      ],
      "classification_label": "S-menu.cnt",
      "box_id": 0,
      "class_probability": 0.9984546899795532,
      "scores": [
        6.244279211387038e-05,
        0.9984546899795532,
        5.369692371459678e-05,
        5.837958451593295e-05,
        3.6380206438479945e-05,
        5.169284122530371e-05,
        4.88615405629389e-05,
        1.9647241060738452e-05,
        0.00014393137826118618,
        4.60559967905283e-05,
        3.460789594100788e-05,
        5.021780089009553e-05,
        5.3720330470241606e-05,
        4.166232611169107e-05,
        4.39133400504943e-05,
        3.966815711464733e-05,
        3.5465684049995616e-05,
        2.9607601391035132e-05,
        6.376977398758754e-05,
        5.581823279499076e-05,
        7.129905861802399e-05,
        5.5467051424784586e-05,
        4.54241999250371e-05,
        5.65540831303224e-05,
        5.8456967963138595e-05,
        5.3860065236222e-05,
        7.451824058080092e-05,
        2.946181302831974e-05,
        5.918836177443154e-05,
        2.994886745000258e-05,
        4.1476476326351985e-05
      ],
      "PSL_classification_label": "S-menu.cnt",
      "PSL_lineitem_number": 2
    },
    {
      "bounding_box": [
        219,
        769,
        388,
        28,
        "Pecel Komplit + Nasi"
      ],
      "classification_label": "S-menu.nm",
      "box_id": 1,
      "class_probability": 0.9969305396080017,
      "scores": [
        0.00010401809413451701,
        5.386942211771384e-05,
        3.9765582187101245e-05,
        0.0001703913731034845,
        8.301694469992071e-05,
        0.9969305396080017,
        0.0001872875727713108,
        8.14392842585221e-05,
        5.228577720117755e-05,
        0.00012375094229355454,
        0.0005616833223029971,
        4.791030733031221e-05,
        4.1099818190559745e-05,
        9.158578177448362e-05,
        0.00013667861639987677,
        9.924207552103326e-05,
        7.551861926913261e-05,
        8.599570719525218e-05,
        6.51715017738752e-05,
        7.746594928903505e-05,
        8.253099804278463e-05,
        0.00011484758579172194,
        5.5241540394490585e-05,
        6.610140553675592e-05,
        6.617249164264649e-05,
        4.8086400056490675e-05,
        5.752626384492032e-05,
        6.422551086870953e-05,
        0.00014508211461361498,
        0.0001189115209854208,
        7.25689169485122e-05
      ],
      "PSL_classification_label": "S-menu.nm",
      "PSL_lineitem_number": 2
    },
    {
      "bounding_box": [
        715,
        769,
        110,
        28,
        "42.000"
      ],
      "classification_label": "S-menu.price",
      "box_id": 2,
      "class_probability": 0.998347282409668,
      "scores": [
        2.7849791877088137e-05,
        3.2033338356995955e-05,
        4.1921033698599786e-05,
        5.331051943358034e-05,
        3.9109447243390605e-05,
        4.4273718231124803e-05,
        5.064750075689517e-05,
        0.998347282409668,
        5.569987479248084e-05,
        3.6197001463733613e-05,
        4.745607293443754e-05,
        0.0001233213988598436,
        2.8913336791447364e-05,
        0.0001310260413447395,
        8.091595373116434e-05,
        4.801066461368464e-05,
        4.447448009159416e-05,
        4.981370875611901e-05,
        4.321134838392027e-05,
        7.438015745719895e-05,
        5.552570291911252e-05,
        9.158229659078643e-05,
        5.5548585805809125e-05,
        2.67776231339667e-05,
        4.6520308387698606e-05,
        2.989148924825713e-05,
        3.073121843044646e-05,
        4.745779006043449e-05,
        7.852380076656118e-05,
        7.273853407241404e-05,
        6.493792170658708e-05
      ],
      "PSL_classification_label": "S-menu.price",
      "PSL_lineitem_number": 2
    },
    {
      "bounding_box": [
        704,
        883,
        125,
        25,
        "107.000"
      ],
      "classification_label": "S-sub_total.subtotal_price",
      "box_id": 3,
      "class_probability": 0.9913424253463745,
      "scores": [
        0.00019590316514950246,
        0.00023945604334585369,
        0.0002454974455758929,
        0.00017924221174325794,
        0.00014768533583264798,
        0.00032137383823283017,
        0.00016943676746450365,
        0.00015250030264724046,
        0.0002242517948616296,
        0.00024052899971138686,
        0.0002677489828784019,
        0.00017645626212470233,
        0.00025515572633594275,
        0.0002047373418463394,
        0.00019331177463755012,
        0.0014120559208095074,
        0.0008914817590266466,
        0.0002544027229305357,
        0.00020299087918829173,
        0.9913424253463745,
        9.451888763578609e-05,
        0.0005708294338546693,
        0.0002562875743024051,
        0.00011900669051101431,
        0.00017629191279411316,
        0.0002723090292420238,
        0.00017433578614145517,
        0.0001560555538162589,
        0.0006039417930878699,
        0.00012908177450299263,
        0.00013071774446871132
      ],
      "PSL_classification_label": "S-sub_total.subtotal_price",
      "PSL_lineitem_number": ""
    },
    {
      "bounding_box": [
        737,
        909,
        92,
        28,
        "5.350"
      ],
      "classification_label": "S-sub_total.service_price",
      "box_id": 4,
      "class_probability": 0.9827557802200317,
      "scores": [
        0.0004399287863634527,
        0.000383093865821138,
        0.0002631483366712928,
        0.000274222664302215,
        0.00031209131702780724,
        0.00047800751053728163,
        0.0006177369505167007,
        0.0002984347811434418,
        0.0004199035174679011,
        0.0006398234982043505,
        0.0005980164860375226,
        0.0005234162672422826,
        0.0005194963305257261,
        0.0008131673675961792,
        0.00048507569590583444,
        0.0010746464831754565,
        0.00013955991016700864,
        0.000651804730296135,
        0.9827557802200317,
        0.0002570186916273087,
        0.003591578919440508,
        0.0006896965787746012,
        0.0006442174781113863,
        0.000266913790255785,
        0.00031348466291092336,
        0.00037719987449236214,
        0.0005967559991404414,
        0.0004515384789556265,
        0.00025191891472786665,
        0.0004297108098398894,
        0.0004423955106176436
      ],
      "PSL_classification_label": "S-sub_total.service_price",
      "PSL_lineitem_number": ""
    },
    {
      "bounding_box": [
        720,
        939,
        109,
        25,
        "11.235"
      ],
      "classification_label": "S-sub_total.tax_price",
      "box_id": 5,
      "class_probability": 0.9520747661590576,