{
  "scores_sequence": [
    "S-No_class",
    "S-menu.cnt",
    "S-menu.discountprice",
    "S-menu.etc",
    "S-menu.itemsubtotal",
    "S-menu.nm",
    "S-menu.num",
    "S-menu.price",
    "S-menu.sub_cnt",
    "S-menu.sub_etc",
    "S-menu.sub_nm",
    "S-menu.sub_price",
    "S-menu.sub_unitprice",
    "S-menu.unitprice",
    "S-menu.vatyn",
    "S-sub_total.discount_price",
    "S-sub_total.etc",
    "S-sub_total.othersvc_price",
    "S-sub_total.service_price",
    "S-sub_total.subtotal_price",
    "S-sub_total.tax_price",
    "S-total.cashprice",
    "S-total.changeprice",
    "S-total.creditcardprice",
    "S-total.emoneyprice",
    "S-total.menuqty_cnt",
    "S-total.menutype_cnt",
    "S-total.total_etc",
    "S-total.total_price",
    "S-void_menu.nm",
    "S-void_menu.price"
  ],
  "predictions": [
    {
      "bounding_box": [
        133,
        863,
        100,
        32,
        "Kupon 3"
      ],
      "classification_label": "S-menu.nm",
      "box_id": 0,
      "class_probability": 0.9939018487930298,
      "scores": [
        0.0001311464875470847,
        0.0003017783456016332,
        0.00013031094567850232,
        0.0003543803177308291,
        0.00014984814333729446,
        0.9939018487930298,
        0.0005789457354694605,
        0.0001289242645725608,
        0.0001424983493052423,
        0.0002021213440457359,
        0.0008938976097851992,
        8.036052895477042e-05,
        0.00012374381185509264,
        0.00014086707960814238,
        0.00028121055220253766,
        0.00019088345288764685,
        0.0001161823674920015,
        0.00016500723722856492,
        0.00011745104711735621,
        0.00014110504707787186,
        0.0001475341123295948,
        0.0002491225895937532,
        9.099868475459516e-05,
        9.345635044155642e-05,
        9.201823559124023e-05,
        0.00013670907355844975,
        0.00017201503214892,
        0.00015574225108139217,
        0.00018626614473760128,
        0.0002618592407088727,
        0.00014174530224408954
      ],
      "PSL_classification_label": "S-menu.nm",
      "PSL_lineitem_number": 1
    },
    {
      "bounding_box": [
        613,
        863,
        86,
        33,
        "28,636"
      ],
      "classification_label": "S-menu.price",
      "box_id": 1,
      "class_probability": 0.9963143467903137,
      "scores": [
        5.694911305909045e-05,
        7.109039870556444e-05,
        6.602735811611637e-05,
        8.723445353098214e-05,
        8.364202221855521e-05,
        8.298541797557846e-05,
        0.00010741733422037214,
        0.9963143467903137,
        7.475696475012228e-05,
        5.1211911340942606e-05,
        0.00010071647557197139,
        0.00013186915020924062,
        5.595237234956585e-05,
        0.0012419024715200067,
        0.00012253577006049454,
        5.198936923989095e-05,
        5.980163405183703e-05,
        5.8894034737022594e-05,
        7.147959695430472e-05,
        0.00025214022025465965,
        0.000116331284516491,
        9.920183219946921e-05,
        7.983400428202003e-05,
        4.33467939728871e-05,
        5.412131577031687e-05,
        5.065825462224893e-05,
        4.234823791193776e-05,
        5.963544754195027e-05,
        0.00014281795301940292,
        8.09603079687804e-05,
        8.782662189332768e-05
      ],
      "PSL_classification_label": "S-menu.price",
      "PSL_lineitem_number": 1
    },
    {
      "bounding_box": [
        617,
        940,
        86,
        37,
        "28,636"
      ],
      "classification_label": "S-sub_total.subtotal_price",
      "box_id": 2,
      "class_probability": 0.9971006512641907,
      "scores": [
        0.00012841200805269182,
        0.00012094754492864013,
        8.878160588210449e-05,
        6.888479401823133e-05,
        7.349844963755459e-05,
        8.521132258465514e-05,
        8.317781612277031e-05,
        0.0002975634124595672,
        6.464730540756136e-05,
        9.693028550827876e-05,
        8.823726238915697e-05,
        8.221738244174048e-05,
        8.11527279438451e-05,
        9.122557821683586e-05,
        9.013517410494387e-05,
        0.00022021595214027911,
        0.00010947884584311396,
        6.635890895267949e-05,
        6.205869431141764e-05,
        0.9971006512641907,
        5.858125223312527e-05,
        0.00011736307351384312,
        7.546296546934173e-05,
        6.0500278777908534e-05,
        6.12697986070998e-05,
        0.00012653633893933147,
        8.096132660284638e-05,
        5.437835352495313e-05,
        0.0001611195766599849,
        5.409407822298817e-05,
        5.005604907637462e-05
      ],
      "PSL_classification_label": "S-sub_total.subtotal_price",
      "PSL_lineitem_number": ""
    },
    {
      "bounding_box": [
        631,
        981,
        74,
        36,
        "2,864"
      ],
      "classification_label": "S-sub_total.tax_price",
      "box_id": 3,
      "class_probability": 0.9952309727668762,
      "scores": [
        0.00012671590957324952,
        0.0002788961282931268,
        0.00014072369958739728,
        7.721133442828432e-05,
        0.000140403863042593,
        0.00012363542919047177,
        0.00014555857342202216,
        0.00015582103515043855,
        0.00010044388909591362,
        0.0001235766103491187,
        0.0001079723660950549,
        0.00010432257113279775,
        9.364730794914067e-05,
        0.00018323732365388423,
        0.00013923300139140338,
        0.00042337647755630314,
        0.00034816499100998044,
        0.00017697279690764844,
        0.0004571354074869305,
        9.278234210796654e-05,
        0.9952309727668762,
        0.0001326362689724192,
        0.00013975435285829008,
        0.0001141001921496354,
        7.66291850595735e-05,
        0.00014848113642074168,
        9.517621219856665e-05,
        0.00013291103823576123,
        0.00022809256915934384,
        6.011149525875226e-05,
        0.00010111020674230531
      ],
      "PSL_classification_label": "S-sub_total.tax_price",
      "PSL_lineitem_number": ""
    },
    {
      "bounding_box": [
        619,
        1062,
        94,
        34,
        "31,500"
      ],
      "classification_label": "S-total.total_price",
      "box_id": 4,
      "class_probability": 0.9964063763618469,
      "scores": [
        0.00010293805826222524,
        8.969029295258224e-05,
        8.392622839892283e-05,
        0.0001083439783542417,
        0.00014073050988372415,
        0.00012488536594901234,
        7.492003351217136e-05,
        0.0001366098877042532,
        5.022080586059019e-05,
        0.0001319828734267503,
        0.000103693877463229,
        9.115476859733462e-05,
        6.639623461524025e-05,
        0.0001473607262596488,
        5.987837721477263e-05,
        8.99683655006811e-05,
        0.0002073348587146029,
        8.088605682132766e-05,
        0.00010635344369802624,
        0.00016405292262788862,
        0.00011274966527707875,
        0.00016318877169396728,
        0.00016015852452255785,
        0.0002121887227986008,
        0.00014422510867007077,
        0.00019720116688404232,
        6.279408989939839e-05,
        0.0001971007586689666,
        0.9964063763618469,
        6.629860581597313e-05,
        0.0001163879715022631
      ],
      "PSL_classification_label": "S-total.total_price",
      "PSL_lineitem_number": ""
    },
    {
      "bounding_box": [
        622,
        1143,
        91,
        29,
        "50,000"
      ],
      "classification_label": "S-total.cashprice",
      "box_id": 5,
      "class_probability": 0.9920058846473694,