{
  "scores_sequence": [
    "S-No_class",
    "S-menu.cnt",
    "S-menu.discountprice",
    "S-menu.etc",
    "S-menu.itemsubtotal",
    "S-menu.nm",
    "S-menu.num",
    "S-menu.price",
    "S-menu.sub_cnt",
    "S-menu.sub_etc",
    "S-menu.sub_nm",
    "S-menu.sub_price",
    "S-menu.sub_unitprice",
    "S-menu.unitprice",
    "S-menu.vatyn",
    "S-sub_total.discount_price",
    "S-sub_total.etc",
    "S-sub_total.othersvc_price",
    "S-sub_total.service_price",
    "S-sub_total.subtotal_price",
    "S-sub_total.tax_price",
    "S-total.cashprice",
    "S-total.changeprice",
    "S-total.creditcardprice",
    "S-total.emoneyprice",
    "S-total.menuqty_cnt",
    "S-total.menutype_cnt",
    "S-total.total_etc",
    "S-total.total_price",
    "S-void_menu.nm",
    "S-void_menu.price"
  ],
  "predictions": [
    {
      "bounding_box": [
        44,
        573,
        137,
        35,
        "ICED TT"
      ],
      "classification_label": "S-menu.nm",
      "box_id": 0,
      "class_probability": 0.9968781471252441,
      "scores": [
        0.00011758254549931735,
        7.927547267172486e-05,
        5.064232391305268e-05,
        0.00015267403796315193,
        8.915995567804202e-05,
        0.9968781471252441,
        0.00022671719489153475,
        8.254476415459067e-05,
        6.051008676877245e-05,
        0.00012653839075937867,
        0.0004066905239596963,
        4.612188786268234e-05,
        4.388081288198009e-05,
        6.804117583669722e-05,
        0.00013240448606666178,
        0.00011538452235981822,
        7.976826600497589e-05,
        0.0001110579032683745,
        6.484273035312071e-05,
        8.238416921813041e-05,
        8.669505041325465e-05,
        0.00012167594104539603,
        6.125881191110238e-05,
        7.103239477146417e-05,
        6.115753058111295e-05,
        5.376312765292823e-05,
        6.611880235141143e-05,
        7.366602221736684e-05,
        0.00016703228175174445,
        0.0001315305707976222,
        9.170210250886157e-05
      ],
      "PSL_classification_label": "S-menu.nm",
      "PSL_lineitem_number": 1
    },
    {
      "bounding_box": [
        361,
        562,
        123,
        42,
        "20,000"
      ],
      "classification_label": "S-menu.price",
      "box_id": 1,
      "class_probability": 0.9971535205841064,
      "scores": [
        4.138949225307442e-05,
        5.418539512902498e-05,
        5.5444925237679854e-05,
        7.849808025639504e-05,
        6.13569573033601e-05,
        7.02951947459951e-05,
        7.355345587711781e-05,
        0.9971535205841064,
        6.193716399138793e-05,
        4.447423998499289e-05,
        7.541279046563432e-05,
        0.00014937059313524514,
        4.7116074711084366e-05,
        0.0008307460811920464,
        0.00010351513628847897,
        4.6910190576454625e-05,
        5.522950232261792e-05,
        5.521043931366876e-05,
        5.222620166023262e-05,
        9.152148413704708e-05,
        8.125034946715459e-05,
        0.00011116350651718676,
        6.693103205179796e-05,
        3.422103691264056e-05,
        6.270235462579876e-05,
        4.21245968027506e-05,
        3.9410639146808535e-05,
        6.484895857283846e-05,
        0.00012959486048202962,
        8.237777365138754e-05,
        8.343256922671571e-05
      ],
      "PSL_classification_label": "S-menu.price",
      "PSL_lineitem_number": 1
    },
    {
      "bounding_box": [
        288,
        589,
        190,
        44,
        "20,000"
      ],
      "classification_label": "S-total.total_price",
      "box_id": 2,
      "class_probability": 0.9952936768531799,
      "scores": [
        0.00012615823652595282,
        0.0001515535550424829,
        0.00010897748870775104,
        0.00010230938642052934,
        0.00015812339552212507,
        0.0001986048446269706,
        8.759527554502711e-05,
        0.00027205076185055077,
        5.7669902162160724e-05,
        0.0001438836334273219,
        9.630813292460516e-05,
        9.544508066028357e-05,
        6.87371357344091e-05,
        0.00021574045240413398,
        7.215023651951924e-05,
        9.59078679443337e-05,
        0.00021155313879717141,
        9.503907494945452e-05,
        0.00010565300908638164,
        0.0004312766541261226,
        0.00012788150343112648,
        0.0004928862908855081,
        0.00015628477558493614,
        0.00022732448996976018,
        0.00010637336526997387,
        0.00020695169223472476,
        7.834986899979413e-05,
        0.00021270726574584842,
        0.9952936768531799,
        7.636101508978754e-05,
        0.0001263789745280519
      ],
      "PSL_classification_label": "S-total.total_price",
      "PSL_lineitem_number": 1
    },
    {
      "bounding_box": [
        376,
        624,
        109,
        46,
        "50,000"
      ],
      "classification_label": "S-total.cashprice",
      "box_id": 3,
      "class_probability": 0.9926636219024658,
      "scores": [
        0.0001925887045217678,
        0.00018387040472589433,
        0.0001366565265925601,
        9.801745909499004e-05,
        0.00013264836161397398,
        0.0002741218777373433,
        0.00013933242007624358,
        0.0002910216571763158,
        0.00024440058041363955,
        9.796662197913975e-05,
        0.00023528757446911186,
        0.00016175983182620257,
        0.0002213615080108866,
        0.0003479675215203315,
        0.0001558771327836439,
        8.100261038634926e-05,
        0.0001408055395586416,
        0.00027137744473293424,
        0.0001716780534479767,
        0.00023381548817269504,
        0.0001083807583199814,
        0.9926636219024658,
        0.0005442372057586908,
        0.00017042882973328233,
        0.00024440031847916543,
        0.00011533705401234329,
        0.00026897835778072476,
        0.0016795259434729815,
        7.379487215075642e-05,
        0.00016545709513593465,
        0.0001543283142382279
      ],
      "PSL_classification_label": "S-total.cashprice",
      "PSL_lineitem_number": ""
    },
    {
      "bounding_box": [
        376,
        655,
        109,
        48,
        "30,000"
      ],
      "classification_label": "S-total.changeprice",
      "box_id": 4,
      "class_probability": 0.9958881735801697,
      "scores": [
        6.417463737307116e-05,
        0.00016205252904910594,
        8.551702921977267e-05,
        0.0001371731486869976,
        0.00012237127521075308,
        0.00012116495054215193,
        0.00019265110313426703,
        0.00015603280917275697,
        6.647128611803055e-05,
        6.41959995846264e-05,
        0.0001809597888495773,
        9.959697490558028e-05,
        0.00011779378837672994,
        0.0002107971376972273,
        8.527898171450943e-05,
        9.763445996213704e-05,
        0.0001149278978118673,
        0.00011273079144302756,
        0.00014637586718890816,
        0.00016883884381968528,
        0.00020580388081725687,
        0.00019249040633440018,
        0.9958881735801697,
        0.00015436785179190338,
        0.00019241937843617052,
        0.0001589514868101105,
        0.00016988271090667695,
        0.00020408880664035678,
        0.00012628694821614772,
        0.0001060977010638453,
        9.478664287598804e-05
      ],
      "PSL_classification_label": "S-total.changeprice",
      "PSL_lineitem_number": ""
    }
  ]
}