{
  "scores_sequence": [
    "S-No_class",
    "S-menu.cnt",
    "S-menu.discountprice",
    "S-menu.etc",
    "S-menu.itemsubtotal",
    "S-menu.nm",
    "S-menu.num",
    "S-menu.price",
    "S-menu.sub_cnt",
    "S-menu.sub_etc",
    "S-menu.sub_nm",
    "S-menu.sub_price",
    "S-menu.sub_unitprice",
    "S-menu.unitprice",
    "S-menu.vatyn",
    "S-sub_total.discount_price",
    "S-sub_total.etc",
    "S-sub_total.othersvc_price",
    "S-sub_total.service_price",
    "S-sub_total.subtotal_price",
    "S-sub_total.tax_price",
    "S-total.cashprice",
    "S-total.changeprice",
    "S-total.creditcardprice",
    "S-total.emoneyprice",
    "S-total.menuqty_cnt",
    "S-total.menutype_cnt",
    "S-total.total_etc",
    "S-total.total_price",
    "S-void_menu.nm",
    "S-void_menu.price"
  ],
  "predictions": [
    {
      "bounding_box": [
        1358,
        1909,
        198,
        114,
        "24.000"
      ],
      "classification_label": "S-total.total_price",
      "box_id": 0,
      "class_probability": 0.9965829253196716,
      "scores": [
        0.0001004093574010767,
        9.709305595606565e-05,
        7.546457345597446e-05,
        9.788686293177307e-05,
        0.00013820844469591975,
        0.00011342963261995465,
        7.618886593263596e-05,
        0.0001499923673691228,
        4.137192081543617e-05,
        0.00011984397133346647,
        7.23274570191279e-05,
        9.642387158237398e-05,
        6.438068521674722e-05,
        0.0001343685871688649,
        7.238439138745889e-05,
        9.149545803666115e-05,
        0.00017846109403762966,
        6.794250657549128e-05,
        8.712433918844908e-05,
        0.00017286339425481856,
        0.00013653040514327586,
        0.00012615384184755385,
        0.00011389443534426391,
        0.00027722035883925855,
        0.00011373574670869857,
        0.00017857123748399317,
        6.591647979803383e-05,
        0.00017768144607543945,
        0.9965829253196716,
        6.31250295555219e-05,
        0.00011678454757202417
      ],
      "PSL_classification_label": "S-total.total_price",
      "PSL_lineitem_number": ""
    },
    {
      "bounding_box": [
        1369,
        2088,
        180,
        66,
        "50.000"
      ],
      "classification_label": "S-total.cashprice",
      "box_id": 1,
      "class_probability": 0.9934252500534058,
      "scores": [
        0.00014877819921821356,
        0.00012764142593368888,
        0.00011891397298313677,
        9.378670802107081e-05,
        0.00011425554112065583,
        0.0002799689827952534,
        0.00012098580918973312,
        0.0002491577761247754,
        0.00023283957852981985,
        9.40294994506985e-05,
        0.00017475304775871336,
        0.0001301950542256236,
        0.00015576423902530223,
        0.00025784349418245256,
        0.00013321315054781735,
        7.697178807575256e-05,
        0.00013454379222821444,
        0.00023059001250658184,
        0.00014943358837626874,
        0.00015525911294389516,
        9.980887261917815e-05,
        0.9934252500534058,
        0.00044516639900393784,
        0.00018189786351285875,
        0.00023948887246660888,
        9.722910908749327e-05,
        0.00022110689315013587,
        0.0017610779032111168,
        6.369195762090385e-05,
        0.00015887230983935297,
        0.00012746613356284797
      ],
      "PSL_classification_label": "S-total.cashprice",
      "PSL_lineitem_number": ""
    },
    {
      "bounding_box": [
        1371,
        2164,
        178,
        62,
        "26.000"
      ],
      "classification_label": "S-total.changeprice",
      "box_id": 2,
      "class_probability": 0.9961735606193542,
      "scores": [
        6.113798008300364e-05,
        0.0001444184745196253,
        7.593202462885529e-05,
        0.00012463645543903112,
        0.00011558359983609989,
        0.00010378994193160906,
        0.00015661907673347741,
        0.00016121973749250174,
        6.509419472422451e-05,
        6.263391696847975e-05,
        0.00014929939061403275,
        0.00012276560300961137,
        0.00011736492888303474,
        0.00017688312800601125,
        8.333363803103566e-05,
        8.263617928605527e-05,
        9.266541746910661e-05,
        0.0001137790604843758,
        0.0001330628147115931,
        0.00015472504310309887,
        0.0001381041220156476,
        0.00019247103773523122,
        0.9961735606193542,
        0.00013037929602432996,
        0.000181634008185938,
        0.00014711204858031124,
        0.00020247865177225322,
        0.00023025245172902942,
        0.00010062151704914868,
        0.00010002812632592395,
        0.00010581501555861905
      ],
      "PSL_classification_label": "S-total.changeprice",
      "PSL_lineitem_number": ""
    },
    {
      "bounding_box": [
        1365,
        1769,
        184,
        58,
        "24.000"
      ],
      "classification_label": "S-sub_total.subtotal_price",
      "box_id": 3,
      "class_probability": 0.994474470615387,
      "scores": [
        0.00012217623589094728,
        0.00015692721353843808,
        0.00016513362061232328,
        0.00012311580940149724,
        0.00010478409240022302,
        0.0001309904910158366,
        8.16390966065228e-05,
        0.0002916120574809611,
        7.087592530297115e-05,
        0.00015453451487701386,
        0.00014627266500610858,
        0.0001790193928172812,
        0.00011161710426677018,
        0.00017332944844383746,
        0.00012060195876983926,
        0.0005925995646975935,
        0.0009674204047769308,
        8.89369985088706e-05,
        8.289593824883923e-05,
        0.994474470615387,
        0.00025914236903190613,
        0.0001207195600727573,
        0.0001282140874536708,
        0.00010985227709170431,
        0.0001703399611869827,
        0.00019336996774654835,
        9.797849634196609e-05,
        7.545616244897246e-05,
        0.00033641926711425185,
        9.40947065828368e-05,
        7.547689892817289e-05
      ],
      "PSL_classification_label": "S-sub_total.subtotal_price",
      "PSL_lineitem_number": ""
    },
    {
      "bounding_box": [
        356,
        1527,
        550,
        85,
        "THAI ICED GREEN TEA"
      ],
      "classification_label": "S-menu.nm",
      "box_id": 4,
      "class_probability": 0.9969196319580078,
      "scores": [
        0.00012193947623018175,
        8.385621913475916e-05,
        4.924155291519128e-05,
        0.0001707182382233441,
        0.00010094310709973797,
        0.9969196319580078,
        0.0002618387225084007,
        7.816028664819896e-05,
        5.692705599358305e-05,
        0.0001040169590851292,
        0.0002988482010550797,
        5.079311813460663e-05,
        4.58149952464737e-05,
        6.484122422989458e-05,
        0.00011830766015918925,
        0.00010763245518319309,
        0.00010418017336633056,
        9.550176764605567e-05,
        6.395007949322462e-05,
        8.550492202630267e-05,
        9.506732021691278e-05,
        0.00013376143760979176,
        7.515332254115492e-05,
        7.41256881156005e-05,
        7.053190347505733e-05,
        6.266916898312047e-05,
        6.518328154925257e-05,
        7.050191197777167e-05,
        0.00018443047883920372,
        0.00010635151556925848,
        7.952403393574059e-05
      ],
      "PSL_classification_label": "S-menu.nm",
      "PSL_lineitem_number": 1
    },
    {
      "bounding_box": [
        385,
        1605,
        35,
        59,
        "1"
      ],
      "classification_label": "S-menu.cnt",
      "box_id": 5,
      "class_probability": 0.9962131977081299,