{
  "scores_sequence": [
    "S-No_class",
    "S-menu.cnt",
    "S-menu.discountprice",
    "S-menu.etc",
    "S-menu.itemsubtotal",
    "S-menu.nm",
    "S-menu.num",
    "S-menu.price",
    "S-menu.sub_cnt",
    "S-menu.sub_etc",
    "S-menu.sub_nm",
    "S-menu.sub_price",
    "S-menu.sub_unitprice",
    "S-menu.unitprice",
    "S-menu.vatyn",
    "S-sub_total.discount_price",
    "S-sub_total.etc",
    "S-sub_total.othersvc_price",
    "S-sub_total.service_price",
    "S-sub_total.subtotal_price",
    "S-sub_total.tax_price",
    "S-total.cashprice",
    "S-total.changeprice",
    "S-total.creditcardprice",
    "S-total.emoneyprice",
    "S-total.menuqty_cnt",
    "S-total.menutype_cnt",
    "S-total.total_etc",
    "S-total.total_price",
    "S-void_menu.nm",
    "S-void_menu.price"
  ],
  "predictions": [
    {
      "bounding_box": [
        201,
        537,
        15,
        26,
        "1"
      ],
      "classification_label": "S-menu.cnt",
      "box_id": 0,
      "class_probability": 0.998370349407196,
      "scores": [
        6.878969725221395e-05,
        0.998370349407196,
        6.474240217357874e-05,
        5.7971104979515076e-05,
        3.9578695577802137e-05,
        4.873618672718294e-05,
        5.205324850976467e-05,
        2.1211088096606545e-05,
        0.00016545566904824227,
        4.610413816408254e-05,
        3.6671604902949184e-05,
        5.210386007092893e-05,
        6.169126572785899e-05,
        4.7642453864682466e-05,
        4.217129753669724e-05,
        3.9611320971744135e-05,
        3.6425662983674556e-05,
        3.019373252755031e-05,
        6.610634591197595e-05,
        5.589928332483396e-05,
        7.069452112773433e-05,
        5.9663812862709165e-05,
        4.910479765385389e-05,
        5.718141619581729e-05,
        5.9591533499769866e-05,
        5.7307253882754594e-05,
        7.709547935519367e-05,
        3.12001102429349e-05,
        5.8757184888236225e-05,
        3.246728010708466e-05,
        4.3296375224599615e-05
      ],
      "PSL_classification_label": "S-menu.cnt",
      "PSL_lineitem_number": 1
    },
    {
      "bounding_box": [
        225,
        535,
        296,
        32,
        "APPLE CINNAMON PASTRY"
      ],
      "classification_label": "S-menu.nm",
      "box_id": 1,
      "class_probability": 0.9971631169319153,
      "scores": [
        9.154959843726829e-05,
        6.694667536066845e-05,
        3.2532996556255966e-05,
        0.00014769234985578805,
        8.64529429236427e-05,
        0.9971631169319153,
        0.0001742845488479361,
        7.957130583235994e-05,
        5.395649714046158e-05,
        0.00010564572585280985,
        0.00044452049769461155,
        4.811450344277546e-05,
        4.402213744469918e-05,
        9.063562174560502e-05,
        0.00012110216630389914,
        9.121720358962193e-05,
        7.559575897175819e-05,
        8.598862041253597e-05,
        6.045769259799272e-05,
        7.186392758740112e-05,
        7.478276529582217e-05,
        0.00010617195221129805,
        5.578432319452986e-05,
        6.182221113704145e-05,
        6.759579264326021e-05,
        4.820420508622192e-05,
        6.120734178693965e-05,
        6.543828203575686e-05,
        0.00014057198131922632,
        0.00011450948659330606,
        6.869006756460294e-05
      ],
      "PSL_classification_label": "S-menu.nm",
      "PSL_lineitem_number": 1
    },
    {
      "bounding_box": [
        610,
        537,
        90,
        31,
        "22,000"
      ],
      "classification_label": "S-menu.price",
      "box_id": 2,
      "class_probability": 0.998136043548584,
      "scores": [
        3.405781535548158e-05,
        4.0102862840285525e-05,
        5.0010636186925694e-05,
        6.506786303361878e-05,
        4.429074397194199e-05,
        5.347035403246991e-05,
        5.9995025367243215e-05,
        0.998136043548584,
        7.080631621647626e-05,
        3.751826079678722e-05,
        5.588179556070827e-05,
        0.00015452400839421898,
        3.597115573938936e-05,
        0.00017390989523846656,
        8.257329318439588e-05,
        4.479373092181049e-05,
        3.9442475099349394e-05,
        5.267260712571442e-05,
        5.0232232752023265e-05,
        5.866126957698725e-05,
        6.29987262072973e-05,
        0.00010250610648654401,
        6.010090874042362e-05,
        2.833391226886306e-05,
        5.428442818811163e-05,
        3.450383519520983e-05,
        3.545125218806788e-05,
        5.638344009639695e-05,
        7.946229743538424e-05,
        7.127201388357207e-05,
        7.467134855687618e-05
      ],
      "PSL_classification_label": "S-menu.price",
      "PSL_lineitem_number": 1
    },
    {
      "bounding_box": [
        197,
        568,
        20,
        29,
        "2"
      ],
      "classification_label": "S-menu.cnt",
      "box_id": 3,
      "class_probability": 0.9983021020889282,
      "scores": [
        6.590361590497196e-05,
        0.9983021020889282,
        6.296085484791547e-05,
        6.024123649694957e-05,
        3.941823888453655e-05,
        4.2793399188667536e-05,
        4.905833338852972e-05,
        2.4440818378934637e-05,
        0.00022337980044540018,
        4.626804366125725e-05,
        3.579831536626443e-05,
        4.758570867124945e-05,
        6.68787834001705e-05,
        4.683313090936281e-05,
        4.222338247927837e-05,
        3.56995478796307e-05,
        3.46389933838509e-05,
        2.9372200515354052e-05,
        6.345751171465963e-05,
        5.678803427144885e-05,
        5.934677392360754e-05,
        6.513339030789211e-05,
        5.1560928113758564e-05,
        6.180194031912833e-05,
        6.055244375602342e-05,
        7.537368219345808e-05,
        8.560414426028728e-05,
        3.157211540383287e-05,
        5.5144144425867125e-05,
        3.32855706801638e-05,
        4.467647158890031e-05
      ],
      "PSL_classification_label": "S-menu.cnt",
      "PSL_lineitem_number": 2
    },
    {
      "bounding_box": [
        225,
        568,
        240,
        29,
        "ROYAL CHEESE TART"
      ],
      "classification_label": "S-menu.nm",
      "box_id": 4,
      "class_probability": 0.996821403503418,
      "scores": [
        9.93577268673107e-05,
        6.329912866931409e-05,
        3.7346166209317744e-05,
        0.0001705003232927993,
        8.819992945063859e-05,
        0.996821403503418,
        0.00018499288125894964,
        7.88452016422525e-05,
        5.843090184498578e-05,
        0.00011141107825096697,
        0.0006597694591619074,
        4.9676280468702316e-05,
        4.421056291903369e-05,
        9.173580474453047e-05,
        0.00012701806554105133,
        8.789520506979898e-05,
        7.928812556201592e-05,
        9.597661846783012e-05,
        6.381834100466222e-05,
        8.111630450002849e-05,
        7.650718907825649e-05,
        0.00011094932415289804,
        6.195457535795867e-05,
        6.505886995000765e-05,
        7.131002348614857e-05,
        5.5473257816629484e-05,
        6.215495523065329e-05,
        6.927310460014269e-05,
        0.00013975972251500934,
        0.0001169532843050547,
        7.626481965417042e-05
      ],
      "PSL_classification_label": "S-menu.nm",
      "PSL_lineitem_number": 2
    },
    {
      "bounding_box": [
        612,
        570,
        92,
        30,
        "32,000"
      ],
      "classification_label": "S-menu.price",
      "box_id": 5,
      "class_probability": 0.9969292283058167,