{
  "scores_sequence": [
    "S-No_class",
    "S-menu.cnt",
    "S-menu.discountprice",
    "S-menu.etc",
    "S-menu.itemsubtotal",
    "S-menu.nm",
    "S-menu.num",
    "S-menu.price",
    "S-menu.sub_cnt",
    "S-menu.sub_etc",
    "S-menu.sub_nm",
    "S-menu.sub_price",
    "S-menu.sub_unitprice",
    "S-menu.unitprice",
    "S-menu.vatyn",
    "S-sub_total.discount_price",
    "S-sub_total.etc",
    "S-sub_total.othersvc_price",
    "S-sub_total.service_price",
    "S-sub_total.subtotal_price",
    "S-sub_total.tax_price",
    "S-total.cashprice",
    "S-total.changeprice",
    "S-total.creditcardprice",
    "S-total.emoneyprice",
    "S-total.menuqty_cnt",
    "S-total.menutype_cnt",
    "S-total.total_etc",
    "S-total.total_price",
    "S-void_menu.nm",
    "S-void_menu.price"
  ],
  "predictions": [
    {
      "bounding_box": [
        1829,
        2379,
        352,
        123,
        "40,000"
      ],
      "classification_label": "S-total.total_price",
      "box_id": 0,
      "class_probability": 0.9959381818771362,
      "scores": [
        9.504757326794788e-05,
        0.00013243616558611393,
        8.130959031404927e-05,
        8.946247544372454e-05,
        0.00016571943706367165,
        0.00012615520972758532,
        8.042163972277194e-05,
        0.0002945269225165248,
        4.921926301904023e-05,
        0.00015048659406602383,
        8.726881787879393e-05,
        0.00011059242388000712,
        5.4605283366981894e-05,
        0.00019880017498508096,
        9.492781828157604e-05,
        0.00011196714331163093,
        0.00024781248066574335,
        7.916817412478849e-05,
        0.00010858294263016433,
        0.00043360708514228463,
        0.00020881262025795877,
        0.0001487962290411815,
        0.0001115203122026287,
        0.0001895832538139075,
        9.277110075345263e-05,
        0.00013304913591127843,
        5.981190042803064e-05,
        0.00016633124323561788,
        0.9959381818771362,
        5.8267884014640003e-05,
        0.00010067019320558757
      ],
      "PSL_classification_label": "S-total.total_price",
      "PSL_lineitem_number": ""
    },
    {
      "bounding_box": [
        714,
        2490,
        424,
        115,
        "100,000"
      ],
      "classification_label": "S-total.cashprice",
      "box_id": 1,
      "class_probability": 0.9905617833137512,
      "scores": [
        0.00012709629663731903,
        0.0001112090321839787,
        0.00012762197002302855,
        0.00011743415234377608,
        0.0001394561113556847,
        0.00015188820543698967,
        0.00013316974218469113,
        0.0003032188396900892,
        0.00024038361152634025,
        0.00014442086103372276,
        0.00015681701188441366,
        0.0001211265625897795,
        0.0002377759519731626,
        0.0003284081758465618,
        0.0001755858538672328,
        0.00013670323824044317,
        0.0002577830746304244,
        0.0002694346767384559,
        0.00014369902783073485,
        0.0002563936577644199,
        0.00016263168072327971,
        0.9905617833137512,
        0.00045679634786210954,
        0.0003689553705044091,
        0.00020289738313294947,
        9.099627641262487e-05,
        0.00021458744595292956,
        0.0039017219096422195,
        9.071156091522425e-05,
        0.00013961885997559875,
        0.00012972696276847273
      ],
      "PSL_classification_label": "S-total.cashprice",
      "PSL_lineitem_number": ""
    },
    {
      "bounding_box": [
        1829,
        2498,
        327,
        119,
        "60,000"
      ],
      "classification_label": "S-total.changeprice",
      "box_id": 2,
      "class_probability": 0.9951738715171814,
      "scores": [
        6.369087350321934e-05,
        0.00012539820454549044,
        0.00010089519491884857,
        0.00013621897960547358,
        0.00011802910739788786,
        8.697949670022354e-05,
        0.0001696634280961007,
        0.0002234224375570193,
        7.461095083272085e-05,
        6.87060528434813e-05,
        0.0001426854869350791,
        0.00016736375982873142,
        0.00012085758498869836,
        0.00017234822735190392,
        8.401391824008897e-05,
        0.00016901922936085612,
        0.00011831546726170927,
        0.00011223965702811256,
        0.000138281931867823,
        0.000289630435872823,
        0.00022434929269365966,
        0.0004012390272691846,
        0.9951738715171814,
        0.0002865180722437799,
        0.00033739369246177375,
        8.78553546499461e-05,
        0.00012976318248547614,
        0.00031220915843732655,
        0.00010164347622776404,
        0.00012951505777891725,
        0.00013334688264876604
      ],
      "PSL_classification_label": "S-total.changeprice",
      "PSL_lineitem_number": ""
    },
    {
      "bounding_box": [
        603,
        2297,
        55,
        103,
        "1"
      ],
      "classification_label": "S-total.menuqty_cnt",
      "box_id": 3,
      "class_probability": 0.9889200329780579,
      "scores": [
        0.0002781798830255866,
        0.0003595105081330985,
        0.000194141422980465,
        0.00024709480931051075,
        0.0002140626747859642,
        0.00021177124290261418,
        0.00023247765784617513,
        0.00015851345960982144,
        0.0003856403927784413,
        0.00019507775141391903,
        0.00021994049893692136,
        0.0002925248409155756,
        0.00034005570341832936,
        0.00024662393843755126,
        0.00015032691590022296,
        6.763046985724941e-05,
        0.00024170854885596782,
        0.00013395801943261176,
        0.0001933030434884131,
        0.000257605075603351,
        0.0001477106416132301,
        9.455897088628262e-05,
        0.00031006112112663686,
        0.0001411771954735741,
        0.00013670424232259393,
        0.9889200329780579,
        0.004810791928321123,
        0.0002747694088611752,
        0.00020771680283360183,
        0.00013865217624697834,
        0.000197641144040972
      ],
      "PSL_classification_label": "S-total.menuqty_cnt",
      "PSL_lineitem_number": ""
    },
    {
      "bounding_box": [
        172,
        1970,
        56,
        98,
        "1"
      ],
      "classification_label": "S-menu.cnt",
      "box_id": 4,
      "class_probability": 0.9970324039459229,
      "scores": [
        8.38643463794142e-05,
        0.9970324039459229,
        7.863133942009881e-05,
        7.614033529534936e-05,
        5.068422615295276e-05,
        7.570365414721891e-05,
        8.561176946386695e-05,
        3.132356141577475e-05,
        0.001182410167530179,
        6.260767986532301e-05,
        3.6849443858955055e-05,
        5.1661660108948126e-05,
        7.15857750037685e-05,
        4.0619797800900415e-05,
        5.227955261943862e-05,
        4.769040970131755e-05,
        4.362654362921603e-05,
        3.769234172068536e-05,
        7.94212392065674e-05,
        6.171114364406094e-05,
        8.590767538407817e-05,
        7.077080226736143e-05,
        5.669250094797462e-05,
        6.150240369606763e-05,
        5.94484263274353e-05,
        9.276033961214125e-05,
        0.00010661652777343988,
        3.3739317586878315e-05,
        4.9407350161345676e-05,
        4.1106486605713144e-05,
        5.960783892078325e-05
      ],
      "PSL_classification_label": "S-menu.cnt",
      "PSL_lineitem_number": 1
    },
    {
      "bounding_box": [
        391,
        1957,
        1007,
        131,
        "XXL Crispy Chicken"
      ],
      "classification_label": "S-menu.nm",
      "box_id": 5,
      "class_probability": 0.9963957667350769,