{
  "scores_sequence": [
    "S-No_class",
    "S-menu.cnt",
    "S-menu.discountprice",
    "S-menu.etc",
    "S-menu.itemsubtotal",
    "S-menu.nm",
    "S-menu.num",
    "S-menu.price",
    "S-menu.sub_cnt",
    "S-menu.sub_etc",
    "S-menu.sub_nm",
    "S-menu.sub_price",
    "S-menu.sub_unitprice",
    "S-menu.unitprice",
    "S-menu.vatyn",
    "S-sub_total.discount_price",
    "S-sub_total.etc",
    "S-sub_total.othersvc_price",
    "S-sub_total.service_price",
    "S-sub_total.subtotal_price",
    "S-sub_total.tax_price",
    "S-total.cashprice",
    "S-total.changeprice",
    "S-total.creditcardprice",
    "S-total.emoneyprice",
    "S-total.menuqty_cnt",
    "S-total.menutype_cnt",
    "S-total.total_etc",
    "S-total.total_price",
    "S-void_menu.nm",
    "S-void_menu.price"
  ],
  "predictions": [
    {
      "bounding_box": [
        153,
        495,
        10,
        16,
        "1"
      ],
      "classification_label": "S-menu.cnt",
      "box_id": 0,
      "class_probability": 0.9983994364738464,
      "scores": [
        6.840701826149598e-05,
        0.9983994364738464,
        6.0114874941064045e-05,
        5.6366487115155905e-05,
        3.848001142614521e-05,
        5.7617726270109415e-05,
        5.37210471520666e-05,
        1.9653143681352958e-05,
        0.00016986568516585976,
        4.494043969316408e-05,
        3.74738774553407e-05,
        5.339349445421249e-05,
        5.8920450101140887e-05,
        4.522273229667917e-05,
        4.104313484276645e-05,
        3.658683999674395e-05,
        3.191109499312006e-05,
        3.208236739737913e-05,
        6.433585076592863e-05,
        5.2503131882986054e-05,
        7.044137601042166e-05,
        5.2476847486104816e-05,
        4.7527122660540044e-05,
        5.053059066995047e-05,
        5.771462747361511e-05,
        5.7028362789424136e-05,
        7.917808397905901e-05,
        2.918025893450249e-05,
        6.067430877010338e-05,
        3.0748302378924564e-05,
        4.225159136694856e-05
      ],
      "PSL_classification_label": "S-menu.cnt",
      "PSL_lineitem_number": 2
    },
    {
      "bounding_box": [
        169,
        491,
        136,
        24,
        "Ptgs Eggtart"
      ],
      "classification_label": "S-menu.nm",
      "box_id": 1,
      "class_probability": 0.996009111404419,
      "scores": [
        0.00014051176549401134,
        8.614019316155463e-05,
        5.229053567745723e-05,
        0.0001805442589102313,
        9.961733303498477e-05,
        0.996009111404419,
        0.00023004107060842216,
        0.00012588643585331738,
        6.476878479588777e-05,
        0.00013022830535192043,
        0.0006860213470645249,
        6.492419197456911e-05,
        6.076861609471962e-05,
        0.00012483354657888412,
        0.00018470417126081884,
        0.00013219624815974385,
        9.626740211388096e-05,
        0.00011527249444043264,
        8.29954442451708e-05,
        0.00012918787251692265,
        0.00010687532630981877,
        0.00017023389227688313,
        7.829142123227939e-05,
        9.257760393666103e-05,
        9.46957734413445e-05,
        6.199725612532347e-05,
        7.234070653794333e-05,
        9.413957013748586e-05,
        0.00019914984295610338,
        0.00014314406143967062,
        9.01837192941457e-05
      ],
      "PSL_classification_label": "S-menu.nm",
      "PSL_lineitem_number": 2
    },
    {
      "bounding_box": [
        387,
        493,
        72,
        22,
        "12,000"
      ],
      "classification_label": "S-menu.price",
      "box_id": 2,
      "class_probability": 0.9982499480247498,
      "scores": [
        3.3306092518614605e-05,
        3.8423066143877804e-05,
        4.860183980781585e-05,
        6.164619117043912e-05,
        4.156449722358957e-05,
        5.491125557455234e-05,
        5.7333247241331264e-05,
        0.9982499480247498,
        6.848305929452181e-05,
        3.712268880917691e-05,
        5.440729364636354e-05,
        0.00013615858915727586,
        3.440009822952561e-05,
        0.00016211123147513717,
        8.425593114225194e-05,
        4.235006417729892e-05,
        3.979133543907665e-05,
        4.9829141062218696e-05,
        4.423669815878384e-05,
        5.176471677259542e-05,
        6.111007678555325e-05,
        8.438870281679556e-05,
        5.637073263642378e-05,
        2.6543424610281363e-05,
        5.1314538723090664e-05,
        3.0875831726007164e-05,
        3.44725776812993e-05,
        5.353432061383501e-05,
        7.089102291502059e-05,
        6.694924377370626e-05,
        7.284528692252934e-05
      ],
      "PSL_classification_label": "S-menu.price",
      "PSL_lineitem_number": 2
    },
    {
      "bounding_box": [
        149,
        519,
        12,
        16,
        "1"
      ],
      "classification_label": "S-menu.cnt",
      "box_id": 3,
      "class_probability": 0.9984655380249023,
      "scores": [
        6.13860902376473e-05,
        0.9984655380249023,
        5.675341890309937e-05,
        5.344058808987029e-05,
        3.6093701055506244e-05,
        4.8366924602305517e-05,
        4.849199467571452e-05,
        1.917344161483925e-05,
        0.00020030065206810832,
        4.2454168578842655e-05,
        3.356329398229718e-05,
        4.685701787821017e-05,
        5.5324224376818165e-05,
        3.8246904296102e-05,
        3.722448673215695e-05,
        3.0254637749749236e-05,
        3.1366496841656044e-05,
        2.98804952763021e-05,
        6.00176899752114e-05,
        4.807206641999073e-05,
        5.9524172684177756e-05,
        5.2763916755793616e-05,
        4.7378616727655753e-05,
        5.2438146667554975e-05,
        5.541361679206602e-05,
        6.504826160380617e-05,
        7.767754868837073e-05,
        2.8618136639124714e-05,
        4.801575414603576e-05,
        2.8584885512827896e-05,
        4.148855805397034e-05
      ],
      "PSL_classification_label": "S-menu.cnt",
      "PSL_lineitem_number": 2
    },
    {
      "bounding_box": [
        167,
        513,
        116,
        22,
        "Choco Melt"
      ],
      "classification_label": "S-menu.nm",
      "box_id": 4,
      "class_probability": 0.9957436919212341,
      "scores": [
        0.0001460176717955619,
        8.39863860164769e-05,
        5.4833497415529564e-05,
        0.00019555148901417851,
        0.00010441146150697023,
        0.9957436919212341,
        0.00025037096929736435,
        0.0001239636621903628,
        6.743985431967303e-05,
        0.00013534196477849036,
        0.0008694957941770554,
        6.57293203403242e-05,
        6.288784061325714e-05,
        0.0001294191461056471,
        0.00018005962192546576,
        0.00012934845290146768,
        0.0001015253146761097,
        0.00012196102761663496,
        8.622218592790887e-05,
        0.00013838933955412358,
        0.000107153071439825,
        0.00016144274559337646,
        8.178844291251153e-05,
        9.146732918452471e-05,
        9.482965833740309e-05,
        6.778760871384293e-05,
        7.212478521978483e-05,
        9.304960985900834e-05,
        0.00020068624871782959,
        0.00014471398026216775,
        9.435965330339968e-05
      ],
      "PSL_classification_label": "S-menu.nm",
      "PSL_lineitem_number": 2
    },
    {
      "bounding_box": [
        389,
        515,
        72,
        25,
        "11,000"
      ],
      "classification_label": "S-menu.price",
      "box_id": 5,
      "class_probability": 0.998221218585968,