{
  "scores_sequence": [
    "S-No_class",
    "S-menu.cnt",
    "S-menu.discountprice",
    "S-menu.etc",
    "S-menu.itemsubtotal",
    "S-menu.nm",
    "S-menu.num",
    "S-menu.price",
    "S-menu.sub_cnt",
    "S-menu.sub_etc",
    "S-menu.sub_nm",
    "S-menu.sub_price",
    "S-menu.sub_unitprice",
    "S-menu.unitprice",
    "S-menu.vatyn",
    "S-sub_total.discount_price",
    "S-sub_total.etc",
    "S-sub_total.othersvc_price",
    "S-sub_total.service_price",
    "S-sub_total.subtotal_price",
    "S-sub_total.tax_price",
    "S-total.cashprice",
    "S-total.changeprice",
    "S-total.creditcardprice",
    "S-total.emoneyprice",
    "S-total.menuqty_cnt",
    "S-total.menutype_cnt",
    "S-total.total_etc",
    "S-total.total_price",
    "S-void_menu.nm",
    "S-void_menu.price"
  ],
  "predictions": [
    {
      "bounding_box": [
        185,
        572,
        22,
        22,
        "X"
      ],
      "classification_label": "S-menu.cnt",
      "box_id": 0,
      "class_probability": 0.9899048209190369,
      "scores": [
        0.000314621051074937,
        0.9899048209190369,
        0.00023101142141968012,
        0.0003887204802595079,
        0.0001963047543540597,
        0.0005626927013508976,
        0.0003612637519836426,
        0.00010965943511109799,
        0.0023012396413832903,
        0.00023895970662124455,
        0.0004080484504811466,
        0.000254123006016016,
        0.0003896699345204979,
        0.00015579625323880464,
        0.00019607068679761142,
        0.00014669421943835914,
        0.00012432406947482377,
        0.00012979529856238514,
        0.00023362688079942018,
        0.000259366788668558,
        0.0002747499383985996,
        0.00023061387764755636,
        0.00027647209935821593,
        0.00016449087706860155,
        0.00021213541913311929,
        0.0005083424621261656,
        0.000547042116522789,
        0.0001504044485045597,
        0.00029757709125988185,
        0.00017636409029364586,
        0.00025507164536975324
      ],
      "PSL_classification_label": "S-menu.cnt",
      "PSL_lineitem_number": 5
    },
    {
      "bounding_box": [
        187,
        653,
        20,
        24,
        "x"
      ],
      "classification_label": "S-menu.cnt",
      "box_id": 1,
      "class_probability": 0.9965811371803284,
      "scores": [
        7.894378359196708e-05,
        0.9965811371803284,
        5.69590920349583e-05,
        0.00010246361489407718,
        6.127350934548303e-05,
        9.089623927138746e-05,
        0.0001069305872078985,
        2.764633063634392e-05,
        0.001439188956283033,
        6.68292268528603e-05,
        8.204863115679473e-05,
        4.765727499034256e-05,
        8.874390186974779e-05,
        4.1525538108544424e-05,
        7.461541827069595e-05,
        4.468890620046295e-05,
        4.730124419438653e-05,
        4.31699663749896e-05,
        9.19731319299899e-05,
        7.254790398292243e-05,
        8.65345136844553e-05,
        7.878906762925908e-05,
        6.565624062204733e-05,
        6.005182513035834e-05,
        6.614236190216616e-05,
        6.479275180026889e-05,
        0.00011317971075186506,
        3.693632243084721e-05,
        6.28633497399278e-05,
        4.9529837269801646e-05,
        6.899073923705146e-05
      ],
      "PSL_classification_label": "S-menu.cnt",
      "PSL_lineitem_number": 6
    },
    {
      "bounding_box": [
        113,
        523,
        198,
        29,
        "STIX ECLAIRS"
      ],
      "classification_label": "S-menu.nm",
      "box_id": 2,
      "class_probability": 0.9961482286453247,
      "scores": [
        0.00014368409756571054,
        6.229943392099813e-05,
        5.293864160194062e-05,
        0.0002507319732103497,
        0.00011550683120731264,
        0.9961482286453247,
        0.0002043974818661809,
        8.967714529717341e-05,
        6.626013055210933e-05,
        0.00012037184205837548,
        0.0008924157009460032,
        5.582824087468907e-05,
        5.9092024457640946e-05,
        8.235141285695136e-05,
        0.0001621260744286701,
        0.00011686147627187893,
        0.00010148580622626469,
        0.00010523488163016737,
        6.471311644418165e-05,
        8.360399078810588e-05,
        9.885373583529145e-05,
        0.00013428551028482616,
        7.255990203702822e-05,
        8.410212467424572e-05,
        9.34718846110627e-05,
        5.952982246526517e-05,
        7.077004556776956e-05,
        7.488791015930474e-05,
        0.00013870009570382535,
        0.00010791780368890613,
        8.722714119357988e-05
      ],
      "PSL_classification_label": "S-menu.nm",
      "PSL_lineitem_number": 5
    },
    {
      "bounding_box": [
        123,
        571,
        12,
        26,
        "1"
      ],
      "classification_label": "S-menu.cnt",
      "box_id": 3,
      "class_probability": 0.996629536151886,
      "scores": [
        7.578595250379294e-05,
        0.996629536151886,
        6.789879262214527e-05,
        8.525777229806408e-05,
        5.655923450831324e-05,
        5.6873814173741266e-05,
        6.53899842291139e-05,
        3.601011849241331e-05,
        0.0015424303710460663,
        6.658893107669428e-05,
        5.164797403267585e-05,
        6.378908437909558e-05,
        7.933374581625685e-05,
        4.573510159389116e-05,
        6.690197915304452e-05,
        4.2174153350060806e-05,
        4.50473053206224e-05,
        4.318268474889919e-05,
        8.445975254289806e-05,
        5.578308264375664e-05,
        7.60018519940786e-05,
        8.525029988959432e-05,
        7.058101618895307e-05,
        7.316537812585011e-05,
        7.520177314290777e-05,
        5.505831722985022e-05,
        9.965315257431939e-05,
        3.449890573392622e-05,
        5.1377042836975306e-05,
        4.600509782903828e-05,
        7.298822310985997e-05
      ],
      "PSL_classification_label": "S-menu.cnt",
      "PSL_lineitem_number": 5
    },
    {
      "bounding_box": [
        227,
        565,
        91,
        28,
        "19,000"
      ],
      "classification_label": "S-menu.unitprice",
      "box_id": 4,
      "class_probability": 0.9959551095962524,
      "scores": [
        7.090128201525658e-05,
        9.941263851942495e-05,
        0.0001005895683192648,
        7.7404773037415e-05,
        0.00013883014617022127,
        6.0485428548417985e-05,
        8.353829616680741e-05,
        0.00020987090829294175,
        6.280330853769556e-05,
        9.199612395605072e-05,
        0.00012137259909650311,
        0.00010112945892615244,
        0.0010402624029666185,
        0.9959551095962524,
        5.1055514632025734e-05,
        5.156121915206313e-05,
        0.00017277459846809506,
        9.667157428339124e-05,
        0.0001281489385291934,
        8.669973612995818e-05,
        0.00011255842400714755,
        0.0001412577403243631,
        0.00012943637557327747,
        9.857730765361339e-05,
        7.272663788171485e-05,
        9.332755871582776e-05,
        9.798251994652674e-05,
        0.00013354219845496118,
        0.00010778807336464524,
        0.00010379915329394862,
        0.00010854988795472309
      ],
      "PSL_classification_label": "S-menu.unitprice",
      "PSL_lineitem_number": 5
    },
    {
      "bounding_box": [
        648,
        550,
        94,
        30,
        "19,000"
      ],
      "classification_label": "S-menu.price",
      "box_id": 5,
      "class_probability": 0.9982597231864929,