{
  "scores_sequence": [
    "S-No_class",
    "S-menu.cnt",
    "S-menu.discountprice",
    "S-menu.etc",
    "S-menu.itemsubtotal",
    "S-menu.nm",
    "S-menu.num",
    "S-menu.price",
    "S-menu.sub_cnt",
    "S-menu.sub_etc",
    "S-menu.sub_nm",
    "S-menu.sub_price",
    "S-menu.sub_unitprice",
    "S-menu.unitprice",
    "S-menu.vatyn",
    "S-sub_total.discount_price",
    "S-sub_total.etc",
    "S-sub_total.othersvc_price",
    "S-sub_total.service_price",
    "S-sub_total.subtotal_price",
    "S-sub_total.tax_price",
    "S-total.cashprice",
    "S-total.changeprice",
    "S-total.creditcardprice",
    "S-total.emoneyprice",
    "S-total.menuqty_cnt",
    "S-total.menutype_cnt",
    "S-total.total_etc",
    "S-total.total_price",
    "S-void_menu.nm",
    "S-void_menu.price"
  ],
  "predictions": [
    {
      "bounding_box": [
        87,
        489,
        16,
        35,
        "1"
      ],
      "classification_label": "S-menu.cnt",
      "box_id": 0,
      "class_probability": 0.9984081387519836,
      "scores": [
        6.432438385672867e-05,
        0.9984081387519836,
        5.508587491931394e-05,
        5.930085899308324e-05,
        3.8142639823490754e-05,
        5.54084253963083e-05,
        5.3003914217697456e-05,
        2.1046838810434565e-05,
        0.00014096092490945011,
        4.65304619865492e-05,
        3.632418520282954e-05,
        5.1256683946121484e-05,
        5.471815893542953e-05,
        4.32988817919977e-05,
        4.2944760934915394e-05,
        3.903555261786096e-05,
        3.50363552570343e-05,
        3.217680932721123e-05,
        6.340254185488448e-05,
        5.8819347032113e-05,
        7.172988989623263e-05,
        6.016621773596853e-05,
        5.086211967864074e-05,
        5.735896047553979e-05,
        6.276453495956957e-05,
        5.6522600061725825e-05,
        7.116143387975171e-05,
        3.139919863315299e-05,
        6.424682942451909e-05,
        2.9904147595516406e-05,
        4.478774280869402e-05
      ],
      "PSL_classification_label": "S-menu.cnt",
      "PSL_lineitem_number": 1
    },
    {
      "bounding_box": [
        125,
        487,
        428,
        41,
        "TWIST STRAWBERRY DONUT"
      ],
      "classification_label": "S-menu.nm",
      "box_id": 1,
      "class_probability": 0.9976342916488647,
      "scores": [
        8.541285205865279e-05,
        6.735173519700766e-05,
        3.592308712541126e-05,
        0.00011178834392921999,
        7.46541700209491e-05,
        0.9976342916488647,
        0.00015919208817649633,
        6.859366840217263e-05,
        4.8480371333425865e-05,
        9.051671077031642e-05,
        0.0002345879765925929,
        4.437800089363009e-05,
        3.9756137994118035e-05,
        7.92590799392201e-05,
        9.936717833625153e-05,
        8.006038842722774e-05,
        6.914793630130589e-05,
        7.707832992309704e-05,
        5.348105332814157e-05,
        6.58079152344726e-05,
        7.026520324870944e-05,
        9.703220712253824e-05,
        4.8582893214188516e-05,
        4.938849451718852e-05,
        5.545531530515291e-05,
        4.314636316848919e-05,
        5.335618698154576e-05,
        6.123971252236515e-05,
        0.0001308237697230652,
        0.00011321226338623092,
        5.841032907483168e-05
      ],
      "PSL_classification_label": "S-menu.nm",
      "PSL_lineitem_number": 1
    },
    {
      "bounding_box": [
        671,
        489,
        116,
        42,
        "10,000"
      ],
      "classification_label": "S-menu.price",
      "box_id": 2,
      "class_probability": 0.9980047345161438,
      "scores": [
        3.429469870752655e-05,
        5.029555904911831e-05,
        5.2979925385443494e-05,
        6.683520769001916e-05,
        4.434941365616396e-05,
        5.489823888638057e-05,
        6.531904364237562e-05,
        0.9980047345161438,
        6.987816595938057e-05,
        4.059528509969823e-05,
        5.3750991355627775e-05,
        0.00013547850539907813,
        3.490299786790274e-05,
        0.0002594489196781069,
        8.94965705811046e-05,
        4.226055170875043e-05,
        4.5777338527841493e-05,
        5.6368713558185846e-05,
        5.17023254360538e-05,
        6.159802433103323e-05,
        7.947594713186845e-05,
        9.933593537425622e-05,
        6.301267421804368e-05,
        2.8188696887809783e-05,
        5.168236020836048e-05,
        3.50709306076169e-05,
        3.865462349494919e-05,
        5.4614163673250005e-05,
        8.858187356963754e-05,
        7.24862766219303e-05,
        7.395112334052101e-05
      ],
      "PSL_classification_label": "S-menu.price",
      "PSL_lineitem_number": 1
    },
    {
      "bounding_box": [
        549,
        679,
        239,
        76,
        "43,000"
      ],
      "classification_label": "S-total.total_price",
      "box_id": 3,
      "class_probability": 0.9962688684463501,
      "scores": [
        0.00012419582344591618,
        0.00011723833449650556,
        9.097249858314171e-05,
        0.0001005509402602911,
        0.00014332430146168917,
        0.00016601082461420447,
        7.753016689093783e-05,
        0.0001703799789538607,
        4.585688657243736e-05,
        0.00014879241643939167,
        0.00010697999823605642,
        0.00010227395978290588,
        5.6254033552249894e-05,
        0.00019853987032547593,
        7.709757483098656e-05,
        9.159494220511988e-05,
        0.00018080417066812515,
        7.288120832527056e-05,
        0.00010167635628022254,
        0.0002861775574274361,
        9.938413131749257e-05,
        0.0001222381688421592,
        0.00016000543837435544,
        0.00014053285121917725,
        0.00010366919013904408,
        0.00023506786965299398,
        8.271370461443439e-05,
        0.00013592351751867682,
        0.9962688684463501,
        7.06046776031144e-05,
        0.00012191288260510191
      ],
      "PSL_classification_label": "S-total.total_price",
      "PSL_lineitem_number": ""
    },
    {
      "bounding_box": [
        666,
        754,
        118,
        40,
        "50,000"
      ],
      "classification_label": "S-total.cashprice",
      "box_id": 4,
      "class_probability": 0.9935083389282227,
      "scores": [
        0.00014415480836760253,
        0.00014189309149514884,
        0.000101210389402695,
        9.305771527579054e-05,
        0.00011008707951987162,
        0.000233316735830158,
        0.00011225289199501276,
        0.00023917884391266853,
        0.0002279963082401082,
        9.159874025499448e-05,
        0.00016003740893211216,
        0.00012021507427562028,
        0.0001540981320431456,
        0.00023113156203180552,
        0.00012804214202333242,
        7.283448212547228e-05,
        0.00011026507127098739,
        0.00021666446991730481,
        0.00012910312216263264,
        0.0001577168150106445,
        9.817958198254928e-05,
        0.9935083389282227,
        0.0005163236055523157,
        0.00021948096400592476,
        0.00021152436966076493,
        8.962733409134671e-05,
        0.00021787370496895164,
        0.0018356002401560545,
        6.0915990616194904e-05,
        0.00012953700206708163,
        0.00013764560571871698
      ],
      "PSL_classification_label": "S-total.cashprice",
      "PSL_lineitem_number": ""
    },
    {
      "bounding_box": [
        587,
        800,
        198,
        81,
        "7,000"
      ],
      "classification_label": "S-total.changeprice",
      "box_id": 5,
      "class_probability": 0.9953184723854065,