{
  "scores_sequence": [
    "S-No_class",
    "S-menu.cnt",
    "S-menu.discountprice",
    "S-menu.etc",
    "S-menu.itemsubtotal",
    "S-menu.nm",
    "S-menu.num",
    "S-menu.price",
    "S-menu.sub_cnt",
    "S-menu.sub_etc",
    "S-menu.sub_nm",
    "S-menu.sub_price",
    "S-menu.sub_unitprice",
    "S-menu.unitprice",
    "S-menu.vatyn",
    "S-sub_total.discount_price",
    "S-sub_total.etc",
    "S-sub_total.othersvc_price",
    "S-sub_total.service_price",
    "S-sub_total.subtotal_price",
    "S-sub_total.tax_price",
    "S-total.cashprice",
    "S-total.changeprice",
    "S-total.creditcardprice",
    "S-total.emoneyprice",
    "S-total.menuqty_cnt",
    "S-total.menutype_cnt",
    "S-total.total_etc",
    "S-total.total_price",
    "S-void_menu.nm",
    "S-void_menu.price"
  ],
  "predictions": [
    {
      "bounding_box": [
        167,
        493,
        218,
        48,
        "BASO TAHU"
      ],
      "classification_label": "S-menu.nm",
      "box_id": 0,
      "class_probability": 0.9557206034660339,
      "scores": [
        0.0008357283077202737,
        0.00032110026222653687,
        0.000350572750903666,
        0.0017048149602487683,
        0.0006389201153069735,
        0.9557206034660339,
        0.00259181996807456,
        0.0004321708984207362,
        0.000382928759790957,
        0.0008413890609517694,
        0.024319034069776535,
        0.00023567078460473567,
        0.0003499693120829761,
        0.0005814521573483944,
        0.001109601347707212,
        0.0005250510876066983,
        0.00041330361273139715,
        0.0006400547572411597,
        0.0003751249168999493,
        0.0013640443794429302,
        0.0006960940081626177,
        0.0006092642433941364,
        0.00038282046443782747,
        0.0007249859045259655,
        0.00031648678123019636,
        0.00031830198713578284,
        0.000449544342700392,
        0.0004663118743337691,
        0.0014760431367903948,
        0.0004935358301736414,
        0.0003332394699100405
      ],
      "PSL_classification_label": "S-menu.nm",
      "PSL_lineitem_number": 2
    },
    {
      "bounding_box": [
        545,
        495,
        142,
        48,
        "*46000"
      ],
      "classification_label": "S-menu.price",
      "box_id": 1,
      "class_probability": 0.9786959886550903,
      "scores": [
        0.00018290217849425972,
        0.00032448783167637885,
        0.0006227552657946944,
        0.0002462589181959629,
        0.0003293809713795781,
        0.00024710933212190866,
        0.00029924939735792577,
        0.9786959886550903,
        0.0005120871937833726,
        0.00028566233231686056,
        0.0004128184518776834,
        0.00519922748208046,
        0.00044675986282527447,
        0.005707398522645235,
        0.00033691973658278584,
        0.00029133318457752466,
        0.0002838282671291381,
        0.00024560969904996455,
        0.00038716921699233353,
        0.0004927139380015433,
        0.0003211873699910939,
        0.0009026256739161909,
        0.00028021406615152955,
        0.0003462677414063364,
        0.0003763297572731972,
        0.00031116476748138666,
        0.00016283690638374537,
        0.00030439760303124785,
        0.0005786938709206879,
        0.0004368989320937544,
        0.0004296705883461982
      ],
      "PSL_classification_label": "S-menu.price",
      "PSL_lineitem_number": 1
    },
    {
      "bounding_box": [
        361,
        841,
        358,
        165,
        "50 - *110000"
      ],
      "classification_label": "S-total.cashprice",
      "box_id": 2,
      "class_probability": 0.6398469507694244,
      "scores": [
        0.0036271425196900964,
        0.0024538235156796873,
        0.004480664851143956,
        0.0021560813765972853,
        0.0033388236770406365,
        0.0016702074208296835,
        0.0020876177004538476,
        0.004119117860682309,
        0.003150484641082585,
        0.002607764909043908,
        0.005293687805533409,
        0.00520354718901217,
        0.004347287933342159,
        0.0037038654554635286,
        0.002985070226714015,
        0.005648281250614673,
        0.03073407500050962,
        0.004481603391468525,
        0.004407275060657412,
        0.0031429120572283864,
        0.03989818622358143,
        0.6398469507694244,
        0.03331072721630335,
        0.05074464809149504,
        0.012174031231552362,
        0.008545639226213098,
        0.007258673198521137,
        0.08435764163732529,
        0.018666863441467285,
        0.0024894874077290297,
        0.0030678261537104845
      ],
      "PSL_classification_label": "S-total.cashprice",
      "PSL_lineitem_number": ""
    },
    {
      "bounding_box": [
        165,
        549,
        244,
        49,
        "NASI PUTIH"
      ],
      "classification_label": "S-menu.nm",
      "box_id": 4,
      "class_probability": 0.7602330446243286,
      "scores": [
        0.002313195029273629,
        0.0007030318374745548,
        0.001116477302275598,
        0.004553440026938915,
        0.0018582417396828532,
        0.7602330446243286,
        0.011655149050056934,
        0.0011365836253389716,
        0.0010962116066366434,
        0.0023794604931026697,
        0.17827719449996948,
        0.0005714611033909023,
        0.0009825688321143389,
        0.0018225278472527862,
        0.0033903091680258512,
        0.0014641400193795562,
        0.0012564611388370395,
        0.0017498810775578022,
        0.0013431303668767214,
        0.005295173265039921,
        0.0018856138922274113,
        0.0019119337666779757,
        0.0012454575626179576,
        0.002104060957208276,
        0.0008442297112196684,
        0.0008598005515523255,
        0.001329471473582089,
        0.0012793756322935224,
        0.003018100280314684,
        0.0013852260308340192,
        0.0009390207123942673
      ],
      "PSL_classification_label": "S-menu.nm",
      "PSL_lineitem_number": 2
    },
    {
      "bounding_box": [
        569,
        550,
        118,
        48,
        "*6000"
      ],
      "classification_label": "S-menu.price",
      "box_id": 5,
      "class_probability": 0.9869345426559448,
      "scores": [
        0.000105083774542436,
        0.0001595273643033579,
        0.000388068932807073,
        0.00015446181350853294,
        0.0001758853904902935,
        0.00016478842007927597,
        0.00014199255383573472,
        0.9869345426559448,
        0.0002621199528221041,
        0.00016344319737982005,
        0.0002637586439959705,
        0.006235235836356878,
        0.0002067879686364904,
        0.0008799181669019163,
        0.00022301675926428288,
        0.00020939520618412644,
        0.00014148377522360533,
        0.0001529024011688307,
        0.000331792572978884,
        0.00032876612385734916,
        0.0002050867915386334,
        0.00034507663804106414,
        0.0001892516593215987,
        0.0001530084409750998,
        0.00019974380847997963,
        0.00015504994371440262,
        0.00012197849719086662,
        0.00019533737213350832,
        0.0002884628775063902,
        0.0002699236501939595,
        0.0002540246059652418
      ],
      "PSL_classification_label": "S-menu.price",
      "PSL_lineitem_number": 2
    },
    {
      "bounding_box": [
        165,
        606,
        219,
        51,
        "BASO TAHU"
      ],
      "classification_label": "S-menu.nm",
      "box_id": 6,
      "class_probability": 0.830668032169342,