{
  "scores_sequence": [
    "S-No_class",
    "S-menu.cnt",
    "S-menu.discountprice",
    "S-menu.etc",
    "S-menu.itemsubtotal",
    "S-menu.nm",
    "S-menu.num",
    "S-menu.price",
    "S-menu.sub_cnt",
    "S-menu.sub_etc",
    "S-menu.sub_nm",
    "S-menu.sub_price",
    "S-menu.sub_unitprice",
    "S-menu.unitprice",
    "S-menu.vatyn",
    "S-sub_total.discount_price",
    "S-sub_total.etc",
    "S-sub_total.othersvc_price",
    "S-sub_total.service_price",
    "S-sub_total.subtotal_price",
    "S-sub_total.tax_price",
    "S-total.cashprice",
    "S-total.changeprice",
    "S-total.creditcardprice",
    "S-total.emoneyprice",
    "S-total.menuqty_cnt",
    "S-total.menutype_cnt",
    "S-total.total_etc",
    "S-total.total_price",
    "S-void_menu.nm",
    "S-void_menu.price"
  ],
  "predictions": [
    {
      "bounding_box": [
        15,
        367,
        184,
        38,
        "1001-Choco Bun"
      ],
      "classification_label": "S-menu.nm",
      "box_id": 0,
      "class_probability": 0.9970928430557251,
      "scores": [
        0.00012597920431289822,
        0.00011873323819600046,
        4.991693276679143e-05,
        0.00016576953930780292,
        7.598187221447006e-05,
        0.9970928430557251,
        0.00030365432030521333,
        9.604111255612224e-05,
        6.71682064421475e-05,
        0.00012452335795387626,
        0.0001470697025069967,
        6.0102542192908004e-05,
        4.967190034221858e-05,
        0.00010327406926080585,
        9.911794768413529e-05,
        8.948363392846659e-05,
        7.738618296571076e-05,
        9.827836038311943e-05,
        5.421191963250749e-05,
        5.5868393246782944e-05,
        7.175115024438128e-05,
        0.00012574177526403219,
        4.862974310526624e-05,
        6.27301778877154e-05,
        7.435580482706428e-05,
        4.904294837615453e-05,
        7.417087908834219e-05,
        7.240084232762456e-05,
        0.00011947860184591264,
        0.0001781741011654958,
        6.83590114931576e-05
      ],
      "PSL_classification_label": "S-menu.nm",
      "PSL_lineitem_number": 1
    },
    {
      "bounding_box": [
        139,
        409,
        82,
        28,
        "22.000"
      ],
      "classification_label": "S-menu.unitprice",
      "box_id": 1,
      "class_probability": 0.9960512518882751,
      "scores": [
        6.901852611918002e-05,
        0.00011794213060056791,
        7.602399273309857e-05,
        9.387567115481943e-05,
        0.00013923524238634855,
        6.986421067267656e-05,
        0.00012784439604729414,
        0.00017456636123824865,
        6.83618854964152e-05,
        8.90205119503662e-05,
        0.00012125034118071198,
        9.558790043229237e-05,
        0.0008414234616793692,
        0.9960512518882751,
        5.544393206946552e-05,
        4.6702589315827936e-05,
        0.00018214785086456686,
        0.0001042938165483065,
        0.00011788983829319477,
        9.491804667050019e-05,
        0.00012405079905875027,
        0.00016785335901658982,
        0.00012766542204190046,
        0.0001032882573781535,
        6.880592263769358e-05,
        0.00010822390322573483,
        0.00011159350833622739,
        0.0001248424086952582,
        0.0001280022697756067,
        0.00010082536755362526,
        9.817091631703079e-05
      ],
      "PSL_classification_label": "S-menu.unitprice",
      "PSL_lineitem_number": 1
    },
    {
      "bounding_box": [
        265,
        415,
        28,
        22,
        "x1"
      ],
      "classification_label": "S-menu.cnt",
      "box_id": 2,
      "class_probability": 0.9977630376815796,
      "scores": [
        7.039016782073304e-05,
        0.9977630376815796,
        0.0001301997253904119,
        7.007830572547391e-05,
        5.317881004884839e-05,
        5.446587601909414e-05,
        6.389001646311954e-05,
        2.1114836272317916e-05,
        0.00029133845237083733,
        7.501581421820447e-05,
        7.499664934584871e-05,
        5.680409958586097e-05,
        9.90606495179236e-05,
        7.75013686507009e-05,
        5.7767458201851696e-05,
        5.9394256822997704e-05,
        4.614354475052096e-05,
        4.1835734009509906e-05,
        8.81158557604067e-05,
        6.221604417078197e-05,
        0.0001004309015115723,
        7.327954517677426e-05,
        5.14391103934031e-05,
        7.134322368074208e-05,
        6.665818364126608e-05,
        7.12444307282567e-05,
        9.661689546192065e-05,
        3.9013528294162825e-05,
        6.822605064371601e-05,
        4.393903509480879e-05,
        6.110992399044335e-05
      ],
      "PSL_classification_label": "S-menu.cnt",
      "PSL_lineitem_number": 1
    },
    {
      "bounding_box": [
        417,
        419,
        82,
        28,
        "22.000"
      ],
      "classification_label": "S-menu.price",
      "box_id": 3,
      "class_probability": 0.9984123706817627,
      "scores": [
        2.6461018933332525e-05,
        2.863203735614661e-05,
        4.561536479741335e-05,
        4.639715189114213e-05,
        3.694904444273561e-05,
        5.0091744924429804e-05,
        5.071049599791877e-05,
        0.9984123706817627,
        4.2398176447022706e-05,
        3.6084307794226333e-05,
        4.1078754293266684e-05,
        0.000131786146084778,
        2.47889147431124e-05,
        9.412916551809758e-05,
        7.757185085210949e-05,
        4.004031143267639e-05,
        3.369610567460768e-05,
        4.087055640411563e-05,
        4.277266270946711e-05,
        0.00011099072435172275,
        5.5738048104103655e-05,
        8.452857582597062e-05,
        5.175956539460458e-05,
        3.119874600088224e-05,
        4.85455384477973e-05,
        2.8137563276686706e-05,
        2.751295323832892e-05,
        4.241471833665855e-05,
        0.00010842594201676548,
        5.8012759836856276e-05,
        5.0302234740229324e-05
      ],
      "PSL_classification_label": "S-menu.price",
      "PSL_lineitem_number": 1
    },
    {
      "bounding_box": [
        5,
        433,
        288,
        42,
        "6001-Plastic Bag Small"
      ],
      "classification_label": "S-menu.nm",
      "box_id": 4,
      "class_probability": 0.9973742961883545,
      "scores": [
        0.00012910661462228745,
        0.00010325200128136203,
        4.3797685066238046e-05,
        0.0001500140206189826,
        7.543624815298244e-05,
        0.9973742961883545,
        0.00020904155098833144,
        7.773011748213321e-05,
        6.367210153257474e-05,
        0.00010628703603288159,
        0.0001372382539557293,
        5.2555267757270485e-05,
        4.544247349258512e-05,
        8.72292002895847e-05,
        9.302925900556147e-05,
        0.00010466056846780702,
        7.776400161674246e-05,
        8.892071491573006e-05,
        5.13299455633387e-05,
        5.784449240309186e-05,
        6.54228642815724e-05,
        0.000113067748316098,
        5.033204433857463e-05,
        6.632011354668066e-05,
        6.818932160967961e-05,
        4.746736885863356e-05,
        6.368169852066785e-05,
        6.395460513886064e-05,
        0.00011983931472059339,
        0.00014640248264186084,
        6.671003939118236e-05
      ],
      "PSL_classification_label": "S-menu.nm",
      "PSL_lineitem_number": 1
    },
    {
      "bounding_box": [
        197,
        477,
        18,
        26,
        "0"
      ],
      "classification_label": "S-menu.unitprice",
      "box_id": 5,
      "class_probability": 0.9914583563804626,