{
  "scores_sequence": [
    "S-No_class",
    "S-menu.cnt",
    "S-menu.discountprice",
    "S-menu.etc",
    "S-menu.itemsubtotal",
    "S-menu.nm",
    "S-menu.num",
    "S-menu.price",
    "S-menu.sub_cnt",
    "S-menu.sub_etc",
    "S-menu.sub_nm",
    "S-menu.sub_price",
    "S-menu.sub_unitprice",
    "S-menu.unitprice",
    "S-menu.vatyn",
    "S-sub_total.discount_price",
    "S-sub_total.etc",
    "S-sub_total.othersvc_price",
    "S-sub_total.service_price",
    "S-sub_total.subtotal_price",
    "S-sub_total.tax_price",
    "S-total.cashprice",
    "S-total.changeprice",
    "S-total.creditcardprice",
    "S-total.emoneyprice",
    "S-total.menuqty_cnt",
    "S-total.menutype_cnt",
    "S-total.total_etc",
    "S-total.total_price",
    "S-void_menu.nm",
    "S-void_menu.price"
  ],
  "predictions": [
    {
      "bounding_box": [
        95,
        463,
        16,
        18,
        "x"
      ],
      "classification_label": "S-menu.cnt",
      "box_id": 0,
      "class_probability": 0.998173713684082,
      "scores": [
        7.268130138982087e-05,
        0.998173713684082,
        4.557984721031971e-05,
        7.414013089146465e-05,
        4.246645767125301e-05,
        6.375967495841905e-05,
        6.987000233493745e-05,
        2.079690784739796e-05,
        0.00033105743932537735,
        4.9895803385879844e-05,
        4.303297828300856e-05,
        4.1064155084313825e-05,
        5.2724051784025505e-05,
        3.0443474315688945e-05,
        4.6259847295004874e-05,
        3.884288526023738e-05,
        3.31221817759797e-05,
        3.511820614221506e-05,
        7.234121585497633e-05,
        5.7510562328388914e-05,
        6.805187149439007e-05,
        6.072819815017283e-05,
        5.133890954311937e-05,
        6.0630056395893916e-05,
        5.62669629289303e-05,
        5.120893911225721e-05,
        8.090065239230171e-05,
        3.124508657492697e-05,
        6.246529665077105e-05,
        3.41268241754733e-05,
        4.861231354880147e-05
      ],
      "PSL_classification_label": "S-menu.cnt",
      "PSL_lineitem_number": 3
    },
    {
      "bounding_box": [
        45,
        423,
        203,
        28,
        "CINNAMON SUGAR"
      ],
      "classification_label": "S-menu.nm",
      "box_id": 1,
      "class_probability": 0.9971912503242493,
      "scores": [
        0.00010856642620638013,
        8.417540811933577e-05,
        4.919380080536939e-05,
        0.0001489866990596056,
        8.243975753430277e-05,
        0.9971912503242493,
        0.00017649064830038697,
        8.846731361700222e-05,
        5.6541750382166356e-05,
        0.00010694687807699665,
        0.00022601305681746453,
        5.517205499927513e-05,
        4.886262468062341e-05,
        7.050948624964803e-05,
        0.0001309015351580456,
        0.00011799685307778418,
        7.913198351161554e-05,
        9.721006063045934e-05,
        6.312219193205237e-05,
        7.509747956646606e-05,
        8.569918281864375e-05,
        0.000135132679133676,
        6.007907722960226e-05,
        5.9738504205597565e-05,
        6.965580541873351e-05,
        4.709013956016861e-05,
        6.170355482026935e-05,
        7.465426460839808e-05,
        0.00014285274664871395,
        0.0001317689020652324,
        7.465041562682018e-05
      ],
      "PSL_classification_label": "S-menu.nm",
      "PSL_lineitem_number": 3
    },
    {
      "bounding_box": [
        47,
        459,
        12,
        22,
        "1"
      ],
      "classification_label": "S-menu.cnt",
      "box_id": 2,
      "class_probability": 0.9983654618263245,
      "scores": [
        6.073291297070682e-05,
        0.9983654618263245,
        4.164390702499077e-05,
        5.8613681176211685e-05,
        3.9667185774305835e-05,
        4.760262163472362e-05,
        5.632802640320733e-05,
        2.5542982257320546e-05,
        0.00029402048676274717,
        4.649942275136709e-05,
        3.457455386524089e-05,
        4.8569883801974356e-05,
        5.245650027063675e-05,
        3.936821667593904e-05,
        4.4088421418564394e-05,
        3.099145396845415e-05,
        3.3253290894208476e-05,
        3.2536427170271054e-05,
        6.113464041845873e-05,
        4.721303776022978e-05,
        5.404474723036401e-05,
        5.3715015383204445e-05,
        5.2470706577878445e-05,
        5.529863483388908e-05,
        5.615269401459955e-05,
        4.837010055780411e-05,
        7.139385706977919e-05,
        2.6466765120858327e-05,
        4.671824353863485e-05,
        3.0384839192265645e-05,
        4.468360930331983e-05
      ],
      "PSL_classification_label": "S-menu.cnt",
      "PSL_lineitem_number": 3
    },
    {
      "bounding_box": [
        125,
        459,
        72,
        24,
        "17,000"
      ],
      "classification_label": "S-menu.unitprice",
      "box_id": 3,
      "class_probability": 0.9960585832595825,
      "scores": [
        6.857368134660646e-05,
        0.00011360221833456308,
        7.973187894094735e-05,
        8.087563765002415e-05,
        0.0001358687732135877,
        6.824982119724154e-05,
        0.000111745874164626,
        0.0004026300157420337,
        6.509786180686206e-05,
        8.738747419556603e-05,
        0.00013548486458603293,
        0.00010557813220657408,
        0.0007485311361961067,
        0.9960585832595825,
        5.322854849509895e-05,
        4.27218692493625e-05,
        0.00015587819507345557,
        8.91377276275307e-05,
        0.00010714883683249354,
        7.83899740781635e-05,
        0.00010925611422862858,
        0.00017330893024336547,
        0.0001335037377430126,
        9.203955414704978e-05,
        7.516679033869877e-05,
        9.545114153297618e-05,
        8.952782081905752e-05,
        0.00011771073332056403,
        0.00011523140710778534,
        0.00010480887431185693,
        0.00010549318540142849
      ],
      "PSL_classification_label": "S-menu.unitprice",
      "PSL_lineitem_number": 3
    },
    {
      "bounding_box": [
        449,
        463,
        76,
        26,
        "17,000"
      ],
      "classification_label": "S-menu.price",
      "box_id": 4,
      "class_probability": 0.9984442591667175,
      "scores": [
        3.0239425541367382e-05,
        3.6468994949245825e-05,
        4.854412691202015e-05,
        4.909021663479507e-05,
        4.2773499444592744e-05,
        5.2360075642354786e-05,
        5.481033440446481e-05,
        0.9984442591667175,
        4.502435331232846e-05,
        3.4927696106024086e-05,
        5.248215893516317e-05,
        0.00013654182839673012,
        2.6486279239179567e-05,
        0.0001007402315735817,
        7.182105764513835e-05,
        3.572953210095875e-05,
        3.4454205888323486e-05,
        4.179508323431946e-05,
        4.3655873014358804e-05,
        9.3918846687302e-05,
        5.844186307513155e-05,
        6.182865763548762e-05,
        5.399476140155457e-05,
        2.440262869640719e-05,
        4.230416743666865e-05,
        2.9777931558783166e-05,
        3.073584593948908e-05,
        4.278345295460895e-05,
        6.954182026674971e-05,
        5.52785859326832e-05,
        5.4809028370073065e-05
      ],
      "PSL_classification_label": "S-menu.price",
      "PSL_lineitem_number": 3
    },
    {
      "bounding_box": [
        449,
        513,
        78,
        27,
        "17,000"
      ],
      "classification_label": "S-sub_total.subtotal_price",
      "box_id": 5,
      "class_probability": 0.9968721270561218,