{
  "scores_sequence": [
    "S-No_class",
    "S-menu.cnt",
    "S-menu.discountprice",
    "S-menu.etc",
    "S-menu.itemsubtotal",
    "S-menu.nm",
    "S-menu.num",
    "S-menu.price",
    "S-menu.sub_cnt",
    "S-menu.sub_etc",
    "S-menu.sub_nm",
    "S-menu.sub_price",
    "S-menu.sub_unitprice",
    "S-menu.unitprice",
    "S-menu.vatyn",
    "S-sub_total.discount_price",
    "S-sub_total.etc",
    "S-sub_total.othersvc_price",
    "S-sub_total.service_price",
    "S-sub_total.subtotal_price",
    "S-sub_total.tax_price",
    "S-total.cashprice",
    "S-total.changeprice",
    "S-total.creditcardprice",
    "S-total.emoneyprice",
    "S-total.menuqty_cnt",
    "S-total.menutype_cnt",
    "S-total.total_etc",
    "S-total.total_price",
    "S-void_menu.nm",
    "S-void_menu.price"
  ],
  "predictions": [
    {
      "bounding_box": [
        148,
        727,
        303,
        35,
        "SAMGYOPSAL"
      ],
      "classification_label": "S-menu.nm",
      "box_id": 0,
      "class_probability": 0.9942513704299927,
      "scores": [
        0.0001672510406933725,
        0.0001170165414805524,
        6.732574547640979e-05,
        0.00031254059285856783,
        0.00014032305625732988,
        0.9942513704299927,
        0.00039569466025568545,
        0.00013408965605776757,
        9.193207370117307e-05,
        0.00018285962869413197,
        0.001250155153684318,
        9.486071940045804e-05,
        8.392355812247843e-05,
        0.00017580542771611363,
        0.0002485058212187141,
        0.00018777120567392558,
        0.0001383751368848607,
        0.00015143008204177022,
        9.678178321337327e-05,
        0.00011180778528796509,
        0.00017042570107150823,
        0.00024273322196677327,
        0.00012375249934848398,
        0.00011683400225592777,
        0.00010312088852515444,
        8.063925633905455e-05,
        9.487284114584327e-05,
        0.00012641999637708068,
        0.0002411848836345598,
        0.00019545182294677943,
        0.00010487554391147569
      ],
      "PSL_classification_label": "S-menu.nm",
      "PSL_lineitem_number": 1
    },
    {
      "bounding_box": [
        567,
        727,
        26,
        31,
        "2"
      ],
      "classification_label": "S-menu.cnt",
      "box_id": 1,
      "class_probability": 0.9983367919921875,
      "scores": [
        5.945902375970036e-05,
        0.9983367919921875,
        5.548616172745824e-05,
        5.655592758557759e-05,
        3.554631257429719e-05,
        4.154595808358863e-05,
        4.190720574115403e-05,
        2.3780559786246158e-05,
        0.0002504963777028024,
        5.3367239161161706e-05,
        3.41881750500761e-05,
        5.042608972871676e-05,
        6.828990444773808e-05,
        5.8662830269895494e-05,
        4.196747249807231e-05,
        3.340760667924769e-05,
        3.545425715856254e-05,
        3.257834032410756e-05,
        6.068948641768657e-05,
        5.3291460062609985e-05,
        5.820686783408746e-05,
        5.535693344427273e-05,
        4.371850081952289e-05,
        5.811783921672031e-05,
        6.027712151990272e-05,
        5.903463897993788e-05,
        8.193818939616904e-05,
        3.2477582863066345e-05,
        5.533233706955798e-05,
        3.3261247153859586e-05,
        3.8238980778260157e-05
      ],
      "PSL_classification_label": "S-menu.cnt",
      "PSL_lineitem_number": 1
    },
    {
      "bounding_box": [
        734,
        722,
        157,
        41,
        "194,000"
      ],
      "classification_label": "S-menu.price",
      "box_id": 2,
      "class_probability": 0.9982320666313171,
      "scores": [
        3.0228760806494392e-05,
        3.4099150070687756e-05,
        4.075420292792842e-05,
        6.39349891571328e-05,
        4.078554411535151e-05,
        5.915276051382534e-05,
        6.459733413066715e-05,
        0.9982320666313171,
        5.2465002227108926e-05,
        3.6674005968961865e-05,
        5.4646872740704566e-05,
        0.00011779041233239695,
        3.000378819706384e-05,
        0.0001831821573432535,
        9.272990428144112e-05,
        4.454965892364271e-05,
        4.8293535655830055e-05,
        4.1853523725876585e-05,
        4.7500852815574035e-05,
        8.269061800092459e-05,
        5.727505777031183e-05,
        7.994168117875233e-05,
        5.727019743062556e-05,
        3.1039071473060176e-05,
        4.4443062506616116e-05,
        3.08973976643756e-05,
        2.99959192489041e-05,
        5.2599112677853554e-05,
        9.845945169217885e-05,
        6.023523019393906e-05,
        5.9899368352489546e-05
      ],
      "PSL_classification_label": "S-menu.price",
      "PSL_lineitem_number": 1
    },
    {
      "bounding_box": [
        147,
        779,
        348,
        40,
        "SUL LUNG TANG"
      ],
      "classification_label": "S-menu.nm",
      "box_id": 3,
      "class_probability": 0.9970134496688843,
      "scores": [
        0.00010443649080116302,
        6.390543421730399e-05,
        3.665838448796421e-05,
        0.00016967742703855038,
        7.800447929184884e-05,
        0.9970134496688843,
        0.00016778221470303833,
        7.031582208583131e-05,
        5.911346306675114e-05,
        0.00011189588985871524,
        0.00053757632849738,
        4.660832564695738e-05,
        4.660343620344065e-05,
        7.441613706760108e-05,
        0.0001259792479686439,
        9.761277760844678e-05,
        7.479229680029675e-05,
        8.869987505022436e-05,
        6.355002551572397e-05,
        6.628334813285619e-05,
        7.787439972162247e-05,
        0.00013547307753469795,
        5.5763292039046064e-05,
        5.823430183227174e-05,
        7.374842243734747e-05,
        5.6383389164693654e-05,
        7.004383223829791e-05,
        6.759105599485338e-05,
        0.00011879264638992026,
        0.00011904827260877937,
        6.967686204006895e-05
      ],
      "PSL_classification_label": "S-menu.nm",
      "PSL_lineitem_number": 2
    },
    {
      "bounding_box": [
        571,
        779,
        18,
        34,
        "1"
      ],
      "classification_label": "S-menu.cnt",
      "box_id": 4,
      "class_probability": 0.9982263445854187,
      "scores": [
        5.663429692503996e-05,
        0.9982263445854187,
        6.093782576499507e-05,
        5.883600897504948e-05,
        3.903760443790816e-05,
        4.2135186959058046e-05,
        4.2122490413021296e-05,
        2.61947643593885e-05,
        0.0003306003927718848,
        5.4667565564159304e-05,
        3.514951094985008e-05,
        5.760059866588563e-05,
        7.446915697073564e-05,
        6.011614823364653e-05,
        4.327188435127027e-05,
        3.4963159123435616e-05,
        3.5537461371859536e-05,
        3.361239214427769e-05,
        6.124006904428825e-05,
        5.019195668864995e-05,
        6.266782293096185e-05,
        5.727319876314141e-05,
        4.572496982291341e-05,
        5.4835072660353035e-05,
        6.125951767899096e-05,
        5.954783409833908e-05,
        8.208373765228316e-05,
        3.128585740341805e-05,
        4.5778026105836034e-05,
        3.502165782265365e-05,
        4.092338713235222e-05
      ],
      "PSL_classification_label": "S-menu.cnt",
      "PSL_lineitem_number": 2
    },
    {
      "bounding_box": [
        756,
        775,
        133,
        42,
        "75,000"
      ],
      "classification_label": "S-menu.price",
      "box_id": 5,
      "class_probability": 0.9983413219451904,