{
  "scores_sequence": [
    "S-No_class",
    "S-menu.cnt",
    "S-menu.discountprice",
    "S-menu.etc",
    "S-menu.itemsubtotal",
    "S-menu.nm",
    "S-menu.num",
    "S-menu.price",
    "S-menu.sub_cnt",
    "S-menu.sub_etc",
    "S-menu.sub_nm",
    "S-menu.sub_price",
    "S-menu.sub_unitprice",
    "S-menu.unitprice",
    "S-menu.vatyn",
    "S-sub_total.discount_price",
    "S-sub_total.etc",
    "S-sub_total.othersvc_price",
    "S-sub_total.service_price",
    "S-sub_total.subtotal_price",
    "S-sub_total.tax_price",
    "S-total.cashprice",
    "S-total.changeprice",
    "S-total.creditcardprice",
    "S-total.emoneyprice",
    "S-total.menuqty_cnt",
    "S-total.menutype_cnt",
    "S-total.total_etc",
    "S-total.total_price",
    "S-void_menu.nm",
    "S-void_menu.price"
  ],
  "predictions": [
    {
      "bounding_box": [
        263,
        423,
        64,
        22,
        "36000"
      ],
      "classification_label": "S-total.total_price",
      "box_id": 0,
      "class_probability": 0.9903745651245117,
      "scores": [
        0.00011446265853010118,
        0.0002809811267070472,
        0.00010125067638000473,
        0.0001370189420413226,
        0.0002929953334387392,
        0.00018818197713699192,
        0.00013988766295369714,
        0.0005541351274587214,
        7.999205990927294e-05,
        0.00017395027680322528,
        0.00016748125199228525,
        0.00016519601922482252,
        8.080810948740691e-05,
        0.00035752137773670256,
        0.0001459530321881175,
        0.00018885437748394907,
        0.0005416744970716536,
        0.0001125108974520117,
        0.00013105011021252722,
        0.0032106146682053804,
        0.00040166688268072903,
        0.0005608178908005357,
        0.0002742586948443204,
        0.00039226197986863554,
        0.00021555364946834743,
        0.00016090348071884364,
        8.054759382503107e-05,
        0.0001668432669248432,
        0.9903745651245117,
        9.73643982433714e-05,
        0.0001106762865674682
      ],
      "PSL_classification_label": "S-total.total_price",
      "PSL_lineitem_number": ""
    },
    {
      "bounding_box": [
        263,
        495,
        64,
        24,
        "50000"
      ],
      "classification_label": "S-total.cashprice",
      "box_id": 1,
      "class_probability": 0.9917409420013428,
      "scores": [
        0.00017620089056435972,
        0.00016229492030106485,
        0.000133172346977517,
        9.592876449460164e-05,
        0.00013283544103614986,
        0.0001654829684412107,
        0.00010603278497001156,
        0.00026392226573079824,
        0.0001774460542947054,
        0.00011377978808013722,
        0.00015786684525664896,
        0.00011611355876084417,
        0.00013897741155233234,
        0.0002441764227114618,
        0.00016422131739091128,
        7.949832070153207e-05,
        0.0002486667945049703,
        0.00022390995582100004,
        0.00014544623263645917,
        0.0002891931508202106,
        0.00020162209693808109,
        0.9917409420013428,
        0.0004555340565275401,
        0.0005555815878324211,
        0.00031259635579772294,
        9.235440666088834e-05,
        0.00019165298726875335,
        0.002461806172505021,
        0.00039369857404381037,
        0.0001646668533794582,
        9.433854575036094e-05
      ],
      "PSL_classification_label": "S-total.cashprice",
      "PSL_lineitem_number": ""
    },
    {
      "bounding_box": [
        265,
        571,
        62,
        22,
        "14000"
      ],
      "classification_label": "S-total.changeprice",
      "box_id": 2,
      "class_probability": 0.9792110323905945,
      "scores": [
        0.0001831505069276318,
        0.00024553819093853235,
        0.00022114893363323063,
        0.0003221600200049579,
        0.0002915949444286525,
        0.00015615798474755138,
        0.00031063336064107716,
        0.0002678674936760217,
        0.00018921824812423438,
        0.00016863398195710033,
        0.00034227300784550607,
        0.0001951066660694778,
        0.0003003262681886554,
        0.00043531216215342283,
        0.00021206316887401044,
        0.00024401153496000916,
        0.0005174762336537242,
        0.00030860627884976566,
        0.0002832025056704879,
        0.0003505380009301007,
        0.0005727953393943608,
        0.0053159324452281,
        0.9792110323905945,
        0.0020195734687149525,
        0.0036084651947021484,
        0.0001685870229266584,
        0.0003580448974389583,
        0.002413298934698105,
        0.0001955901097971946,
        0.00029582245042547584,
        0.00029583374271169305
      ],
      "PSL_classification_label": "S-total.changeprice",
      "PSL_lineitem_number": ""
    },
    {
      "bounding_box": [
        31,
        317,
        205,
        33,
        "Bumbu Kaldu Ayam 1"
      ],
      "classification_label": "S-menu.nm",
      "box_id": 3,
      "class_probability": 0.9964711666107178,
      "scores": [
        0.0001215345473610796,
        9.546290675643831e-05,
        5.852634785696864e-05,
        0.00023104657884687185,
        0.00010652124910848215,
        0.9964711666107178,
        0.00028211236349307,
        0.00011049722525058314,
        7.283152808668092e-05,
        0.00013800198212265968,
        0.00019958587654400617,
        5.795343895442784e-05,
        4.9448153731646016e-05,
        7.788468792568892e-05,
        0.00015607860404998064,
        0.00012290746963117272,
        0.00010644255235092714,
        0.00011629911750787869,
        8.250233076978475e-05,
        8.832876483211294e-05,
        0.00011091944179497659,
        0.00016334091196767986,
        8.171724039129913e-05,
        0.00011013142648153007,
        8.895677456166595e-05,
        4.843327042181045e-05,
        7.89094774518162e-05,
        9.40731042646803e-05,
        0.0002082188439089805,
        0.00015732870087958872,
        0.00011286942026345059
      ],
      "PSL_classification_label": "S-menu.nm",
      "PSL_lineitem_number": 1
    },
    {
      "bounding_box": [
        31,
        347,
        66,
        24,
        "36000"
      ],
      "classification_label": "S-menu.unitprice",
      "box_id": 4,
      "class_probability": 0.992202639579773,
      "scores": [
        0.00010791878594318405,
        0.00025126233231276274,
        0.00012669699208345264,
        0.00017156233661808074,
        0.00025675984215922654,
        0.00010444068175274879,
        0.0004910450079478323,
        0.001637676847167313,
        0.00015030152280814946,
        0.0001420242915628478,
        0.0003210639697499573,
        0.00017895654309540987,
        0.000872007745783776,
        0.992202639579773,
        0.00011182965681655332,
        8.269726822618395e-05,
        0.0002553277008701116,
        0.00013441627379506826,
        0.00013085037062410265,
        0.00023269100347533822,
        0.0002508081670384854,
        0.00029981843545101583,
        0.0002959941339213401,
        0.00012544062337838113,
        0.00011163923045387492,
        0.00017946276057045907,
        0.00012972974218428135,
        0.00017388422566000372,
        0.00017310377734247595,
        0.0001563748810440302,
        0.00014160704449750483
      ],
      "PSL_classification_label": "S-menu.unitprice",
      "PSL_lineitem_number": 1
    },
    {
      "bounding_box": [
        263,
        335,
        64,
        22,
        "36000"
      ],
      "classification_label": "S-menu.price",
      "box_id": 5,
      "class_probability": 0.9938105940818787,