{
  "scores_sequence": [
    "S-No_class",
    "S-menu.cnt",
    "S-menu.discountprice",
    "S-menu.etc",
    "S-menu.itemsubtotal",
    "S-menu.nm",
    "S-menu.num",
    "S-menu.price",
    "S-menu.sub_cnt",
    "S-menu.sub_etc",
    "S-menu.sub_nm",
    "S-menu.sub_price",
    "S-menu.sub_unitprice",
    "S-menu.unitprice",
    "S-menu.vatyn",
    "S-sub_total.discount_price",
    "S-sub_total.etc",
    "S-sub_total.othersvc_price",
    "S-sub_total.service_price",
    "S-sub_total.subtotal_price",
    "S-sub_total.tax_price",
    "S-total.cashprice",
    "S-total.changeprice",
    "S-total.creditcardprice",
    "S-total.emoneyprice",
    "S-total.menuqty_cnt",
    "S-total.menutype_cnt",
    "S-total.total_etc",
    "S-total.total_price",
    "S-void_menu.nm",
    "S-void_menu.price"
  ],
  "predictions": [
    {
      "bounding_box": [
        581,
        505,
        84,
        30,
        "22,728"
      ],
      "classification_label": "S-sub_total.subtotal_price",
      "box_id": 0,
      "class_probability": 0.9832448959350586,
      "scores": [
        0.0003291779139544815,
        0.0004017498285975307,
        0.0006282830145210028,
        0.0003065979399252683,
        0.000275634229183197,
        0.00024239234335254878,
        0.0002243824565084651,
        0.0004284628084860742,
        0.00016853089618962258,
        0.00041482047527097166,
        0.0002332383010070771,
        0.00031360419234260917,
        0.0002418409421807155,
        0.00022728041221853346,
        0.00027982244500890374,
        0.0027751366142183542,
        0.0011689540697261691,
        0.000338042969815433,
        0.0014480333775281906,
        0.9832448959350586,
        0.0032350586261600256,
        0.00016549248539377004,
        0.00022453785641118884,
        0.00021963681501802057,
        0.00021083926549181342,
        0.0004913507727906108,
        0.00018939530127681792,
        0.00015325153071898967,
        0.001016912399791181,
        0.00017399160424247384,
        0.00022867492225486785
      ],
      "PSL_classification_label": "S-sub_total.subtotal_price",
      "PSL_lineitem_number": ""
    },
    {
      "bounding_box": [
        593,
        473,
        72,
        29,
        "2,272"
      ],
      "classification_label": "S-sub_total.tax_price",
      "box_id": 1,
      "class_probability": 0.9927213788032532,
      "scores": [
        0.0001225681189680472,
        0.00019646641158033162,
        0.00011938585521420464,
        6.735228089382872e-05,
        0.00014989444753155112,
        0.00014190326328389347,
        0.0001736104895826429,
        0.00016066241369117051,
        8.181062730727717e-05,
        0.00011889013694599271,
        0.00010481676872586831,
        0.0001334418629994616,
        0.00010060567001346499,
        0.00024850681074894965,
        0.00012382051500026137,
        0.0005023495759814978,
        0.00028621676028706133,
        0.0002120745921274647,
        0.0028950166888535023,
        7.634554640389979e-05,
        0.9927213788032532,
        0.00013429213140625507,
        0.0001623045391170308,
        0.00010325345647288486,
        9.147601667791605e-05,
        0.00015837520186323673,
        9.254820906789973e-05,
        0.00013392748951446265,
        0.0002030082105193287,
        7.986916898516938e-05,
        0.00010379696323070675
      ],
      "PSL_classification_label": "S-sub_total.tax_price",
      "PSL_lineitem_number": ""
    },
    {
      "bounding_box": [
        143,
        349,
        28,
        28,
        "1X"
      ],
      "classification_label": "S-menu.cnt",
      "box_id": 2,
      "class_probability": 0.6770769953727722,
      "scores": [
        0.0053588044829666615,
        0.6770769953727722,
        0.0033824562560766935,
        0.006316169165074825,
        0.0019201141549274325,
        0.012007915414869785,
        0.008701089769601822,
        0.0016066818498075008,
        0.006820594426244497,
        0.0028107825201004744,
        0.17763304710388184,
        0.0033827447332441807,
        0.0037266178987920284,
        0.0022152469027787447,
        0.00413309782743454,
        0.0015629255212843418,
        0.0021584760397672653,
        0.0017946948064491153,
        0.0028431611135601997,
        0.002968819113448262,
        0.004212918225675821,
        0.0025945743545889854,
        0.0065725636668503284,
        0.0016369535587728024,
        0.002783257281407714,
        0.03681649640202522,
        0.006022971589118242,
        0.003598995739594102,
        0.003324467921629548,
        0.001360673108138144,
        0.0026557103265076876
      ],
      "PSL_classification_label": "S-menu.cnt",
      "PSL_lineitem_number": 1
    },
    {
      "bounding_box": [
        179,
        349,
        250,
        33,
        "S-Hazelnut KOI Cafe"
      ],
      "classification_label": "S-menu.nm",
      "box_id": 3,
      "class_probability": 0.9965883493423462,
      "scores": [
        0.00012043754395563155,
        7.012100832071155e-05,
        4.634017386706546e-05,
        0.00020742473134305328,
        9.272839815821499e-05,
        0.9965883493423462,
        0.00023925748246256262,
        9.39655292313546e-05,
        6.127529923105612e-05,
        0.00011235117563046515,
        0.0006607553805224597,
        4.876434468314983e-05,
        4.394987990963273e-05,
        7.934733730508015e-05,
        0.00013634403876494616,
        9.801929991226643e-05,
        8.551571954740211e-05,
        9.436038817511871e-05,
        7.20818861736916e-05,
        8.224169869208708e-05,
        7.728900527581573e-05,
        0.00012683744716923684,
        6.971620314288884e-05,
        6.331197073450312e-05,
        7.129667937988415e-05,
        6.126501102698967e-05,
        6.0770158597733825e-05,
        6.756062794011086e-05,
        0.00016315164975821972,
        0.00012883299496024847,
        7.638440001755953e-05
      ],
      "PSL_classification_label": "S-menu.nm",
      "PSL_lineitem_number": 1
    },
    {
      "bounding_box": [
        577,
        347,
        86,
        27,
        "25,000"
      ],
      "classification_label": "S-menu.price",
      "box_id": 4,
      "class_probability": 0.9983349442481995,
      "scores": [
        2.6166300813201815e-05,
        3.148952600895427e-05,
        4.175680805929005e-05,
        4.922914013150148e-05,
        4.281525616534054e-05,
        4.7643494326621294e-05,
        4.7663943405495957e-05,
        0.9983349442481995,
        5.375006367103197e-05,
        3.2715302950236946e-05,
        4.900411295238882e-05,
        0.00021338631631806493,
        3.4338125260546803e-05,
        0.00011960314441239461,
        8.398560021305457e-05,
        4.260065543348901e-05,
        3.458972059888765e-05,
        4.943440217175521e-05,
        4.498787529882975e-05,
        7.07311337464489e-05,
        5.758533006883226e-05,
        7.825169450370595e-05,
        6.34952521068044e-05,
        2.488682912371587e-05,
        4.103281025891192e-05,
        2.6862388040171936e-05,
        3.2828222174430266e-05,
        4.7975783672882244e-05,
        5.195752237341367e-05,
        6.166566890897229e-05,
        6.271003803703934e-05
      ],
      "PSL_classification_label": "S-menu.price",
      "PSL_lineitem_number": 1
    },
    {
      "bounding_box": [
        439,
        351,
        94,
        30,
        "@25,000"
      ],
      "classification_label": "S-menu.unitprice",
      "box_id": 5,
      "class_probability": 0.9729740023612976,