{
  "scores_sequence": [
    "S-No_class",
    "S-menu.cnt",
    "S-menu.discountprice",
    "S-menu.etc",
    "S-menu.itemsubtotal",
    "S-menu.nm",
    "S-menu.num",
    "S-menu.price",
    "S-menu.sub_cnt",
    "S-menu.sub_etc",
    "S-menu.sub_nm",
    "S-menu.sub_price",
    "S-menu.sub_unitprice",
    "S-menu.unitprice",
    "S-menu.vatyn",
    "S-sub_total.discount_price",
    "S-sub_total.etc",
    "S-sub_total.othersvc_price",
    "S-sub_total.service_price",
    "S-sub_total.subtotal_price",
    "S-sub_total.tax_price",
    "S-total.cashprice",
    "S-total.changeprice",
    "S-total.creditcardprice",
    "S-total.emoneyprice",
    "S-total.menuqty_cnt",
    "S-total.menutype_cnt",
    "S-total.total_etc",
    "S-total.total_price",
    "S-void_menu.nm",
    "S-void_menu.price"
  ],
  "predictions": [
    {
      "bounding_box": [
        20,
        311,
        167,
        25,
        "Snack Lestari All"
      ],
      "classification_label": "S-menu.nm",
      "box_id": 0,
      "class_probability": 0.9976052045822144,
      "scores": [
        0.00010063003719551489,
        9.520294406684116e-05,
        4.148840525886044e-05,
        0.00011499437096063048,
        7.483440276701003e-05,
        0.9976052045822144,
        0.00015434141096193343,
        7.163763075368479e-05,
        5.253380732028745e-05,
        8.69727591634728e-05,
        0.0001486461260356009,
        4.641148552764207e-05,
        3.9228470996022224e-05,
        5.974267332931049e-05,
        0.0001054160384228453,
        8.52530647534877e-05,
        7.418522000079975e-05,
        7.288952474482358e-05,
        5.581181903835386e-05,
        7.125327829271555e-05,
        7.096512854332104e-05,
        0.0001212061324622482,
        4.9681260861689225e-05,
        5.610469088423997e-05,
        6.073814074625261e-05,
        4.905939567834139e-05,
        7.111444574547932e-05,
        6.348334136418998e-05,
        0.0001256815594388172,
        0.00010967044363496825,
        6.564427894772962e-05
      ],
      "PSL_classification_label": "S-menu.nm",
      "PSL_lineitem_number": 1
    },
    {
      "bounding_box": [
        77,
        336,
        63,
        24,
        "27,000"
      ],
      "classification_label": "S-menu.unitprice",
      "box_id": 1,
      "class_probability": 0.9919713735580444,
      "scores": [
        0.000112588306365069,
        0.00021145488426554948,
        0.00020251078240107745,
        0.00013240790576674044,
        0.00021537124121095985,
        8.208858344005421e-05,
        0.00015164884098339826,
        0.0002565731992945075,
        0.00011524881119839847,
        0.00014489833847619593,
        0.00013724771270062774,
        0.00015928501670714468,
        0.003174212761223316,
        0.9919713735580444,
        7.89871919550933e-05,
        9.238238271791488e-05,
        0.0003906422934960574,
        0.00018053453823085874,
        0.00019753043306991458,
        0.0001162453627330251,
        0.00016060519556049258,
        0.00021868546900805086,
        0.00018441383144818246,
        0.0001680371060501784,
        0.00014129308692645282,
        0.00011632942914729938,
        0.00017402948287781328,
        0.000216720174648799,
        0.0001267483166884631,
        0.00017093268979806453,
        0.0001990842429222539
      ],
      "PSL_classification_label": "S-menu.unitprice",
      "PSL_lineitem_number": 1
    },
    {
      "bounding_box": [
        39,
        336,
        13,
        20,
        "2"
      ],
      "classification_label": "S-menu.cnt",
      "box_id": 2,
      "class_probability": 0.9979758858680725,
      "scores": [
        6.735000351909548e-05,
        0.9979758858680725,
        0.00010430537076899782,
        6.627303082495928e-05,
        4.967451604898088e-05,
        4.9493501137476414e-05,
        4.3914809793932363e-05,
        2.2132309823064134e-05,
        0.0003186239337082952,
        5.6184770073741674e-05,
        3.96476243622601e-05,
        5.085008524474688e-05,
        9.121166658587754e-05,
        4.079471545992419e-05,
        4.7039182391017675e-05,
        4.6243047108873725e-05,
        4.679867925005965e-05,
        3.5083598049823195e-05,
        7.375311543000862e-05,
        4.43823155364953e-05,
        8.28225674922578e-05,
        6.658255733782426e-05,
        5.9521709772525355e-05,
        5.9991059970343485e-05,
        6.660396320512518e-05,
        9.083830809686333e-05,
        0.0001233704388141632,
        4.0595929021947086e-05,
        5.375287219067104e-05,
        3.8284990296233445e-05,
        4.7996098146541044e-05
      ],
      "PSL_classification_label": "S-menu.cnt",
      "PSL_lineitem_number": 1
    },
    {
      "bounding_box": [
        351,
        338,
        65,
        23,
        "54,000"
      ],
      "classification_label": "S-menu.price",
      "box_id": 3,
      "class_probability": 0.9976182579994202,
      "scores": [
        3.589302286854945e-05,
        4.630174589692615e-05,
        6.144512008177117e-05,
        6.68540014885366e-05,
        5.277548189042136e-05,
        7.25482968846336e-05,
        5.987567419651896e-05,
        0.9976182579994202,
        6.397653487510979e-05,
        4.384087151265703e-05,
        6.387702887877822e-05,
        0.00016955527826212347,
        5.096204768051393e-05,
        0.0005158107378520072,
        9.632183355279267e-05,
        4.821544644073583e-05,
        5.161196895642206e-05,
        4.887870090897195e-05,
        5.2904480980942026e-05,
        8.037306542973965e-05,
        6.696918717352673e-05,
        8.977719699032605e-05,
        6.637746992055327e-05,
        3.524480780470185e-05,
        6.624442175962031e-05,
        3.820941856247373e-05,
        3.733864286914468e-05,
        6.501736061181873e-05,
        8.65563633851707e-05,
        6.9360678025987e-05,
        7.873406138969585e-05
      ],
      "PSL_classification_label": "S-menu.price",
      "PSL_lineitem_number": 1
    },
    {
      "bounding_box": [
        16,
        357,
        398,
        60,
        "Bakery Aneka Sisir Banana,Pizza,yoko,Mar mer,Daging,abon,keju,cokelat,dll"
      ],
      "classification_label": "S-menu.sub_nm",
      "box_id": 4,
      "class_probability": 0.30795618891716003,
      "scores": [
        0.008948993869125843,
        0.00510005559772253,
        0.005055251065641642,
        0.009805595502257347,
        0.007219432387501001,
        0.11872392147779465,
        0.02887030690908432,
        0.018752679228782654,
        0.0032434393651783466,
        0.00886830035597086,
        0.30795618891716003,
        0.0035521455574780703,
        0.003441707231104374,
        0.020422764122486115,
        0.011424255557358265,
        0.00859591644257307,
        0.009809987619519234,
        0.004062483087182045,
        0.00670506339520216,
        0.2756440341472626,
        0.023294690996408463,
        0.007564390078186989,
        0.005647672805935144,
        0.008065870963037014,
        0.0025954023003578186,
        0.0030743281822651625,
        0.003969575744122267,
        0.0032150696497410536,
        0.06988443434238434,
        0.0028541204519569874,
        0.0036319391801953316
      ],
      "PSL_classification_label": "S-menu.sub_nm",
      "PSL_lineitem_number": 2
    },
    {
      "bounding_box": [
        79,
        416,
        50,
        22,
        "7,000"
      ],
      "classification_label": "S-menu.sub_unitprice",
      "box_id": 5,
      "class_probability": 0.6345284581184387,