{
  "scores_sequence": [
    "S-No_class",
    "S-menu.cnt",
    "S-menu.discountprice",
    "S-menu.etc",
    "S-menu.itemsubtotal",
    "S-menu.nm",
    "S-menu.num",
    "S-menu.price",
    "S-menu.sub_cnt",
    "S-menu.sub_etc",
    "S-menu.sub_nm",
    "S-menu.sub_price",
    "S-menu.sub_unitprice",
    "S-menu.unitprice",
    "S-menu.vatyn",
    "S-sub_total.discount_price",
    "S-sub_total.etc",
    "S-sub_total.othersvc_price",
    "S-sub_total.service_price",
    "S-sub_total.subtotal_price",
    "S-sub_total.tax_price",
    "S-total.cashprice",
    "S-total.changeprice",
    "S-total.creditcardprice",
    "S-total.emoneyprice",
    "S-total.menuqty_cnt",
    "S-total.menutype_cnt",
    "S-total.total_etc",
    "S-total.total_price",
    "S-void_menu.nm",
    "S-void_menu.price"
  ],
  "predictions": [
    {
      "bounding_box": [
        628,
        1892,
        35,
        61,
        "1"
      ],
      "classification_label": "S-menu.cnt",
      "box_id": 0,
      "class_probability": 0.998176097869873,
      "scores": [
        7.107850251486525e-05,
        0.998176097869873,
        5.8874244132312015e-05,
        5.892648550798185e-05,
        3.978167660534382e-05,
        7.145597919588909e-05,
        5.884006532141939e-05,
        2.3117154341889545e-05,
        0.00027748168213292956,
        4.754863402922638e-05,
        4.097709461348131e-05,
        4.386355067254044e-05,
        5.9082241932628676e-05,
        3.706062489072792e-05,
        4.928965063299984e-05,
        4.497771806200035e-05,
        3.846146501018666e-05,
        3.221050064894371e-05,
        6.56726406305097e-05,
        5.147949923411943e-05,
        8.483585406793281e-05,
        7.614411879330873e-05,
        5.082183997728862e-05,
        5.8266967243980616e-05,
        6.185403617564589e-05,
        7.058740447973832e-05,
        8.807644917396829e-05,
        3.3917531254701316e-05,
        5.510101982508786e-05,
        2.956010212074034e-05,
        4.4470543798524886e-05
      ],
      "PSL_classification_label": "S-menu.cnt",
      "PSL_lineitem_number": 1
    },
    {
      "bounding_box": [
        732,
        1880,
        355,
        65,
        "Lemon Tea (L)"
      ],
      "classification_label": "S-menu.nm",
      "box_id": 1,
      "class_probability": 0.9925447106361389,
      "scores": [
        0.00016793054237496108,
        0.00010537155321799219,
        7.717393600614741e-05,
        0.0003842656151391566,
        0.00016166642308235168,
        0.9925447106361389,
        0.0005088074249215424,
        0.00014901110262144357,
        0.00010670081246644258,
        0.00021161706536076963,
        0.0026421640068292618,
        7.026485400274396e-05,
        8.976108074421063e-05,
        0.00018475708202458918,
        0.0002557554980739951,
        0.00013797619612887502,
        0.00013399103772826493,
        0.00016325246542692184,
        0.00011612789967330173,
        0.00020355168089736253,
        0.00012167001113994047,
        0.00020698107255157083,
        0.00010756680421764031,
        0.0001419362088199705,
        0.00012202616926515475,
        0.00010423565254313871,
        0.00010624570859363303,
        0.00012228245032019913,
        0.00024755860795266926,
        0.00017084873979911208,
        0.00013377281720750034
      ],
      "PSL_classification_label": "S-menu.nm",
      "PSL_lineitem_number": 1
    },
    {
      "bounding_box": [
        1539,
        1867,
        179,
        62,
        "25.000"
      ],
      "classification_label": "S-menu.price",
      "box_id": 2,
      "class_probability": 0.9981575608253479,
      "scores": [
        3.278203439549543e-05,
        3.28995447489433e-05,
        4.873597208643332e-05,
        4.634131255443208e-05,
        4.082347368239425e-05,
        5.930440966039896e-05,
        4.310670556151308e-05,
        0.9981575608253479,
        5.638277070829645e-05,
        3.2684605685062706e-05,
        5.116563988849521e-05,
        0.00025395912234671414,
        3.483800537651405e-05,
        0.000100661076430697,
        8.858158253133297e-05,
        4.6115503209875897e-05,
        3.65149971912615e-05,
        4.7846966481301934e-05,
        4.290017386665568e-05,
        0.00011963493307121098,
        6.418221164494753e-05,
        8.555094973416999e-05,
        6.670629227301106e-05,
        2.7269661586615257e-05,
        5.527340908884071e-05,
        3.5297540307510644e-05,
        3.5794699215330184e-05,
        5.213345866650343e-05,
        7.291805377462879e-05,
        5.929920735070482e-05,
        7.269094203365967e-05
      ],
      "PSL_classification_label": "S-menu.price",
      "PSL_lineitem_number": 1
    },
    {
      "bounding_box": [
        628,
        1961,
        35,
        58,
        "1"
      ],
      "classification_label": "S-menu.cnt",
      "box_id": 3,
      "class_probability": 0.981981098651886,
      "scores": [
        0.00014387432020157576,
        0.981981098651886,
        0.00018329957674723119,
        0.00015242805238813162,
        0.00011572428047657013,
        0.00021385547006502748,
        0.00014127006579656154,
        6.380226113833487e-05,
        0.013550180941820145,
        0.0001400393375661224,
        0.00010934581951005384,
        0.00011598193668760359,
        0.00020466202113311738,
        7.449828262906522e-05,
        0.00011644654296105728,
        8.595224790042266e-05,
        9.381921699969098e-05,
        8.661151514388621e-05,
        0.00016717605467420071,
        0.00011713532148860395,
        0.00016144014080055058,
        0.00017302515334449708,
        0.00012125615467084572,
        0.00010556248162174597,
        0.00013595788914244622,
        0.0006256646011024714,
        0.00038542936090379953,
        8.149134373525158e-05,
        8.888192678568885e-05,
        0.00010435144940856844,
        0.0001596797228557989
      ],
      "PSL_classification_label": "S-menu.cnt",
      "PSL_lineitem_number": 2
    },
    {
      "bounding_box": [
        732,
        1945,
        500,
        70,
        "Extra Jelly Lychee"
      ],
      "classification_label": "S-menu.nm",
      "box_id": 4,
      "class_probability": 0.9824286103248596,
      "scores": [
        0.0002976303512696177,
        0.0001365203206660226,
        0.00010857103916350752,
        0.0006340147228911519,
        0.00024408713215962052,
        0.9824286103248596,
        0.0006050189258530736,
        0.00016568959108553827,
        0.00014849357830826193,
        0.00029733192059211433,
        0.010701244696974754,
        9.46688960539177e-05,
        0.00011975090455962345,
        0.00022424920462071896,
        0.0004238214169163257,
        0.00017185028991661966,
        0.00020554137881845236,
        0.0002389179280726239,
        0.00016149615112226456,
        0.0002980797435157001,
        0.0001989523007068783,
        0.0002441194956190884,
        0.00017501793627161533,
        0.00020415727340150625,
        0.00017945632862392813,
        0.00015808989701326936,
        0.00014887089491821826,
        0.0001823080820031464,
        0.0004041531647089869,
        0.00020934022904839367,
        0.0001900865463539958
      ],
      "PSL_classification_label": "S-menu.nm",
      "PSL_lineitem_number": 2
    },
    {
      "bounding_box": [
        1566,
        1933,
        152,
        65,
        "5.000"
      ],
      "classification_label": "S-menu.price",
      "box_id": 5,
      "class_probability": 0.9454841017723083,