{
  "scores_sequence": [
    "S-No_class",
    "S-menu.cnt",
    "S-menu.discountprice",
    "S-menu.etc",
    "S-menu.itemsubtotal",
    "S-menu.nm",
    "S-menu.num",
    "S-menu.price",
    "S-menu.sub_cnt",
    "S-menu.sub_etc",
    "S-menu.sub_nm",
    "S-menu.sub_price",
    "S-menu.sub_unitprice",
    "S-menu.unitprice",
    "S-menu.vatyn",
    "S-sub_total.discount_price",
    "S-sub_total.etc",
    "S-sub_total.othersvc_price",
    "S-sub_total.service_price",
    "S-sub_total.subtotal_price",
    "S-sub_total.tax_price",
    "S-total.cashprice",
    "S-total.changeprice",
    "S-total.creditcardprice",
    "S-total.emoneyprice",
    "S-total.menuqty_cnt",
    "S-total.menutype_cnt",
    "S-total.total_etc",
    "S-total.total_price",
    "S-void_menu.nm",
    "S-void_menu.price"
  ],
  "predictions": [
    {
      "bounding_box": [
        387,
        1581,
        64,
        73,
        "x"
      ],
      "classification_label": "S-menu.cnt",
      "box_id": 0,
      "class_probability": 0.9978839755058289,
      "scores": [
        7.796923455316573e-05,
        0.9978839755058289,
        5.017014700570144e-05,
        7.58938622311689e-05,
        4.806807919521816e-05,
        6.521379691548645e-05,
        7.466295937774703e-05,
        2.5230887331417762e-05,
        0.00046670984011143446,
        5.0522954552434385e-05,
        5.005907587474212e-05,
        4.566963616525754e-05,
        5.9725582104874775e-05,
        3.467663191258907e-05,
        4.907048787572421e-05,
        4.000618719146587e-05,
        3.8149893953232095e-05,
        3.362730785738677e-05,
        8.381007501157e-05,
        6.327976007014513e-05,
        7.601331162732095e-05,
        6.925316120032221e-05,
        6.162964564282447e-05,
        6.755388312740251e-05,
        6.503325857920572e-05,
        6.022105662850663e-05,
        8.942354179453105e-05,
        3.306204962427728e-05,
        6.87037463649176e-05,
        3.8324345950968564e-05,
        5.422265894594602e-05
      ],
      "PSL_classification_label": "S-menu.cnt",
      "PSL_lineitem_number": ""
    },
    {
      "bounding_box": [
        147,
        1409,
        836,
        98,
        "TRIPPLE CHEESE"
      ],
      "classification_label": "S-menu.nm",
      "box_id": 1,
      "class_probability": 0.9973370432853699,
      "scores": [
        0.0001075131367542781,
        9.353570203529671e-05,
        4.663185973186046e-05,
        0.000136474976898171,
        7.484653906431049e-05,
        0.9973370432853699,
        0.00015691704174969345,
        8.830397564452142e-05,
        5.9963578678434715e-05,
        0.00010001829650718719,
        0.00019841450557578355,
        5.532935028895736e-05,
        4.590574826579541e-05,
        6.507116631837562e-05,
        0.00013259904517326504,
        0.0001142227411037311,
        8.108067413559183e-05,
        8.738438191358e-05,
        6.274571205722168e-05,
        6.60979058011435e-05,
        7.892616849858314e-05,
        0.00012686241825576872,
        5.730644261348061e-05,
        4.966549022356048e-05,
        6.27241752226837e-05,
        4.785726923728362e-05,
        6.120483158156276e-05,
        6.814887456130236e-05,
        0.00013239345571491867,
        0.00012906671327073127,
        7.572657341370359e-05
      ],
      "PSL_classification_label": "S-menu.nm",
      "PSL_lineitem_number": ""
    },
    {
      "bounding_box": [
        165,
        1564,
        46,
        86,
        "1"
      ],
      "classification_label": "S-menu.cnt",
      "box_id": 2,
      "class_probability": 0.9981653094291687,
      "scores": [
        6.15777462371625e-05,
        0.9981653094291687,
        4.465326856006868e-05,
        6.0935726651223376e-05,
        4.250337224220857e-05,
        5.019343370804563e-05,
        5.55207188881468e-05,
        2.8542599466163665e-05,
        0.00041595729999244213,
        4.685289241024293e-05,
        4.010591146652587e-05,
        5.282527126837522e-05,
        5.5688287829980254e-05,
        4.189580795355141e-05,
        4.704317689174786e-05,
        3.246531559852883e-05,
        3.68434630217962e-05,
        3.266152270953171e-05,
        6.640632636845112e-05,
        4.540994996204972e-05,
        5.952738501946442e-05,
        6.086661232984625e-05,
        5.612447057501413e-05,
        5.760042404290289e-05,
        6.141083576949313e-05,
        4.9095462600234896e-05,
        7.482852379325777e-05,
        2.735100315476302e-05,
        4.922842708765529e-05,
        3.187967377016321e-05,
        4.8706846428103745e-05
      ],
      "PSL_classification_label": "S-menu.cnt",
      "PSL_lineitem_number": ""
    },
    {
      "bounding_box": [
        527,
        1556,
        304,
        98,
        "17,000"
      ],
      "classification_label": "S-menu.unitprice",
      "box_id": 3,
      "class_probability": 0.9958305954933167,
      "scores": [
        7.53201384213753e-05,
        0.00012796244118362665,
        8.821365918265656e-05,
        8.389836875721812e-05,
        0.00014241586904972792,
        7.115372136468068e-05,
        0.00011883822298841551,
        0.0006015669205226004,
        7.506542897317559e-05,
        9.868510096566752e-05,
        0.00013039272744208574,
        0.00011678277951432392,
        0.0007065123063512146,
        0.9958305954933167,
        6.000545181450434e-05,
        4.3910891690757126e-05,
        0.00014773373550269753,
        8.705773507244885e-05,
        0.00011279019236098975,
        8.064803841989487e-05,
        0.00011435744818300009,
        0.00014768358960282058,
        0.00012581910414155573,
        9.143319039139897e-05,
        7.735237159067765e-05,
        0.00010157862561754882,
        9.382417920278385e-05,
        0.00011167587217641994,
        0.00011329558765282854,
        0.0001095524276024662,
        0.00011386751430109143
      ],
      "PSL_classification_label": "S-menu.unitprice",
      "PSL_lineitem_number": ""
    },
    {
      "bounding_box": [
        1949,
        1523,
        334,
        90,
        "17,000"
      ],
      "classification_label": "S-menu.price",
      "box_id": 4,
      "class_probability": 0.9983468055725098,
      "scores": [
        2.8839547667303123e-05,
        3.770443800021894e-05,
        4.6791654312983155e-05,
        4.887876639259048e-05,
        4.3473679397720844e-05,
        5.1301165512995794e-05,
        5.452092591440305e-05,
        0.9983468055725098,
        4.529216676019132e-05,
        3.812284194282256e-05,
        5.3332514653448015e-05,
        0.0001637679524719715,
        2.509018850105349e-05,
        7.163702684920281e-05,
        8.056264778133482e-05,
        4.018227627966553e-05,
        3.416026083868928e-05,
        4.362909749033861e-05,
        4.5665030484087765e-05,
        0.00013425770157482475,
        6.436160765588284e-05,
        6.714514165651053e-05,
        5.445238639367744e-05,
        2.600305015221238e-05,
        4.6819288400001824e-05,
        3.0858867830829695e-05,
        3.3760668884497136e-05,
        4.531333252089098e-05,
        8.397186320507899e-05,
        5.8137826272286475e-05,
        5.523782965610735e-05
      ],
      "PSL_classification_label": "S-menu.price",
      "PSL_lineitem_number": 3
    },
    {
      "bounding_box": [
        1951,
        1740,
        327,
        95,
        "17,000"
      ],
      "classification_label": "S-sub_total.subtotal_price",
      "box_id": 5,
      "class_probability": 0.9966394901275635,