{
  "scores_sequence": [
    "S-No_class",
    "S-menu.cnt",
    "S-menu.discountprice",
    "S-menu.etc",
    "S-menu.itemsubtotal",
    "S-menu.nm",
    "S-menu.num",
    "S-menu.price",
    "S-menu.sub_cnt",
    "S-menu.sub_etc",
    "S-menu.sub_nm",
    "S-menu.sub_price",
    "S-menu.sub_unitprice",
    "S-menu.unitprice",
    "S-menu.vatyn",
    "S-sub_total.discount_price",
    "S-sub_total.etc",
    "S-sub_total.othersvc_price",
    "S-sub_total.service_price",
    "S-sub_total.subtotal_price",
    "S-sub_total.tax_price",
    "S-total.cashprice",
    "S-total.changeprice",
    "S-total.creditcardprice",
    "S-total.emoneyprice",
    "S-total.menuqty_cnt",
    "S-total.menutype_cnt",
    "S-total.total_etc",
    "S-total.total_price",
    "S-void_menu.nm",
    "S-void_menu.price"
  ],
  "predictions": [
    {
      "bounding_box": [
        622,
        786,
        119,
        84,
        "48.000"
      ],
      "classification_label": "S-total.total_price",
      "box_id": 0,
      "class_probability": 0.9960773587226868,
      "scores": [
        8.240054739871994e-05,
        0.00010916600149357691,
        7.130016456358135e-05,
        8.132164657581598e-05,
        0.00013206416042521596,
        0.00011702301708282903,
        6.421695434255525e-05,
        0.0001647287281230092,
        4.8072062782011926e-05,
        0.00011060702672693878,
        8.406710549024865e-05,
        9.082273754756898e-05,
        5.579010394285433e-05,
        0.00014629439101554453,
        7.472484867321327e-05,
        9.485917689744383e-05,
        0.0001895383174996823,
        6.472512177424505e-05,
        0.00010057332838186994,
        0.0001839270262280479,
        0.0001530862646177411,
        0.0003474385302979499,
        0.00014754575386177748,
        0.00043454038677737117,
        0.0001371873077005148,
        0.00015687195991631597,
        6.558839231729507e-05,
        0.00023041164968162775,
        0.9960773587226868,
        6.523549382109195e-05,
        0.00011850004375446588
      ],
      "PSL_classification_label": "S-total.total_price",
      "PSL_lineitem_number": ""
    },
    {
      "bounding_box": [
        626,
        904,
        108,
        52,
        "50.000"
      ],
      "classification_label": "S-total.cashprice",
      "box_id": 1,
      "class_probability": 0.9934422969818115,
      "scores": [
        0.00013049313565716147,
        0.0001168505332316272,
        0.00011088674364145845,
        0.00010089711577165872,
        0.0001071715378202498,
        0.00022949835692998022,
        0.000116416958917398,
        0.00022650101163890213,
        0.00022220483515411615,
        8.564839663449675e-05,
        0.00017312394629698247,
        0.00010587407450657338,
        0.00016242920537479222,
        0.0002766602556221187,
        0.00012419471750035882,
        7.368658407358453e-05,
        0.00011774039012379944,
        0.00020949298050254583,
        0.00012616770982276648,
        0.00014424422988668084,
        8.671768591739237e-05,
        0.9934422969818115,
        0.0004314680118113756,
        0.000223847251618281,
        0.00024958228459581733,
        8.785929094301537e-05,
        0.00022184636327438056,
        0.0019660149700939655,
        5.780902938568033e-05,
        0.0001404024806106463,
        0.00013196299551054835
      ],
      "PSL_classification_label": "S-total.cashprice",
      "PSL_lineitem_number": ""
    },
    {
      "bounding_box": [
        642,
        949,
        92,
        51,
        "2,000"
      ],
      "classification_label": "S-total.changeprice",
      "box_id": 2,
      "class_probability": 0.9957138299942017,
      "scores": [
        6.723824481014162e-05,
        0.00020023499382659793,
        8.456413343083113e-05,
        0.00014552964421454817,
        0.00012439978308975697,
        0.00010734910756582394,
        0.0001723179593682289,
        0.00016469012189190835,
        8.432495087618008e-05,
        6.922787724761292e-05,
        0.000183126496267505,
        0.00011854336480610073,
        0.00013785238843411207,
        0.00023059087106958032,
        9.324215352535248e-05,
        8.574343519285321e-05,
        0.00010334646503906697,
        0.00011728459503501654,
        0.00014246150385588408,
        0.00015602483472321182,
        0.00013947788102086633,
        0.00016641181719023734,
        0.9957138299942017,
        0.0001517429482191801,
        0.0001893513835966587,
        0.00022790113871451467,
        0.0002671074471436441,
        0.00024172422126866877,
        9.853773372014984e-05,
        0.00011041124525945634,
        0.00010550707520451397
      ],
      "PSL_classification_label": "S-total.changeprice",
      "PSL_lineitem_number": ""
    },
    {
      "bounding_box": [
        47,
        642,
        18,
        37,
        "1"
      ],
      "classification_label": "S-menu.cnt",
      "box_id": 3,
      "class_probability": 0.9984399676322937,
      "scores": [
        6.172728899400681e-05,
        0.9984399676322937,
        5.5644730309722945e-05,
        5.578920536208898e-05,
        3.356839079060592e-05,
        5.698631139239296e-05,
        5.3342220780905336e-05,
        2.0590025087585673e-05,
        0.0001949832367245108,
        4.168225859757513e-05,
        3.998208558186889e-05,
        5.030046304455027e-05,
        4.835088111576624e-05,
        3.401221692911349e-05,
        3.923588155885227e-05,
        3.622349686338566e-05,
        3.4790911740856245e-05,
        2.6074838388012722e-05,
        5.775887257186696e-05,
        4.84287302242592e-05,
        7.285241008503363e-05,
        5.8505851484369487e-05,
        5.097523535368964e-05,
        5.257490920484997e-05,
        5.1353828894207254e-05,
        6.732691690558568e-05,
        7.003696373431012e-05,
        3.243448009015992e-05,
        4.8387089918833226e-05,
        2.7927862902288325e-05,
        3.8114405469968915e-05
      ],
      "PSL_classification_label": "S-menu.cnt",
      "PSL_lineitem_number": 1
    },
    {
      "bounding_box": [
        117,
        645,
        274,
        41,
        "XXI Java Tea (M)"
      ],
      "classification_label": "S-menu.nm",
      "box_id": 4,
      "class_probability": 0.9962014555931091,
      "scores": [
        0.00011122749128844589,
        7.62197159929201e-05,
        4.923438609694131e-05,
        0.00021817094238940626,
        9.331664477940649e-05,
        0.9962014555931091,
        0.0002724924124777317,
        9.261853119824082e-05,
        7.174725760705769e-05,
        0.00014003277465235442,
        0.000877822982147336,
        4.4354685087455437e-05,
        5.4791202273918316e-05,
        9.378002141602337e-05,
        0.00013876784942112863,
        9.8199954663869e-05,
        8.011713362066075e-05,
        0.00010426220251247287,
        7.011411071289331e-05,
        9.593384311301634e-05,
        8.32184377941303e-05,
        0.00012363778660073876,
        5.513679207069799e-05,
        7.371387619059533e-05,
        7.232266943901777e-05,
        6.656909681623802e-05,
        7.577941141789779e-05,
        7.004881626926363e-05,
        0.00016656031948514283,
        0.00014436083438340575,
        8.391192386625335e-05
      ],
      "PSL_classification_label": "S-menu.nm",
      "PSL_lineitem_number": 1
    },
    {
      "bounding_box": [
        631,
        660,
        107,
        45,
        "18.000"
      ],
      "classification_label": "S-menu.price",
      "box_id": 5,
      "class_probability": 0.9982962012290955,