{
  "scores_sequence": [
    "S-No_class",
    "S-menu.cnt",
    "S-menu.discountprice",
    "S-menu.etc",
    "S-menu.itemsubtotal",
    "S-menu.nm",
    "S-menu.num",
    "S-menu.price",
    "S-menu.sub_cnt",
    "S-menu.sub_etc",
    "S-menu.sub_nm",
    "S-menu.sub_price",
    "S-menu.sub_unitprice",
    "S-menu.unitprice",
    "S-menu.vatyn",
    "S-sub_total.discount_price",
    "S-sub_total.etc",
    "S-sub_total.othersvc_price",
    "S-sub_total.service_price",
    "S-sub_total.subtotal_price",
    "S-sub_total.tax_price",
    "S-total.cashprice",
    "S-total.changeprice",
    "S-total.creditcardprice",
    "S-total.emoneyprice",
    "S-total.menuqty_cnt",
    "S-total.menutype_cnt",
    "S-total.total_etc",
    "S-total.total_price",
    "S-void_menu.nm",
    "S-void_menu.price"
  ],
  "predictions": [
    {
      "bounding_box": [
        638,
        1748,
        39,
        62,
        "1"
      ],
      "classification_label": "S-menu.cnt",
      "box_id": 0,
      "class_probability": 0.9983654618263245,
      "scores": [
        6.956326251383871e-05,
        0.9983654618263245,
        6.268044671742246e-05,
        5.57609491806943e-05,
        4.039581472170539e-05,
        5.0823095079977065e-05,
        5.4528652981389314e-05,
        2.1768768419860862e-05,
        0.00013665623555425555,
        4.695605457527563e-05,
        3.7223915569484234e-05,
        5.3713378292741254e-05,
        6.012395169818774e-05,
        4.695950337918475e-05,
        4.3049411033280194e-05,
        4.1118368244497105e-05,
        3.8609236071351916e-05,
        3.0393648557947017e-05,
        6.895625847391784e-05,
        6.08007212576922e-05,
        7.248861948028207e-05,
        6.140815821709111e-05,
        5.0817616283893585e-05,
        5.8220921346219257e-05,
        6.515404675155878e-05,
        5.862760008312762e-05,
        7.75437947595492e-05,
        3.248976281611249e-05,
        6.41826045466587e-05,
        3.158580148010515e-05,
        4.182775228400715e-05
      ],
      "PSL_classification_label": "S-menu.cnt",
      "PSL_lineitem_number": 1
    },
    {
      "bounding_box": [
        702,
        1748,
        632,
        70,
        "[MD] SOFT MORNING ROLL"
      ],
      "classification_label": "S-menu.nm",
      "box_id": 1,
      "class_probability": 0.9974580407142639,
      "scores": [
        9.729747398523614e-05,
        5.4078540415503085e-05,
        4.011152850580402e-05,
        0.0001512409362476319,
        8.564219024265185e-05,
        0.9974580407142639,
        0.00017662205209489912,
        6.777000817237422e-05,
        5.057768794358708e-05,
        0.00010962759552057832,
        0.000328386522596702,
        4.437507232069038e-05,
        4.44354627688881e-05,
        7.501921209041029e-05,
        9.700174268800765e-05,
        8.024451381061226e-05,
        6.581072375411168e-05,
        8.684290514793247e-05,
        5.488035822054371e-05,
        6.577539897989482e-05,
        5.799092468805611e-05,
        9.893275273498148e-05,
        4.7842673666309565e-05,
        5.3018662583781406e-05,
        6.167558603920043e-05,
        4.27460836363025e-05,
        5.9488385886652395e-05,
        5.995553146931343e-05,
        9.435270476387814e-05,
        0.00012178863835288212,
        6.837843829998747e-05
      ],
      "PSL_classification_label": "S-menu.nm",
      "PSL_lineitem_number": 1
    },
    {
      "bounding_box": [
        1495,
        1748,
        184,
        66,
        "18,000"
      ],
      "classification_label": "S-menu.price",
      "box_id": 2,
      "class_probability": 0.9982439279556274,
      "scores": [
        2.88048577203881e-05,
        3.924860720871948e-05,
        4.921666914015077e-05,
        5.326998871169053e-05,
        4.308902134653181e-05,
        4.9170692363986745e-05,
        5.795602555735968e-05,
        0.9982439279556274,
        6.343698623823002e-05,
        3.6146651837043464e-05,
        4.97058208566159e-05,
        0.00016941312060225755,
        3.3279884519288316e-05,
        0.00015240471111610532,
        8.584866009186953e-05,
        4.475958121474832e-05,
        3.7499889003811404e-05,
        4.973450631950982e-05,
        4.8359645006712526e-05,
        5.75961712456774e-05,
        6.338715320453048e-05,
        8.39616113808006e-05,
        5.772583608631976e-05,
        2.4617807866889052e-05,
        5.028228770243004e-05,
        3.278990334365517e-05,
        3.42363455274608e-05,
        4.693006121669896e-05,
        6.917680002516136e-05,
        6.923059117980301e-05,
        7.476322207367048e-05
      ],
      "PSL_classification_label": "S-menu.price",
      "PSL_lineitem_number": 1
    },
    {
      "bounding_box": [
        633,
        1822,
        48,
        62,
        "2"
      ],
      "classification_label": "S-menu.cnt",
      "box_id": 3,
      "class_probability": 0.9983818531036377,
      "scores": [
        6.447076157201082e-05,
        0.9983818531036377,
        6.060552186681889e-05,
        5.736210005125031e-05,
        3.9718561311019585e-05,
        4.6795619709882885e-05,
        4.995763811166398e-05,
        2.5430548703297973e-05,
        0.00014396508049685508,
        4.9319049139739946e-05,
        3.587020546547137e-05,
        5.371707447920926e-05,
        6.1499718867708e-05,
        4.8216654249699786e-05,
        4.4045100366929546e-05,
        3.9240105252247304e-05,
        3.7084562791278586e-05,
        2.9606628231704235e-05,
        6.471315282396972e-05,
        5.781607615062967e-05,
        6.719304656144232e-05,
        6.095702337916009e-05,
        5.154262908035889e-05,
        5.991487341816537e-05,
        6.338515959214419e-05,
        5.9237630921415985e-05,
        7.527087291236967e-05,
        3.17004814860411e-05,
        6.245276745175943e-05,
        3.346910307300277e-05,
        4.3596854084171355e-05
      ],
      "PSL_classification_label": "S-menu.cnt",
      "PSL_lineitem_number": 2
    },
    {
      "bounding_box": [
        702,
        1822,
        687,
        66,
        "REAL HONEY PANCAKE BREAD"
      ],
      "classification_label": "S-menu.nm",
      "box_id": 4,
      "class_probability": 0.9967122077941895,
      "scores": [
        0.00011639372678473592,
        6.027443669154309e-05,
        4.255757812643424e-05,
        0.00018903054296970367,
        0.0001005122612696141,
        0.9967122077941895,
        0.0002545611059758812,
        7.923408702481538e-05,
        6.012866651872173e-05,
        0.00012019868881907314,
        0.0006227383273653686,
        4.923370579490438e-05,
        4.470339263207279e-05,
        8.741805504541844e-05,
        0.00011780954810092226,
        9.259843500331044e-05,
        8.050947508309036e-05,
        9.763187699718401e-05,
        7.08896986907348e-05,
        8.636590791866183e-05,
        7.929978164611384e-05,
        0.00010606029536575079,
        5.681445327354595e-05,
        6.721143290633336e-05,
        6.713475886499509e-05,
        5.641905954689719e-05,
        6.952467083465308e-05,
        6.826458411524072e-05,
        0.00015597780293319374,
        0.0001197329256683588,
        6.838422268629074e-05
      ],
      "PSL_classification_label": "S-menu.nm",
      "PSL_lineitem_number": 2
    },
    {
      "bounding_box": [
        1490,
        1818,
        191,
        66,
        "20,000"
      ],
      "classification_label": "S-menu.price",
      "box_id": 5,
      "class_probability": 0.9983505010604858,