{
  "scores_sequence": [
    "S-No_class",
    "S-menu.cnt",
    "S-menu.discountprice",
    "S-menu.etc",
    "S-menu.itemsubtotal",
    "S-menu.nm",
    "S-menu.num",
    "S-menu.price",
    "S-menu.sub_cnt",
    "S-menu.sub_etc",
    "S-menu.sub_nm",
    "S-menu.sub_price",
    "S-menu.sub_unitprice",
    "S-menu.unitprice",
    "S-menu.vatyn",
    "S-sub_total.discount_price",
    "S-sub_total.etc",
    "S-sub_total.othersvc_price",
    "S-sub_total.service_price",
    "S-sub_total.subtotal_price",
    "S-sub_total.tax_price",
    "S-total.cashprice",
    "S-total.changeprice",
    "S-total.creditcardprice",
    "S-total.emoneyprice",
    "S-total.menuqty_cnt",
    "S-total.menutype_cnt",
    "S-total.total_etc",
    "S-total.total_price",
    "S-void_menu.nm",
    "S-void_menu.price"
  ],
  "predictions": [
    {
      "bounding_box": [
        131,
        605,
        198,
        37,
        "THAI ICED TEA"
      ],
      "classification_label": "S-menu.nm",
      "box_id": 0,
      "class_probability": 0.9971354007720947,
      "scores": [
        0.00010398877930128947,
        8.345117385033518e-05,
        4.935330434818752e-05,
        0.00018209777772426605,
        7.973606261657551e-05,
        0.9971354007720947,
        0.00022553425515070558,
        8.413136674789712e-05,
        6.190999556565657e-05,
        0.00010947514238068834,
        0.0002536269894335419,
        5.2623166993726045e-05,
        4.34806352132e-05,
        5.8548444940242916e-05,
        0.00012685442925430834,
        0.0001035054592648521,
        8.628112118458375e-05,
        8.893249469110742e-05,
        6.158270844025537e-05,
        7.632617780473083e-05,
        8.389924914808944e-05,
        0.00011587463086470962,
        6.121066689956933e-05,
        6.964299973333254e-05,
        7.341112359426916e-05,
        4.827393786399625e-05,
        6.328519521048293e-05,
        7.143105904106051e-05,
        0.00014486028521787375,
        0.00012114639685023576,
        8.00652414909564e-05
      ],
      "PSL_classification_label": "S-menu.nm",
      "PSL_lineitem_number": 1
    },
    {
      "bounding_box": [
        149,
        651,
        12,
        26,
        "1"
      ],
      "classification_label": "S-menu.cnt",
      "box_id": 1,
      "class_probability": 0.9980810880661011,
      "scores": [
        6.10438291914761e-05,
        0.9980810880661011,
        4.635473669623025e-05,
        6.084766209824011e-05,
        4.253417137078941e-05,
        4.6050485252635553e-05,
        5.14058192493394e-05,
        2.7393409254727885e-05,
        0.0004351181269157678,
        5.0515398470452055e-05,
        3.792980351136066e-05,
        4.852975325775333e-05,
        6.48803761578165e-05,
        4.8725734814070165e-05,
        4.572834222926758e-05,
        4.0815477404976264e-05,
        3.9109385397750884e-05,
        3.3720603823894635e-05,
        8.114479715004563e-05,
        4.9134177970699966e-05,
        6.58971257507801e-05,
        6.871935329400003e-05,
        5.8953814004780725e-05,
        6.406361353583634e-05,
        6.492296233773232e-05,
        4.334537879913114e-05,
        7.463563088094816e-05,
        3.056066270801239e-05,
        5.095603773952462e-05,
        3.2298881706083193e-05,
        5.353542655939236e-05
      ],
      "PSL_classification_label": "S-menu.cnt",
      "PSL_lineitem_number": 1
    },
    {
      "bounding_box": [
        217,
        642,
        115,
        28,
        "@20.000"
      ],
      "classification_label": "S-menu.unitprice",
      "box_id": 2,
      "class_probability": 0.9962489008903503,
      "scores": [
        6.298578955465928e-05,
        0.00013666439917869866,
        7.504826498916373e-05,
        8.930078183766454e-05,
        0.0001323727919952944,
        0.00010828378435689956,
        0.0001606885198270902,
        0.00016096874605864286,
        6.182640936458483e-05,
        0.00010622737318044528,
        0.00016766363114584237,
        0.00011070005712099373,
        0.000682078127283603,
        0.9962489008903503,
        5.622217577183619e-05,
        5.2468090871116146e-05,
        0.00013090822903905064,
        8.758925105212256e-05,
        0.0001198912359541282,
        6.829639460192993e-05,
        0.00011233443365199491,
        0.0001278017443837598,
        0.00013450135884340852,
        0.00010097095946548507,
        6.216482870513573e-05,
        0.00012387477909214795,
        9.755755309015512e-05,
        0.00012145264190621674,
        0.00011176797124790028,
        0.00010459492477821186,
        8.382769738091156e-05
      ],
      "PSL_classification_label": "S-menu.unitprice",
      "PSL_lineitem_number": 1
    },
    {
      "bounding_box": [
        524,
        631,
        101,
        28,
        "20.000"
      ],
      "classification_label": "S-menu.price",
      "box_id": 3,
      "class_probability": 0.9983105659484863,
      "scores": [
        3.143720459775068e-05,
        3.883502722601406e-05,
        5.130791760166176e-05,
        5.296104427543469e-05,
        4.4901567889610305e-05,
        5.8296165661886334e-05,
        5.720477201975882e-05,
        0.9983105659484863,
        5.364152093534358e-05,
        3.899880903190933e-05,
        5.2770421461900696e-05,
        0.00015531046665273607,
        3.3156746212625876e-05,
        0.00011756669118767604,
        7.578712393296883e-05,
        4.124578845221549e-05,
        3.543568163877353e-05,
        4.535821426543407e-05,
        4.886464375886135e-05,
        6.304616545094177e-05,
        5.94890552747529e-05,
        7.72047569626011e-05,
        6.0576869145734236e-05,
        3.151254713884555e-05,
        4.592391996993683e-05,
        3.324118733871728e-05,
        3.250266672694124e-05,
        5.1956747483927757e-05,
        6.767634477000684e-05,
        6.296372885117307e-05,
        7.015308074187487e-05
      ],
      "PSL_classification_label": "S-menu.price",
      "PSL_lineitem_number": 1
    },
    {
      "bounding_box": [
        127,
        675,
        200,
        40,
        "THAI ICED TEA"
      ],
      "classification_label": "S-menu.nm",
      "box_id": 4,
      "class_probability": 0.9969726800918579,
      "scores": [
        0.00010979454964399338,
        7.939602801343426e-05,
        4.84046722704079e-05,
        0.00018939973961096257,
        8.681273902766407e-05,
        0.9969726800918579,
        0.00023589350166730583,
        8.418938523391262e-05,
        6.389198097167537e-05,
        0.00011307289969408885,
        0.00032502954127267003,
        5.1619856094475836e-05,
        4.259217166691087e-05,
        6.108161323936656e-05,
        0.000133730674860999,
        0.00010250943887513131,
        9.02102910913527e-05,
        9.262687672162428e-05,
        6.591459532501176e-05,
        8.369896386284381e-05,
        8.844395051710308e-05,
        0.00011676895519485697,
        6.550800753757358e-05,
        7.0483612944372e-05,
        7.584119157399982e-05,
        5.1106901082675904e-05,
        6.501892494270578e-05,
        7.092229498084635e-05,
        0.00015423810691572726,
        0.00012514274567365646,
        8.384189277421683e-05
      ],
      "PSL_classification_label": "S-menu.nm",
      "PSL_lineitem_number": 2
    },
    {
      "bounding_box": [
        143,
        725,
        12,
        27,
        "1"
      ],
      "classification_label": "S-menu.cnt",
      "box_id": 5,
      "class_probability": 0.9974868297576904,