{
  "scores_sequence": [
    "S-No_class",
    "S-menu.cnt",
    "S-menu.discountprice",
    "S-menu.etc",
    "S-menu.itemsubtotal",
    "S-menu.nm",
    "S-menu.num",
    "S-menu.price",
    "S-menu.sub_cnt",
    "S-menu.sub_etc",
    "S-menu.sub_nm",
    "S-menu.sub_price",
    "S-menu.sub_unitprice",
    "S-menu.unitprice",
    "S-menu.vatyn",
    "S-sub_total.discount_price",
    "S-sub_total.etc",
    "S-sub_total.othersvc_price",
    "S-sub_total.service_price",
    "S-sub_total.subtotal_price",
    "S-sub_total.tax_price",
    "S-total.cashprice",
    "S-total.changeprice",
    "S-total.creditcardprice",
    "S-total.emoneyprice",
    "S-total.menuqty_cnt",
    "S-total.menutype_cnt",
    "S-total.total_etc",
    "S-total.total_price",
    "S-void_menu.nm",
    "S-void_menu.price"
  ],
  "predictions": [
    {
      "bounding_box": [
        189,
        601,
        18,
        24,
        "6"
      ],
      "classification_label": "S-menu.cnt",
      "box_id": 0,
      "class_probability": 0.9981319308280945,
      "scores": [
        7.519133941968903e-05,
        0.9981319308280945,
        5.748879993916489e-05,
        6.971359835006297e-05,
        5.005580896977335e-05,
        6.893237150507048e-05,
        8.149731729645282e-05,
        2.7691676223184913e-05,
        0.00016705936286598444,
        5.670091923093423e-05,
        4.4901968067279086e-05,
        6.609049160033464e-05,
        7.355054549407214e-05,
        6.0187328926986083e-05,
        4.781946336152032e-05,
        4.968749271938577e-05,
        3.4909411624539644e-05,
        3.888165520038456e-05,
        7.0088506618049e-05,
        8.015022467589006e-05,
        6.999538891250268e-05,
        5.843104736413807e-05,
        5.4471674957312644e-05,
        5.769861309090629e-05,
        6.0706952353939414e-05,
        6.096001379773952e-05,
        8.917142986319959e-05,
        3.486409696051851e-05,
        7.442286005243659e-05,
        3.902579555870034e-05,
        4.762835305882618e-05
      ],
      "PSL_classification_label": "S-menu.cnt",
      "PSL_lineitem_number": 1
    },
    {
      "bounding_box": [
        216,
        598,
        139,
        29,
        "TWIST DONUT"
      ],
      "classification_label": "S-menu.nm",
      "box_id": 1,
      "class_probability": 0.9964485168457031,
      "scores": [
        0.00012901925947517157,
        7.807731890352443e-05,
        4.9594375013839453e-05,
        0.0001763114269124344,
        9.083362965611741e-05,
        0.9964485168457031,
        0.00018609398102853447,
        0.00010212240886176005,
        5.9957372286589816e-05,
        0.00011793685553129762,
        0.0006828816258348525,
        5.973478619125672e-05,
        5.431900353869423e-05,
        0.00010644936992321163,
        0.00015236408216878772,
        0.00011335562157910317,
        7.87304452387616e-05,
        0.00010204725549556315,
        7.394255953840911e-05,
        0.0001092133461497724,
        8.493741188431159e-05,
        0.00014121939602773637,
        7.310313230846077e-05,
        7.543763058492914e-05,
        8.304821676574647e-05,
        5.401195812737569e-05,
        6.519666931126267e-05,
        8.331491699209437e-05,
        0.0001588809973327443,
        0.0001290878135478124,
        8.018745575100183e-05
      ],
      "PSL_classification_label": "S-menu.nm",
      "PSL_lineitem_number": 1
    },
    {
      "bounding_box": [
        561,
        597,
        80,
        30,
        "54,000"
      ],
      "classification_label": "S-menu.price",
      "box_id": 2,
      "class_probability": 0.9983861446380615,
      "scores": [
        2.987452899105847e-05,
        3.0171009711921215e-05,
        4.0117884054780006e-05,
        5.018180308979936e-05,
        3.7076519220136106e-05,
        4.921852087136358e-05,
        4.512265877565369e-05,
        0.9983861446380615,
        5.784919630968943e-05,
        3.2676227419869974e-05,
        4.903594162897207e-05,
        0.0001569221931276843,
        2.805079384415876e-05,
        0.00011550750059541315,
        8.794079622020945e-05,
        4.0936811274150386e-05,
        3.276284405728802e-05,
        4.1667452023830265e-05,
        4.001952402177267e-05,
        8.001879177754745e-05,
        5.0521390221547335e-05,
        8.068377064773813e-05,
        5.0221635319758207e-05,
        2.6137466193176806e-05,
        5.110780693939887e-05,
        2.7997823053738102e-05,
        3.0073080779402517e-05,
        4.853009886574e-05,
        8.209061343222857e-05,
        5.7585813920013607e-05,
        6.370746996253729e-05
      ],
      "PSL_classification_label": "S-menu.price",
      "PSL_lineitem_number": 1
    },
    {
      "bounding_box": [
        193,
        633,
        12,
        24,
        "1"
      ],
      "classification_label": "S-menu.cnt",
      "box_id": 3,
      "class_probability": 0.9982885718345642,
      "scores": [
        6.117302109487355e-05,
        0.9982885718345642,
        5.607420462183654e-05,
        6.384617881849408e-05,
        4.393568815430626e-05,
        5.64147558179684e-05,
        6.367136666085571e-05,
        2.0468307411647402e-05,
        0.0002865794813260436,
        4.798289592145011e-05,
        3.580953853088431e-05,
        4.983848339179531e-05,
        6.103468331275508e-05,
        3.805846790783107e-05,
        4.141811587032862e-05,
        3.519067831803113e-05,
        2.867627699743025e-05,
        3.165897214785218e-05,
        6.399436824722216e-05,
        5.3854651923757046e-05,
        6.449652573792264e-05,
        5.554054951062426e-05,
        5.035992944613099e-05,
        5.287287422106601e-05,
        5.574203169089742e-05,
        6.0132049839012325e-05,
        7.737170381005853e-05,
        2.8567967092385516e-05,
        4.972188617102802e-05,
        3.1917043088469654e-05,
        4.492983498494141e-05
      ],
      "PSL_classification_label": "S-menu.cnt",
      "PSL_lineitem_number": 2
    },
    {
      "bounding_box": [
        216,
        629,
        163,
        30,
        "REDBEAN BREAD"
      ],
      "classification_label": "S-menu.nm",
      "box_id": 4,
      "class_probability": 0.9960992336273193,
      "scores": [
        0.00013769377255812287,
        7.535913755418733e-05,
        5.230374517850578e-05,
        0.00019082697690464556,
        9.81371704256162e-05,
        0.9960992336273193,
        0.00019778705609496683,
        0.00010499613563297316,
        6.389203190337867e-05,
        0.0001223457365995273,
        0.0009517624857835472,
        6.267154822126031e-05,
        5.6760345614748076e-05,
        0.00010989877773681656,
        0.00014769159315619618,
        0.00010577554348856211,
        8.453936607111245e-05,
        0.00010885526717174798,
        7.698270928813145e-05,
        0.00010983717220369726,
        8.853205508785322e-05,
        0.0001372776023345068,
        7.740689034108073e-05,
        7.408135570585728e-05,
        8.218386210501194e-05,
        5.767129550804384e-05,
        6.685433618258685e-05,
        8.39916174300015e-05,
        0.00015607019304297864,
        0.0001327271747868508,
        8.564706513425335e-05
      ],
      "PSL_classification_label": "S-menu.nm",
      "PSL_lineitem_number": 2
    },
    {
      "bounding_box": [
        573,
        629,
        70,
        30,
        "9,000"
      ],
      "classification_label": "S-menu.price",
      "box_id": 5,
      "class_probability": 0.9974812865257263,